Kata,Frekuensi,Jumlah Subtoken
petugasnya,3476,2
membatu,2488,2
responnya,2451,2
fiturnya,2321,2
iconnet,1733,2
mantapp,1660,2
direspon,1309,2
swacam,1239,2
ganguan,1218,2
ulp,1147,2
tanggapi,960,2
pelayananya,866,2
listriknya,852,2
terimakasi,825,3
baguss,796,2
layanannya,772,2
terimah,750,2
sngat,738,2
mantul,734,2
aplikasih,704,2
memudah,685,2
pokonya,646,2
bangett,619,2
mantaap,601,3
pascabayar,575,2
terimaksih,555,3
pengaduannya,552,2
penyambungan,535,3
up3,532,2
pelangan,527,2
tokennya,508,2
mcb,502,2
permudah,493,2
spklu,490,3
adminnya,481,2
mobail,473,2
lgsg,467,2
notif,461,2
bgus,455,2
fitur2,442,2
plng,433,2
2x,433,2
refund,430,2
promonya,428,2
apknya,425,2
kekantor,421,2
sangan,415,2
kmi,403,2
mobel,402,2
otp,401,2
responya,398,2
trimakasi,396,3
gabisa,388,2
tiba2,387,2
slo,386,2
electrizen,380,2
kerenn,380,2
markotop,375,2
diaplikasi,369,2
pdhl,367,2
plg,357,2
dipermudah,351,2
nataru,351,2
tertangani,342,2
trimaksih,340,3
ngecek,337,2
cekatan,333,2
apliksi,333,2
trmksh,312,3
terbaikk,306,2
playanan,305,2
pelayannya,302,2
sanggat,301,2
sangt,300,2
mmbntu,298,3
smakin,297,2
komplen,296,2
sangat2,279,2
tamba,273,2
3x,273,2
lngsung,272,2
trouble,271,2
sllu,270,2
listri,270,2
benerin,267,2
mmbantu,265,3
sekalii,262,2
sangatt,260,2
telfon,257,2
gangguannya,253,2
suda,252,2
ngk,247,2
mempermudahkan,247,2
membntu,246,3
ngebantu,243,2
mantaapp,243,3
batalkan,242,2
planggan,241,3
histori,237,2
mengadukan,235,2
mantabb,234,2
bnget,234,2
menunya,233,2
dimudahkan,232,2
bngt,226,2
tercover,226,2
mudahkan,225,2
terimkasih,223,3
struk,222,2
gopay,222,2
nyaa,220,2
cikupa,218,2
mdh,217,2
yantek,217,2
penangannya,213,2
kepotong,212,3
pakek,212,2
ngadu,212,2
keandalan,209,3
penangananya,209,2
sagat,206,2
knpa,204,2
mantaf,204,2
nidi,203,2
mntap,203,3
kereen,202,2
lbih,201,2
repot2,201,2
gesit,200,2
kedepanya,200,2
gandos,200,2
linkaja,198,2
ksih,197,2
cepatt,197,2
perlistrikan,194,2
plnnya,194,2
recomended,192,2
transaksinya,191,2
tamiang,188,2
ovo,187,2
membantuu,186,2
benar2,186,2
lwt,185,2
skli,184,2
menbantu,181,3
masarakat,179,3
aplkasi,179,3
dlam,178,2
pokoke,177,2
teknisinya,175,2
teruss,174,2
perbaikannya,173,2
rekomended,171,2
pisan,171,2
mudah2an,170,3
uninstall,168,4
tanggapannya,167,2
solutif,167,2
gardu,167,2
smkin,167,2
gaada,165,2
rajapolah,165,3
bangat,165,2
apa2,163,2
berkali2,163,2
gada,162,2
pdhal,161,2
smg,160,2
mobilenya,160,2
tagihannya,160,2
smpe,159,2
dngn,158,2
cpat,158,2
dayanya,158,2
pelayana,157,2
lapangannya,157,2
trm,156,2
siip,156,2
tambahin,155,2
bintangnya,155,2
bayarnya,154,2
uid,153,2
costumer,153,2
ketidaknyamanannya,153,2
kren,152,2
nuhun,152,2
dngan,151,2
digitalisasi,151,2
garcep,149,3
listik,148,2
nggk,148,2
ramah2,147,2
sdah,146,2
pelyanan,145,3
persulit,145,2
semangkin,144,3
sipp,144,2
mambantu,142,3
mobille,141,2
sll,141,2
voltase,140,2
tmbh,140,2
pelanggang,140,2
plgn,140,2
pandemi,139,2
plnggan,139,3
perbarui,138,2
bisa2,137,2
keluhannya,136,2
smpai,136,2
terdampak,136,2
kluar,135,2
trimah,134,2
lansung,134,2
mebantu,134,2
banca,134,2
ptugas,133,3
aplikas,132,2
lain2,132,2
bener2,131,2
mempermuda,131,2
1x24,130,3
moble,130,2
urgent,129,2
promo2,129,2
okee,129,2
invoice,128,3
plm,128,2
lampunya,127,2
tlpn,126,2
plyanan,126,3
tindaklanjuti,126,2
dehh,124,2
luarbiasa,123,2
responsip,123,2
24jam,123,2
mslh,122,2
amplikasi,122,2
layananya,122,2
ditelpon,122,2
jayalah,121,2
fitur2nya,121,3
hatur,121,2
bantuanya,121,2
rekomen,120,2
info2,120,2
complain,119,2
trimkasih,119,3
pegawainya,119,2
poll,119,2
jooss,118,2
sampek,118,2
lsg,118,2
masang,117,2
meternya,117,2
dtng,116,2
pencet,116,2
terlayani,116,2
overall,116,2
uninstal,116,3
charging,115,2
gimna,115,2
bsi,115,2
lahh,114,2
ngurusin,114,2
shopee,114,2
qris,113,2
gajelas,113,2
poko,113,2
hrus,112,2
tamah,112,2
percepat,112,2
mksih,111,2
negerimu,111,2
listrikan,111,2
pdahal,110,2
direkomendasikan,110,2
sejam,109,2
pelnggan,108,3
masalh,108,2
meterannya,108,2
covid,107,2
maksih,107,2
joki,106,2
andalkan,106,2
sudh,106,2
kereenn,105,3
dengn,105,2
aplikasiny,105,2
dipersulit,105,2
mks,105,2
bapak2,104,2
skarang,104,2
mudahh,104,2
wallet,103,2
servernya,103,2
mbantu,103,3
bertele,103,2
restitusi,102,3
selfi,102,2
klistrikan,102,3
gara2,102,2
trimksh,102,3
terangi,102,2
tangap,101,2
mbanking,101,3
saldonya,101,2
tanganin,101,2
kendalanya,100,2
aflikasi,99,2
lamaa,99,2
memudakan,99,2
sawangan,99,2
nyah,99,2
memudahkn,99,3
lgsung,98,2
menginformasikan,98,3
smga,98,2
memuas,97,2
penggunaanya,97,2
loadingnya,97,2
gercep,96,3
vocer,96,2
apkikasi,96,2
aplikasix,96,2
respont,96,2
sangant,95,2
tdak,95,2
shopeepay,95,3
masuk2,95,2
baikk,95,2
pitur,94,2
dpat,94,2
tele,94,2
mantaps,94,2
bana,94,2
bobrok,94,2
chatnya,94,2
efesien,94,2
stelah,94,2
terverifikasi,94,2
internetnya,93,2
konslet,93,2
kebuka,93,2
mager,92,2
lacak,92,2
topp,92,2
terbayar,92,2
erorr,92,2
matap,91,2
pinjol,90,2
rebahan,90,2
900va,90,2
berbelit,89,2
bgs,89,2
mantabs,89,2
jaringannya,89,2
4x,89,2
muter2,88,2
kirain,88,2
penormalan,88,3
tenan,88,2
goodjob,88,2
mkasih,88,2
briva,88,2
becus,88,2
tlong,87,2
jauh2,87,2
konter,87,2
appnya,86,2
ngabisin,86,2
lagii,86,2
plggn,86,3
padamnya,86,2
sangaat,85,2
sihh,85,2
diinfokan,85,3
penguna,85,2
stiap,85,2
byar,85,2
aksesnya,84,2
cmn,83,2
aplilasi,83,2
tolonglah,83,2
nyusahin,82,3
naikin,82,2
taglis,82,2
daftarnya,82,2
operasikan,82,2
hadeh,82,2
bangus,82,2
nmr,81,2
servicenya,81,2
rancak,81,2
skrang,81,2
benahi,80,2
mencek,80,2
gagguan,80,3
matiin,80,2
tlpon,80,2
1jam,80,2
stroom,80,2
notifikasinya,79,2
bilangnya,79,2
inii,79,2
lgs,79,2
pelanyanan,79,3
adaya,79,2
ngelag,78,2
mibile,78,3
mlh,78,2
mantaplah,78,2
pngaduan,77,2
csnya,77,2
5x,77,2
joos,77,2
masyrakat,77,3
mkin,77,2
mobike,76,2
tmbah,76,2
kelokasi,76,2
bestt,75,2
donlod,75,3
banyakin,75,2
ktr,75,2
balikin,75,2
sanga,74,2
splu,74,2
pangkalpinang,74,2
msalah,74,2
100rb,74,2
bagusan,74,2
konfirmasinya,74,2
apliaksi,74,3
r2,73,2
pemasangannya,73,2
satpamnya,73,2
ubur,73,2
berlistrik,72,2
ndk,72,2
pulihkan,72,2
excellent,72,2
vitur,72,2
amiin,72,2
trobel,72,2
malam2,72,2
batre,72,2
aplikadi,71,2
kerjasamanya,71,2
tanggapin,71,2
pelistrikan,71,2
adukan,71,2
woy,71,2
fastrespon,71,3
perbaharui,70,4
sangar,70,2
lebi,70,2
msih,70,2
ruwet,70,2
sii,70,2
benderang,70,2
pegaduan,70,2
puass,70,2
biasaa,70,2
pancen,70,2
apikasi,69,2
kct,69,2
pending,69,2
jozz,69,2
dihati,69,2
terangkanlah,69,2
terbantukan,69,2
bayak,68,2
okey,68,2
ngecas,68,2
aplikaai,68,3
verivikasi,68,3
dowload,67,2
fiture,67,2
mantaab,67,3
pulsanya,67,2
drmh,67,2
stlh,67,2
gausah,66,2
samgat,66,3
masyaallah,66,2
topup,65,2
pelayananx,65,2
bermamfaat,65,3
sekrang,65,2
mantaff,65,2
sprti,65,2
cept,65,2
plaga,65,2
aplksi,65,3
penukaran,64,3
updatenya,64,2
tambh,64,2
hadehh,64,2
jugaa,63,2
emng,63,2
bntu,63,2
diperbanyak,63,2
raijua,63,3
kelistrikkan,63,3
pemakain,63,2
gandoss,63,2
dahh,62,2
ciracas,62,3
enim,62,2
bagas,62,2
idup,62,2
mengintai,61,3
zonk,61,2
terpantau,61,2
gass,61,2
lwat,61,2
worth,61,2
martapura,61,2
ditanganin,61,2
taik,61,2
ngebug,60,2
thankyou,60,2
drumah,60,2
kira2,60,2
gannguan,60,3
sblm,60,2
nyalah,60,2
pelayananan,60,2
sengat,60,2
sgala,59,2
moblie,59,2
terbaiklah,59,2
bosku,59,2
donwload,59,3
voucer,59,3
yh,59,2
penggaduan,59,2
ayoo,59,2
dibenerin,58,3
notifnya,58,3
molis,58,2
woww,58,2
hbs,58,2
truss,58,2
helpful,58,2
referal,58,2
seputaran,58,2
sanget,58,2
pencatat,58,2
diskonnya,58,2
nxa,58,3
terkhusus,57,2
verifikasinya,57,2
semkin,57,2
dtang,57,2
daptar,57,2
kodenya,57,2
ngetik,57,2
bgtu,57,2
mepermudah,57,3
bermohon,57,2
lustrik,57,2
layan,57,2
iconnect,57,3
sanagat,56,3
bisaa,56,2
diinput,56,2
kemudahannya,56,2
mobie,56,2
respect,56,2
plsa,56,2
pengaduhan,56,3
lngsng,56,3
gngguan,56,3
strom,55,2
aplikasii,55,2
parahh,55,2
ux,55,2
perbaikin,55,2
logout,55,2
indihome,55,3
50rb,55,2
dikasi,55,2
tida,55,2
taunya,55,2
swa,55,2
sahar,54,2
kapok,54,2
trbaik,54,2
skg,54,2
woi,54,2
tindaklanjut,54,2
gaperlu,54,3
prasodjo,54,3
nyesal,54,3
adax,54,2
mebeli,54,2
3jam,54,2
inovasinya,54,2
sangatmembantu,53,3
hubungin,53,2
bukanya,53,2
bojonggede,53,3
liatrik,53,2
ngirim,53,2
utuk,53,2
mobiel,52,3
trimksih,52,3
tunggakan,52,2
langsng,52,2
arun,52,2
pengduan,52,3
pbpd,52,2
baik2,52,2
pangaduan,52,2
pln123,51,2
imei,51,2
sekli,51,2
mnit,51,2
200rb,51,2
jayah,51,2
pkoknya,51,2
ketenagalistrikan,51,4
mlah,51,2
applikasinya,51,2
jayaa,51,2
adminya,51,2
tokenya,51,2
palayanan,51,3
pembayar,51,2
lanjutin,50,2
apalikasi,50,2
berjam2,50,2
mobill,50,2
gaes,50,2
kendor,50,2
bgi,50,2
responsnya,50,2
orang2,50,2
marketplacenya,50,2
gatau,50,2
4g,49,2
kntor,49,2
gengaman,49,2
hnya,49,2
listtik,49,2
terblokir,49,2
dikantor,49,3
responsive,49,2
tebaik,49,3
recep,49,2
sblmnya,49,2
nyuruh,49,2
tnpa,49,2
bner,49,2
playanannya,48,3
suwun,48,2
ganggun,48,2
kelistrikannya,48,2
bergilir,48,2
litrik,48,2
mantp,48,2
thebest,48,3
alpikasi,48,2
syaa,48,2
bermanpaat,48,3
ujan,48,2
pungut,48,2
konsleting,48,2
perkuat,48,2
helpfull,48,2
r1,48,2
bnr,48,2
baget,48,2
gaguan,47,2
masala,47,2
1x,47,2
trmks,47,3
khobar,47,2
psang,47,2
ckup,47,2
langsa,47,2
merekomendasikan,47,2
tdi,47,2
melalukan,47,2
ruma,47,2
nyangka,47,3
terimaksi,46,3
kesigapan,46,3
ditanggapin,46,2
ngaco,46,2
coverage,46,2
20rb,46,2
alhamdulillaah,46,3
samanya,46,2
jls,46,2
sanagt,46,3
bayarkan,46,2
prihal,46,2
mageran,46,2
bkin,46,2
kasihh,46,2
listrikk,46,2
priksa,45,3
pemasang,45,2
hpi,45,2
ngantri,45,2
apliksinya,45,2
nungguin,45,2
mobole,45,2
bermanfa,45,2
terpecaya,45,2
pelaporannya,45,2
atw,45,2
alhamdullilah,45,3
pkai,45,2
repon,45,2
tracing,45,2
mslah,45,2
loding,45,2
apli,45,2
penaganan,45,3
bangeet,45,2
buang2,45,2
interkoneksi,44,3
cuan,44,2
pekerjanya,44,2
tlfn,44,3
pengoperasiannya,44,2
haleyora,44,3
rata2,44,2
bales,44,2
lohh,44,2
donload,44,2
dftr,44,2
pelayann,44,2
gunain,44,2
cpet,44,2
ngelapor,44,2
pokoknyaa,44,2
siipp,43,3
ribett,43,2
dirmh,43,2
joob,43,2
gangguang,43,2
komplin,43,2
tau2,43,2
30menit,43,2
pembyaran,43,2
ditelfon,43,2
ntah,43,2
terimahkasih,43,3
mntp,43,2
beress,43,2
mobilr,43,2
ujung2nya,43,3
gaptek,42,2
pelayaan,42,2
adain,42,2
pakainya,42,2
penanganya,42,2
muncul2,42,2
aplikasnya,42,2
gelegar,42,2
keluahan,42,3
downlod,42,3
k3,42,2
naikan,42,2
semuax,42,2
tetang,42,2
ratingnya,42,2
muantap,42,2
kebantu,42,3
nuwun,42,2
formalitas,42,2
mksi,42,2
p2tl,42,3
mangkin,42,2
penganduan,42,3
mantaabb,42,3
kash,41,2
trmksih,41,3
dsn,41,2
2hari,41,2
centernya,41,2
lisrik,41,2
plosok,41,2
mrmbantu,41,3
trimaksi,41,3
nnti,41,2
babelan,41,2
pengecasan,41,2
bisah,41,2
geratis,41,2
monile,41,2
ssngat,41,3
manta,41,2
hri,41,2
recomend,41,2
mhon,41,2
allhamdulillah,41,2
abangku,40,2
bulan2,40,2
mudan,40,2
trimaksh,40,3
undiannya,40,2
sering2,40,2
operatornya,40,2
tksh,40,2
catet,40,2
kelapangan,40,2
terimakasihh,40,2
ngulang,40,2
bermafaat,40,3
pembayaranya,40,2
okeh,40,2
sumbagut,40,3
gubris,40,2
losstrom,39,3
electricity,39,2
singkron,39,2
b1,39,2
dgunakan,39,3
beliti,39,2
bbrpa,39,2
toke,39,2
plnku,39,2
lama2,39,2
mantau,39,2
sutt,39,2
reapon,39,3
capat,39,2
dmn,39,2
kwhnya,39,2
maximal,39,2
pelayananny,39,2
terimasih,39,2
akunnya,39,2
pltg,39,2
pelangganya,39,2
bangking,39,2
updet,39,2
haduh,39,2
infomasi,38,2
apd,38,2
rumh,38,2
pertahan,38,2
tuker,38,2
pascabencana,38,3
asu,38,2
bangeett,38,3
teman2,38,2
ttep,38,2
adany,38,2
ribet2,38,2
hbis,38,2
brandan,38,2
ngh,38,2
keseringan,38,2
dimasukin,38,2
msuk,38,2
bpk2,38,2
diupgrade,38,2
alhmdulillah,38,5
timika,38,2
sayaa,38,2
mantapss,38,2
nyalanya,37,2
ptgs,37,2
shg,37,2
iml,37,2
russia,37,2
trutama,37,2
upgred,37,3
r1m,37,3
nyala2,37,2
ganggua,37,2
sabgat,37,3
mempersingkat,37,2
smuanya,37,2
emailnya,37,2
plikasi,37,2
haturnuhun,37,4
snagat,37,2
urc,37,2
done,37,2
respone,37,2
kmren,37,2
mengaksesnya,37,2
nyangkut,37,4
gulita,36,2
informasi2,36,2
betulin,36,2
stuck,36,2
makasihh,36,2
nyalain,36,2
proliga,36,3
bereh,36,2
sdg,36,2
bermanfat,36,2
akhir2,36,2
dya,36,2
lapornya,36,2
10x,36,2
bulanya,36,2
appsnya,36,2
500rb,36,2
propesional,36,3
indomart,36,2
useful,36,2
hadeuh,36,3
pelayananannya,36,2
allhamdulilah,36,3
mna,36,2
bulungan,36,2
batalin,35,2
biyaya,35,3
pelangga,35,2
manteb,35,2
cma,35,2
terikasih,35,2
cust,35,2
karebosi,35,3
sehat2,35,2
diklik,35,2
v003,35,3
ditelp,35,2
viar,35,2
betul2,35,2
kerjain,35,2
permudahkan,35,2
progresnya,35,2
prlu,35,2
pokoe,35,2
slesai,35,2
fiktur,35,2
tanks,35,2
kabelnya,35,2
kolaka,35,2
didesa,35,2
tlng,35,2
ario,35,2
lapur,34,2
apliksai,34,2
sekarng,34,2
laah,34,2
ramahh,34,2
sayangkan,34,2
alesan,34,2
thd,34,2
sae,34,2
mengantri,34,2
naikkan,34,2
buraydah,34,3
jeddah,34,2
ngetop,34,2
payahh,34,2
lola,34,2
alhmdllh,34,4
plts,34,2
bergunaa,34,2
icconet,34,3
alhmdulilah,34,4
pengunaan,34,3
2jam,34,2
nelfon,34,2
kebakar,34,2
dann,34,2
ewallet,34,3
hofuf,34,3
pembayarn,34,3
dammam,34,3
kalok,34,2
pengaduanya,34,2
midah,34,2
dimeteran,34,3
dalan,34,2
sgat,33,2
tual,33,2
trmksi,33,3
penganan,33,2
bgini,33,2
semogah,33,2
apdet,33,3
gercap,33,2
dangat,33,2
masyarkat,33,2
pembeliannya,33,2
tamper,33,2
mubai,33,2
termonitor,33,2
ikutin,33,2
rmah,33,2
wkt,33,2
tanggapnya,33,2
nihh,33,2
dikerjain,33,2
tawwa,33,2
perluas,33,2
dolok,33,2
ajaa,33,2
maturnuwun,33,3
penangganan,33,2
hati2,33,2
jngn,33,3
travo,33,2
kelistikan,33,3
lemoot,33,3
mentang,33,2
50k,33,2
trx,32,2
segini,32,2
pelayanya,32,2
peroses,32,2
ceoat,32,2
multiguna,32,2
aplikasine,32,2
pemadamannya,32,2
pulogadung,32,3
bangt,32,2
nunggak,32,3
vocher,32,2
layana,32,2
hebatt,32,2
berhari2,32,2
claim,32,2
masyarakt,32,2
digenggaman,32,3
aps,32,2
trnyata,32,2
termakasih,32,3
penerang,32,2
tinjau,32,2
alikasi,32,3
unistal,32,2
woyy,32,2
aminn,32,2
keluhan2,32,2
rugikan,32,2
oye,32,2
adnya,32,2
ajh,31,2
terma,31,2
pascabanjir,31,4
msk,31,2
ngeluh,31,2
s2jb,31,3
terkonfirmasi,31,2
cater,31,2
anehh,31,2
fahami,31,2
aplication,31,2
wktu,31,2
tidk,31,2
oln,31,2
custumer,31,3
seenak,31,2
korsleting,31,4
commerce,31,3
kyak,31,2
gamau,31,2
dsini,31,2
plis,31,2
kluhan,31,2
sama2,31,2
woii,31,2
ktika,30,2
errornya,30,2
gratiss,30,2
improve,30,2
imformasi,30,2
tranfer,30,2
melporkan,30,3
rekom,30,2
enakan,30,2
sekrng,30,3
intuitif,30,2
bravoo,30,3
listrikku,30,2
ajuin,30,2
rivai,30,2
ckp,30,2
lindungan,30,2
pelanggn,30,2
banyakk,30,2
sukaa,30,2
swafoto,30,3
subsidinya,30,2
sayah,30,2
tersampaikan,30,2
trivia,30,2
kehandalan,30,2
sehari2,30,2
memudahakan,30,3
dangan,30,2
buanget,30,2
menanganinya,29,2
anjir,29,2
korslet,29,3
kadaluwarsa,29,2
bugnya,29,2
ktnya,29,2
nanganin,29,3
poinnya,29,2
dilacak,29,2
nomornya,29,2
ngangguan,29,2
stroomnet,29,3
membabtu,29,3
nian,29,2
gratisnya,29,2
selsai,29,2
jobb,29,2
coy,29,2
nganguan,29,3
nyh,29,2
hal2,29,2
semangatt,29,2
jelas2,29,2
boro,29,2
developernya,29,2
mmpermudah,29,3
cangih,29,3
ibu2,29,2
mintak,29,2
diriwayat,29,2
dapt,29,2
ntuk,29,2
sangst,28,2
masing2,28,2
kmaren,28,2
perbulannya,28,2
mudah2,28,2
napa,28,2
jwb,28,2
datang2,28,2
habisin,28,2
piye,28,2
rekomendet,28,2
seharus,28,2
dibulan,28,2
3hari,28,2
450va,28,2
peraktis,28,2
lancar2,28,2
respek,28,2
smacamnya,28,3
tekhnisi,28,3
ditambahin,28,2
ngotak,28,2
aduannya,28,2
tertolong,28,2
tgihan,28,2
duper,28,2
standby,28,2
5rb,28,2
panakkukang,28,4
abal2,27,2
aetra,27,2
aplikai,27,2
tingal,27,2
apllikasi,27,2
iconnetnya,27,3
mantepp,27,2
sanggul,27,2
yambung,27,2
trimks,27,2
lemott,27,2
masyarat,27,2
dsni,27,2
sempurnakan,27,2
dimna,27,2
thks,27,2
tmpt,27,2
lapuran,27,2
goblok,27,2
majuu,27,2
bbrapa,27,3
atik,27,2
menginformasi,27,2
bukak,27,2
petugas2,27,2
stengah,27,3
diroot,27,3
emergency,27,2
lemotnya,27,2
instalatir,27,3
nipu,27,2
troble,27,2
okelah,27,2
semngat,27,3
ikn,27,2
mentong,27,2
turunin,27,2
siau,27,2
1bulan,27,2
berulang2,27,2
bngett,27,2
hny,27,2
ragukan,27,2
nyo,27,2
jelass,27,2
kepake,27,2
masalahku,27,2
luarr,27,2
ampar,26,2
trmkasih,26,3
waah,26,2
apalgi,26,3
kordinasi,26,3
ketidaknyamannya,26,3
lsp,26,2
bls,26,2
apilkasi,26,4
kaki2,26,2
reminder,26,3
gapake,26,2
pokona,26,2
100k,26,2
pemberitahuannya,26,2
petugase,26,2
memabantu,26,3
sekalinya,26,2
daftarin,26,2
gmpang,26,2
bguss,26,2
petunjuknya,26,2
pengadun,26,3
stater,26,2
nelp,26,2
debet,26,2
layanin,26,2
ujung2,26,2
pmbayaran,26,3
yanbu,26,2
paylater,26,3
capek2,26,2
riwayatnya,26,2
jawabanya,26,2
reting,26,2
perna,26,2
nembantu,26,3
susah2,26,2
maksimalkan,26,2
jngan,26,2
awal2,25,2
indonesiaku,25,2
semuah,25,2
puwas,25,2
1300va,25,2
pengadua,25,3
impormasi,25,3
aplk,25,2
dmna,25,2
sangad,25,2
aplkasinya,25,3
piket,25,2
pokokx,25,2
verif,25,2
mgkn,25,2
kitaa,25,2
sbgai,25,2
kotamobagu,25,4
wifinya,25,2
laporin,25,2
sekring,25,2
disni,25,2
tmpat,25,2
lporan,25,2
corona,25,2
kususnya,25,2
brpa,25,2
tanggani,25,2
afa,25,2
betull,25,2
indonet,25,2
nunggunya,25,2
setatus,25,2
bireuen,25,3
broo,25,2
medina,25,2
bego,25,2
direspons,25,2
difahami,25,2
trasaksi,25,3
prnh,25,2
pokonamah,25,3
antarmukanya,25,2
teransaksi,25,3
menbatu,25,2
aplikasu,25,3
chek,25,2
menu2,24,2
suru,24,2
peremajaan,24,3
pengaduaan,24,3
penjelasanya,24,2
kepelanggan,24,3
alkhamdulillah,24,4
pembayran,24,3
upl,24,2
pnl,24,2
mengakomodir,24,2
trma,24,2
semuaa,24,2
listirk,24,3
tagian,24,2
makai,24,2
meroket,24,2
chace,24,2
tarifnya,24,2
krg,24,2
ngapa,24,2
memuasakan,24,3
brimo,24,2
bonusnya,24,2
memonitoring,24,2
solved,24,2
gegara,24,2
krena,24,2
dipermudahkan,24,2
bpak,24,2
perugas,24,2
sendri,24,2
iconcash,24,2
tagih,24,2
setrum,24,2
paskabayar,24,2
juoss,24,2
sunggu,24,2
trobosan,24,3
bget,24,2
dongg,24,2
semogaa,24,2
bagu,24,2
lunasi,24,2
ojol,24,2
tomi,24,2
unk,24,2
pkok,24,2
berintegritas,24,4
gaess,24,2
nanggung,24,2
pelayannanya,24,3
debes,24,2
kmbali,24,2
bermampaat,24,3
masayarakat,24,2
tehnisi,24,3
kotos,23,2
1jt,23,2
superapp,23,2
saranin,23,2
tdl,23,2
spbklu,23,3
terimaksh,23,3
pelayanana,23,2
kelanjutannya,23,2
waww,23,2
mojosari,23,2
connet,23,2
gbs,23,2
pling,23,2
mantapz,23,2
mwmbantu,23,3
tulisanya,23,2
sosmed,23,2
aolikasi,23,2
dimenu,23,3
ditanggepin,23,3
olsam,23,2
voltage,23,2
darmo,23,2
mamang,23,2
cepar,23,2
gbu,23,2
mutar,23,2
bulak,23,2
mdah,23,2
terbaek,23,2
hadeeh,23,3
prnah,23,2
lmpu,23,2
ktanya,23,2
cuy,23,2
menginfokan,23,2
mnjadi,23,2
memabntu,23,4
kmrin,23,2
dadakan,23,2
komplenan,23,2
optimalkan,23,2
cikokol,23,2
polytron,23,2
kntr,23,2
menginput,23,2
dikomplain,23,3
jagan,23,2
pengajuannya,23,2
aplokasi,23,2
suport,23,2
abiss,23,2
frendly,23,3
makasii,23,2
cepaat,23,2
apklikasi,23,2
kumplit,23,2
terimksih,23,3
plb,23,2
kenpa,23,2
diaplikasinya,23,2
mandir,23,2
ngajukan,23,2
mampang,23,2
bingit,23,2
kalao,23,2
closed,23,2
memudahka,22,3
taii,22,2
apain,22,2
diera,22,2
pkek,22,2
murahh,22,2
adannya,22,2
kedip,22,2
diadukan,22,2
ostrom,22,2
memmbantu,22,3
banya,22,2
memantu,22,2
bertele2,22,3
molor,22,2
mencet,22,2
pembyran,22,3
adaa,22,2
listeik,22,3
cicurug,22,2
padamkan,22,2
spaning,22,2
krian,22,2
manyala,22,2
v005,22,3
terbayarkan,22,3
fasilitasnya,22,2
mgkin,22,2
batrai,22,2
ulan,22,2
bapuk,22,2
nlp,22,2
joz,22,2
makasiih,22,2
ncb,22,2
ttng,22,2
gerimis,22,2
regis,22,2
terimakash,22,3
nye,22,2
trif,22,2
bangke,22,2
listriqu,22,3
ngontrak,22,2
penangana,22,2
progressnya,22,2
ebt,22,2
keluhkan,22,2
piturnya,22,2
binggung,22,2
downgrade,22,2
aplikasin,22,2
kenyataanya,22,2
duitnya,22,2
realisasinya,22,2
2bulan,22,2
dipadamkan,22,2
baguuss,22,3
susa,22,2
loginnya,22,2
resfon,22,2
memebantu,22,3
humanis,22,2
manggil,22,2
pencet2,22,3
bgd,21,2
terbaiik,21,3
blg,21,2
memvantu,21,3
crpat,21,2
suksess,21,2
ichsan,21,2
barakallah,21,2
sndri,21,2
boong,21,2
pasng,21,2
ngawur,21,2
apliasi,21,2
pmbyaran,21,3
petugaa,21,3
buwat,21,2
menyiagakan,21,2
jelasin,21,2
ngaduin,21,3
sx,21,2
baguus,21,3
beast,21,2
minusnya,21,2
bahlil,21,3
kga,21,2
intalasi,21,3
pedan,21,2
sttus,21,2
oprator,21,3
balasannya,21,2
dobel,21,2
balesan,21,2
banyk,21,2
improvement,21,2
pelagan,21,2
v5,21,2
mumudahkan,21,2
menyinari,21,3
pelaggan,21,3
rote,21,2
datengin,21,2
sepatan,21,2
tangapi,21,2
mobila,21,2
soe,21,2
dpn,21,2
mbile,21,2
backbone,21,3
brguna,21,2
3x24,21,3
kesetrum,21,2
anjay,21,2
menganti,21,2
dipencet,21,2
pembohongan,21,2
kesediaannya,21,2
thnks,21,2
panam,21,2
pembayan,21,2
plannya,21,2
membnatu,21,3
sia2,21,2
digunain,21,2
pacet,21,2
materai,21,2
kelen,21,2
toop,21,2
aktifasi,21,2
datengnya,21,2
viturnya,21,2
petuga,21,2
10menit,21,2
dimalam,21,2
prabumulih,21,3
menanggani,21,2
maa,21,2
eeh,21,2
lapir,20,2
gaje,20,2
malem2,20,2
gguan,20,2
450v,20,2
invalid,20,3
kadang2,20,2
gda,20,2
pelayannan,20,2
dsuruh,20,2
5jam,20,2
pelanngan,20,2
neko,20,2
lhoo,20,2
responsible,20,2
terimakaih,20,3
basung,20,2
burik,20,2
ngeluarin,20,2
pengeluhan,20,2
menyinkronkan,20,4
apilikasi,20,2
rumbai,20,3
cuss,20,2
cimanggis,20,2
mudah2n,20,3
berterimakasi,20,3
ngatasi,20,2
ush,20,2
selaluu,20,2
nontaglis,20,3
ngeselin,20,2
mbayar,20,2
belian,20,2
kmn,20,2
haloo,20,2
lagsung,20,2
kerjaannya,20,2
mengedukasi,20,2
servisnya,20,2
easier,20,3
setulus,20,2
segalah,20,2
seprti,20,3
mentang2,20,3
pokonyaa,20,3
pembohong,20,2
lope,20,2
mlkkn,20,3
5menit,20,2
tambahi,20,2
siagakan,20,2
berbelit2,20,3
dikampung,20,3
tangapan,20,2
usefull,20,2
pelanyan,20,2
filtur,20,2
kalii,20,2
siap2,20,2
gelapan,19,2
bosok,19,2
marah2,19,2
hadeehh,19,3
mkasi,19,2
ditanggal,19,2
minn,19,2
kurangin,19,2
memepermudah,19,3
ngerusak,19,2
interfacenya,19,2
kelistrika,19,3
trnyta,19,3
teimakasih,19,2
maslaah,19,3
10rb,19,2
covid19,19,3
samakin,19,2
tarip,19,2
bertransformasi,19,2
alaikum,19,2
arahannya,19,2
mnggunakan,19,2
tohir,19,2
yt,19,2
approve,19,2
dimaksimalkan,19,3
sanngat,19,3
memudhkan,19,3
pliss,19,2
gacorr,19,2
negeriku,19,2
uiw,19,2
dwonload,19,3
lawak,19,2
aduhh,19,2
prlayanan,19,2
pokokny,19,2
digitalnya,19,2
slsai,19,2
ganngguan,19,4
tetimakasih,19,2
selasai,19,2
unggah,19,2
sekrg,19,3
urgen,19,2
stgh,19,2
livin,19,2
listriik,19,3
plnmobil,19,2
gapernah,19,3
dibatalin,19,3
jubail,19,3
making,19,2
program2,19,2
ancur,19,2
hariyono,19,2
nagih,19,2
nominalnya,19,2
pakenya,19,2
pelayannannya,19,3
cepett,19,2
alatnya,19,2
stlah,19,2
listril,19,2
kmarin,19,2
expired,19,2
sepeserpun,19,3
refferal,19,3
trnsaksi,19,3
gnti,19,2
thanx,19,2
josis,19,2
struknya,19,2
ayok,19,2
masrakat,19,3
penindakan,19,2
sekeren,19,2
900v,19,2
bugs,18,2
tingkatin,18,2
semalem,18,2
ratting,18,2
listerik,18,3
ggn,18,2
memudahan,18,2
matursuwun,18,3
mlakukan,18,2
diapa,18,2
gamgguan,18,3
ditanggani,18,2
sndiri,18,2
memfoto,18,2
kndala,18,3
dimonitor,18,2
onlen,18,2
teruntuk,18,2
gajian,18,2
konfirm,18,2
fto,18,2
bgitu,18,2
berpa,18,2
membagongkan,18,4
cek2,18,2
terjadwal,18,2
systemnya,18,2
membtu,18,2
gbisa,18,2
menormalkan,18,3
responx,18,2
untul,18,2
maksa,18,2
kusus,18,2
cape2,18,2
servise,18,2
sukarami,18,2
didenda,18,2
tingkatkn,18,2
komplainan,18,2
oknum2,18,2
mngkin,18,2
psb,18,2
gais,18,2
lrt,18,2
aplikasimu,18,2
restorasi,18,2
lstrik,18,2
ngerespon,18,3
muantaap,18,3
saangat,18,2
damkar,18,2
takbiran,18,2
realme,18,2
inpo,18,2
cba,18,2
mmng,18,2
pembayara,18,3
ataw,18,2
plnn,18,2
siangnya,18,2
melistriki,18,3
nerima,18,2
mosok,18,2
alihkan,18,2
apliaksinya,18,3
gitet,18,3
kepda,18,2
kelistrik,18,3
jelekk,18,2
terinstal,18,2
juooss,18,3
jis,18,2
kebih,18,2
tetima,18,2
dibales,18,2
humble,18,2
memng,18,2
praktiss,18,2
aplikasiya,18,2
300rb,18,2
pengaplikasiannya,18,2
cari2,18,2
semuga,18,2
reject,18,2
kgk,18,2
dengam,18,2
pkonya,18,2
shoppe,18,2
merakyat,18,2
mati2,18,2
pasangnya,18,2
20k,18,2
baguslah,18,2
ribetnya,17,2
iims,17,2
mmberikan,17,2
yaah,17,2
selatpanjang,17,2
yukk,17,2
15menit,17,2
sekalai,17,2
menyambungkan,17,2
lma,17,2
boro2,17,3
diperjelas,17,2
progam,17,2
lenteng,17,2
hmpir,17,2
opo,17,2
pengaplikasian,17,2
deeh,17,2
kesigapannya,17,3
sindur,17,2
gimn,17,2
perbaikanya,17,2
dateng2,17,2
ampere,17,2
mengayomi,17,2
pebayaran,17,3
bast,17,2
membamtu,17,3
gilang,17,2
digubris,17,3
alplikasi,17,2
mandirinya,17,2
penbelian,17,3
smangat,17,3
samperin,17,2
laporanya,17,2
reaksinya,17,2
bida,17,2
banknya,17,2
itu2,17,2
semakain,17,2
ditlp,17,2
goodd,17,2
cepa,17,2
aksih,17,2
biet,17,2
inpormasi,17,4
bsk,17,2
kordinat,17,3
majunya,17,2
disemua,17,2
luv,17,2
membanti,17,2
6x,17,2
bner2,17,3
setujui,17,2
tkdn,17,2
kawatir,17,2
manjat,17,2
padadi,17,2
ketauan,17,2
kameranya,17,2
ajg,17,2
paraahh,17,2
lapiran,17,2
diinstall,17,2
1minggu,17,2
salute,17,2
kreen,17,2
apikasinya,17,2
klok,17,2
jng,17,2
mobi,17,2
1hari,17,2
tempatku,17,2
lbk,17,2
aktifin,17,2
panduannya,17,2
plgnya,17,3
nmor,17,2
mondar,17,2
petugaspun,17,2
kata2,17,2
onlinenya,17,2
responn,17,2
jeglek,17,3
5k,17,2
administrasinya,17,2
respin,17,2
responny,17,2
callcenter,17,3
1x24jam,17,4
10k,17,2
respo,17,2
grounding,17,2
percaloan,17,3
klik2,17,2
layananan,17,2
tingktkn,17,3
terdebet,17,2
bpa,17,2
apdate,17,2
tanggepin,17,3
ribed,17,2
bertegangan,17,2
gelap2an,17,3
membantuh,17,2
prosedurnya,17,2
otpnya,17,3
iklas,17,2
tungguin,17,2
alat2,16,2
really,16,2
phase,16,2
pembodohan,16,2
buffering,16,2
lgsng,16,3
memuaskn,16,3
2x24,16,3
900watt,16,3
flexibel,16,2
nyampai,16,3
arduino,16,3
pelanan,16,2
samapai,16,3
kq,16,2
evektif,16,2
splikasi,16,2
mahal2,16,2
ahirnya,16,2
dilayar,16,2
ngaruh,16,2
benahin,16,3
pemblian,16,2
bgni,16,2
tbtb,16,2
dirumh,16,3
wih,16,2
setalah,16,2
ditelepon,16,2
syg,16,2
nutup,16,2
loo,16,2
dayana,16,2
penyalaan,16,2
banar,16,2
woow,16,2
gangguanya,16,2
dwngan,16,2
balasnya,16,2
alhamdullah,16,2
fiturya,16,2
pelayanananya,16,2
useless,16,2
kemana2,16,2
kyknya,16,2
anak2,16,2
kistrik,16,2
acount,16,2
matii,16,2
downloadnya,16,2
dftar,16,2
somoga,16,2
5g,16,2
dtangani,16,2
jonggol,16,2
ketenaga,16,2
voip,16,2
bertanggungjawab,16,2
bosque,16,2
penginputan,16,3
bulanannya,16,2
tapii,16,2
daerahku,16,2
appstore,16,2
arahin,16,2
ngedrop,16,2
ruteng,16,2
irt,16,2
estimasinya,16,2
lamgsung,16,3
informasih,16,2
pendaftarannya,16,2
kermh,16,2
aplukasi,16,2
eehh,16,2
verify,16,3
selesai2,16,2
diperbaikin,16,2
tranparan,16,3
tnya,16,2
ngapa2in,16,4
supsidi,16,3
nyampek,16,2
pelacakan,16,2
bossku,16,2
nudah,16,2
lagih,16,2
selalau,16,3
segara,16,2
dpet,16,2
datangin,16,2
kasik,16,2
bntang,16,2
ditanggap,16,2
pneumatik,16,2
erick,16,2
semau,16,2
bandengan,16,2
nomernya,16,2
bagaimna,16,3
ngadain,16,3
gilaa,16,2
lasung,16,2
hpku,16,2
trimkasi,16,3
afk,16,2
ngumpulin,16,2
emangnya,16,2
gokill,16,2
yabg,16,3
pecat,16,2
ksi,16,2
bpbl,15,2
mempernudah,15,3
beji,15,2
uptodate,15,3
sorenya,15,2
krmh,15,2
vehicle,15,3
cibitung,15,2
provinsinya,15,2
lebik,15,2
melaporan,15,2
data2,15,2
semenit,15,2
kenten,15,2
subardi,15,2
depanya,15,2
mpbile,15,3
ttap,15,2
kenerja,15,3
trmakasih,15,2
m0bile,15,4
jam2,15,2
kemasyarakat,15,2
penggunannya,15,2
elektrizen,15,2
kelitrikan,15,3
listrikmu,15,2
apus,15,2
stafnya,15,2
astrea,15,2
kendala2,15,2
kpda,15,2
mlaporkan,15,2
succes,15,2
trjadi,15,2
syekali,15,2
ditungguin,15,2
gni,15,2
reka,15,2
v004,15,3
kebaca,15,2
pelporan,15,3
shareloc,15,2
failed,15,2
2kali,15,2
dion,15,2
tiangnya,15,2
diapresiasi,15,2
pltd,15,2
aplikanya,15,2
pantes,15,2
prubahan,15,2
rewardnya,15,2
pooll,15,2
pelyanannya,15,3
slowrespon,15,3
pelayananmu,15,2
coba2,15,2
bermaanfaat,15,3
mudaah,15,2
palanggan,15,2
attitude,15,3
tekniknya,15,2
permaslahan,15,2
naeni,15,2
gebyar,15,2
busy,15,2
pelanannya,15,2
sellu,15,2
ngutang,15,2
sukse,15,2
kelupaan,15,3
ditukarkan,15,2
hidraulik,15,3
flexible,15,2
infor,15,2
kelar2,15,2
kadih,15,2
iot,15,2
esp32,15,2
distatus,15,2
ngasi,15,2
lyanan,15,2
dimatiin,15,3
ditagih,15,3
denggan,15,2
dperbaiki,15,4
electrifying,15,4
nicee,15,2
ajib,15,2
daftr,15,3
lebihh,15,2
updatean,15,2
komplainnya,15,2
ngadat,15,2
instalasinya,15,2
smw,15,2
dihubungin,15,2
aman2,15,2
jau,15,2
wates,15,2
colokan,15,2
tlh,15,2
verikasi,15,2
sinyalnya,15,2
jangn,15,2
keluar2,15,2
majuh,15,2
akunya,15,2
okk,15,2
blas,15,2
listriku,15,2
nabire,15,2
janjikan,15,2
dlaam,15,3
upgrad,15,3
r1t,15,3
excelent,15,2
kartasura,15,3
trms,15,2
tudak,15,2
terproses,15,2
hadeuhh,15,3
dipelosok,15,2
brmanfaat,15,2
ahir,15,2
slmt,15,3
kabeh,15,2
pengadu,15,2
padahl,15,2
vouchernya,15,2
trimakash,15,3
bertansaksi,15,4
jgan,15,2
bayar2,14,2
wooww,14,2
meresponnya,14,2
toopp,14,2
seluru,14,2
tabarakallah,14,3
bngtt,14,2
masyakat,14,2
securitynya,14,2
dimohon,14,2
manatap,14,3
berdedikasi,14,2
koneksinya,14,2
masyarakan,14,2
cacad,14,2
teima,14,2
cobak,14,2
respondnya,14,2
kerenlah,14,2
tggl,14,2
bnr2,14,3
kegunaanya,14,2
sanjay,14,2
krja,14,2
mnunggu,14,2
chatt,14,2
istrik,14,2
6jam,14,2
berturut2,14,2
yee,14,2
kouta,14,2
asalan,14,2
perkerjaan,14,2
engak,14,2
antrean,14,2
memuaskann,14,2
masukannya,14,2
apaa,14,2
asal2an,14,3
lahadalia,14,3
konoha,14,2
thankss,14,2
sangaatt,14,3
jidat,14,2
sampi,14,2
llistrik,14,2
idulfitri,14,3
teruus,14,3
sangay,14,2
tnggal,14,2
menggunakanya,14,2
krenn,14,2
tlf,14,2
nder,14,2
mantao,14,3
yahud,14,2
pengecekkan,14,3
waa,14,2
fiikum,14,2
gapapa,14,2
sruh,14,2
menagani,14,2
moblile,14,3
gonta,14,2
samasekali,14,3
kalaw,14,2
tiken,14,2
terkelupas,14,2
bsgus,14,2
nyasar,14,2
mantabz,14,2
kamii,14,2
wilaya,14,2
rezekinya,14,2
slama,14,2
dihub,14,2
suksma,14,2
sgla,14,2
idpl,14,2
lhokseumawe,14,3
walopun,14,2
betulkan,14,2
kepasang,14,2
kbutuhan,14,2
gbsa,14,2
dijaman,14,2
swap,14,2
limo,14,2
prose,14,2
30mnt,14,3
psti,14,2
kdepannya,14,2
numpuk,14,2
beginian,14,2
laahh,14,2
buzzer,14,3
apasih,14,2
lucunya,14,2
aangat,14,3
jamannya,14,2
kemarin2,14,2
2minggu,14,2
12jam,14,2
salahkan,14,2
masalah2,14,2
pmbyran,14,3
lapanganya,14,2
spaneng,14,2
jadii,14,2
kaaih,14,2
apeks,14,2
diskonya,14,2
kerna,14,2
mempermudakan,14,3
mufah,14,2
kepencet,14,3
lom,14,2
mbntu,14,3
maksh,14,2
trbantu,14,3
pengunaannya,14,3
sbagai,14,2
capture,14,2
dirumahku,14,2
abangnya,14,2
cihuyy,14,3
drespon,14,3
penaikan,14,2
bodo,14,2
donlowd,14,3
passwordnya,14,2
sajaa,14,2
dteng,14,2
lebh,14,2
penggunan,14,2
superr,13,2
penaganannya,13,3
mmbatu,13,2
slm,13,2
surantap,13,3
fiturenya,13,2
petus,13,2
terangkan,13,2
difollow,13,2
trmh,13,2
lancarr,13,2
blackout,13,2
intruksi,13,2
100ribu,13,2
sikring,13,2
psbb,13,2
nadra,13,2
markotopp,13,3
pelayanann,13,2
dilapor,13,2
barang2,13,2
scurity,13,3
pmbelian,13,3
sekuriti,13,2
terimakaaih,13,3
sampai2,13,2
spk,13,2
fitu,13,2
dewe,13,2
pokokna,13,2
komitmennya,13,2
breaker,13,2
lapora,13,2
keloket,13,2
mjd,13,2
bntuan,13,2
wfh,13,3
bags,13,2
tagiha,13,2
trimksi,13,3
terkasih,13,2
keluan,13,2
kmudian,13,2
ganteng2,13,2
butut,13,2
mantabss,13,2
areanya,13,2
krm,13,2
prioritaskan,13,2
soalx,13,2
ado,13,2
barru,13,2
kefamenanu,13,3
stts,13,2
aing,13,2
tindaklanjutnya,13,3
pokokya,13,2
kdg,13,2
btl,13,2
msyarakat,13,2
yra,13,2
null,13,2
rbu,13,2
awesome,13,3
muadah,13,2
penangangan,13,2
senyap,13,2
padamin,13,2
beroperasinya,13,2
terselesai,13,3
mayan,13,2
merlung,13,2
komsumen,13,3
ganggan,13,2
ginian,13,2
sring,13,2
gangguam,13,2
uhuyy,13,3
sprinter,13,2
solve,13,2
placenya,13,2
plnya,13,2
imi,13,2
balesnya,13,3
amit,13,2
melaui,13,2
bisa2nya,13,3
followup,13,2
samapi,13,2
njir,13,2
huhu,13,2
lsng,13,2
dikorupsi,13,2
membantuk,13,2
dihp,13,2
sepedo,13,2
itungan,13,2
kalselteng,13,2
5jt,13,2
plaporan,13,3
donwlod,13,4
leboh,13,2
pagi2,13,2
hidup2,13,2
tampilanya,13,2
3t,13,2
pengurusannya,13,2
muaro,13,2
tanbah,13,2
berfaedah,13,3
hotline,13,2
dipulihkan,13,2
10mnt,13,3
digunakn,13,2
menerjunkan,13,3
custemer,13,3
gebang,13,2
enk,13,2
scara,13,2
masah,13,2
asgar,13,2
cc123,13,2
paraah,13,2
aduin,13,2
circuit,13,2
laguna,13,2
nlpn,13,3
ono,13,2
makek,13,2
kepl,13,2
intal,13,2
lengkapp,13,2
mls,13,2
buset,13,2
ieu,13,2
responship,13,2
cikande,13,3
lostrik,13,2
bagua,13,2
mumet,13,2
padhal,13,2
tipu2,13,2
mambatu,13,2
400rb,13,2
slu,13,2
pernh,13,2
tangguhkan,13,2
langsg,13,2
pakk,13,2
gemgaman,13,3
tukarkan,13,2
penormalannya,13,3
overload,13,2
diketik,13,2
berahlak,13,3
bermaslah,13,3
memudahkah,12,3
verfikasi,12,2
banyakan,12,2
cman,12,2
konfir,12,2
anjirr,12,3
hrga,12,2
buru2,12,2
kawan2,12,2
sigab,12,2
mentri,12,2
sanhat,12,2
dilaporan,12,2
rekan2,12,2
munculkan,12,2
wamen,12,2
appk,12,2
dioptimalkan,12,2
morowali,12,3
tunggu2,12,2
pemaksaan,12,3
kepepet,12,2
rungkut,12,4
aneh2,12,2
satset,12,2
pematangsiantar,12,3
matep,12,2
komfirmasi,12,4
pembelin,12,2
waahh,12,2
euyy,12,2
pju,12,2
telvon,12,3
bagusin,12,2
kiprok,12,2
chating,12,2
aplikasinnya,12,2
respontif,12,2
cuekin,12,2
kekantornya,12,3
makenya,12,2
dichat,12,2
dikit2,12,2
kecewaa,12,2
miniature,12,2
menyedikan,12,2
penangannan,12,2
balek,12,2
cipondoh,12,3
fleksible,12,2
trimakasihh,12,2
oky,12,2
keluhanya,12,2
tanggab,12,2
klaw,12,2
pempermudah,12,3
mantal,12,2
menitan,12,2
mempemudah,12,3
keluarin,12,2
dach,12,2
meteren,12,2
aflikasinya,12,2
tiktok,12,2
ngehubungi,12,2
primanya,12,2
tokped,12,2
lapangn,12,2
transakasi,12,3
aplikasipun,12,2
semaki,12,2
coming,12,2
sekses,12,2
kirim2,12,2
daerah2,12,2
terbik,12,2
upnya,12,2
beyond,12,2
updete,12,2
spanning,12,2
rebuild,12,4
plnobile,12,3
melpor,12,2
membutuh,12,2
pembangkitan,12,2
sudab,12,2
tagap,12,2
9jt,12,2
mantuull,12,3
apliakasi,12,3
relokasi,12,2
tillman,12,3
mantappss,12,3
natar,12,2
lelet,12,2
abdet,12,2
lisyrik,12,3
listrikpun,12,2
melaporkannya,12,2
ngadunya,12,3
beni,12,2
tiadakan,12,2
stroomnya,12,3
metran,12,2
seklai,12,2
bwat,12,2
tnp,12,2
moile,12,2
semiga,12,2
bolo,12,2
nurunin,12,3
spya,12,2
pendaftran,12,3
trpasang,12,2
mngetahui,12,2
langsunh,12,3
mter,12,2
urusin,12,2
pembyrn,12,3
banged,12,2
mudaj,12,2
refundnya,12,3
penangannannya,12,3
berpungsi,12,2
konfermasi,12,3
ulc,12,2
dalamproses,12,2
tombolnya,12,2
tengkyuu,12,3
thaks,12,2
plta,12,2
4jam,12,2
sinkhole,12,3
ngemis,12,2
bermnfaat,12,3
unfaedah,12,3
apliikasi,12,4
salutt,12,2
temen2,12,2
3bulan,12,2
menggunakn,12,2
bansos,12,2
inu,12,2
menudahkan,12,2
kembaliin,12,2
telpn,12,2
vicko,12,2
ganguang,12,2
ihh,12,2
matoh,12,2
peruntukan,12,3
amiinn,12,2
rukma,12,2
sgera,12,2
abang2,12,2
sonde,12,2
sigapnya,12,2
perluh,12,2
burukk,12,2
jtr,12,2
petuganya,12,3
diinfo,12,2
sla,12,2
partisipasinya,12,2
electrical,12,2
trimasih,12,2
tekhnik,12,2
smntara,12,3
kedala,12,2
alhamdullillah,12,4
pelanyanannya,12,3
menunggak,12,2
inofasi,12,3
maumere,12,3
ternyta,12,3
paiton,12,2
lampirkan,12,2
mti,12,2
petugass,12,2
gatrik,12,2
prank,12,2
niih,12,2
sunguh,12,2
hade,12,2
permasalahn,12,2
palikasi,12,2
listirik,12,2
gawe,12,2
gaa,12,2
menelfon,12,2
sekalee,12,2
permuda,12,2
membanty,12,2
aplikasai,12,3
pengubahan,11,2
mudsh,11,2
berinofasi,11,3
slah,11,2
harua,11,2
ngalamin,11,3
byak,11,2
palayanannya,11,3
mebatu,11,2
gercepnya,11,4
pulihnya,11,2
lalod,11,2
disegel,11,2
200k,11,2
angus,11,2
ke3,11,2
lainx,11,2
bajo,11,2
trf,11,2
trz,11,2
memeng,11,2
fash,11,2
paketan,11,2
prigen,11,2
cumn,11,2
ngirit,11,2
terdata,11,2
mebuat,11,2
berhungan,11,2
direfund,11,3
berkendala,11,2
msti,11,2
labih,11,2
meringan,11,2
20mbps,11,3
kerren,11,2
menpermudah,11,3
evisien,11,3
uhuy,11,2
sdikit,11,2
mohin,11,2
gess,11,2
membentu,11,2
biat,11,2
anteknya,11,2
tumben,11,2
muaskan,11,2
sukes,11,2
bajawa,11,2
bersiaga,11,2
apa2in,11,3
namah,11,2
ntaps,11,2
kabarin,11,2
220v,11,2
pemakian,11,2
dibalikin,11,2
membantuku,11,2
ituu,11,2
lumayanlah,11,2
grgr,11,2
gemana,11,2
terpecahkan,11,2
transaki,11,2
mmu,11,2
wajibkan,11,2
karnakan,11,2
helpdesk,11,3
ppj,11,2
tanggapanya,11,2
kerusakannya,11,2
biayaya,11,2
thohir,11,2
nuker,11,2
nyan,11,2
dilayanin,11,2
ngeleg,11,2
keknya,11,2
mmp,11,2
kurleb,11,2
consumen,11,2
msa,11,2
instruksinya,11,2
pemdaman,11,2
diclose,11,3
dowlod,11,3
mabile,11,2
b5,11,2
terimakasii,11,3
puyeng,11,2
tangihan,11,2
voltasenya,11,3
beresin,11,2
nmer,11,2
fitunya,11,2
mengoperasikannya,11,2
pelayanaan,11,2
skitar,11,2
slh,11,2
muluu,11,2
karel,11,2
kontoll,11,2
trlalu,11,2
berulangkali,11,2
reson,11,2
ulang2,11,2
desa2,11,2
balik2,11,2
layannya,11,2
penyambungannya,11,4
10hari,11,2
update2,11,2
100x,11,2
mengaduh,11,2
apkt,11,2
khusnya,11,2
luaarr,11,3
mengunakannya,11,2
smpek,11,2
adaptif,11,2
sanat,11,2
oren,11,2
sangkat,11,2
strum,11,2
memudahkam,11,3
buatin,11,2
anji,11,2
trkait,11,3
setabil,11,2
ditanganinya,11,2
ngehubungin,11,3
kwalitasnya,11,2
bagis,11,2
cipayung,11,2
apkasi,11,2
mepet,11,2
ngikutin,11,2
mki,11,2
shingga,11,3
disuru,11,2
ekspetasi,11,3
dengen,11,2
enjiniring,11,3
ditanyain,11,2
sesimpel,11,3
actual,11,2
kuu,11,2
ditambahi,11,2
sampahh,11,2
hrsnya,11,2
keluhaan,11,2
askesnya,11,2
kumpulin,11,2
belu,11,2
alhmdllah,11,4
choke,11,2
mitsuyo,11,3
pnduan,11,3
mutakin,11,2
kawal,11,2
pembeluan,11,2
memprmudah,11,2
sewaktu2,11,2
kabel2,11,2
diapa2in,11,4
kesiapsiagaan,11,3
2jt,11,2
jlas,11,2
dilanjut,11,2
dijam,11,2
muantapp,11,3
keterlaluan,11,2
mengwi,11,2
beguna,11,2
lmbat,11,2
pemakean,11,2
terimakasiih,11,4
apgred,11,3
permohon,11,2
respown,11,2
terindikasi,11,2
megang,11,2
ajuan,11,2
syh,11,2
dilapangannya,11,2
telanaipura,11,3
keteranganya,11,2
ontime,11,2
pelayanannyaa,11,2
riko,11,2
apalikasinya,11,2
pmbyrn,11,3
errorr,11,2
jreng,11,2
bess,11,2
speedo,11,2
tanya2,11,2
pasangkayu,11,3
ktpnya,11,2
nambahin,11,2
varp,11,2
terimkasi,11,3
900w,11,2
cepetan,11,2
dikeluhkan,11,2
ocr,11,2
kdepan,11,2
payanan,11,2
sederhanakan,11,2
tidakan,11,2
ajalah,11,2
jempolan,11,2
eksekusinya,11,2
apgret,11,3
mencekik,11,3
resposif,11,3
mande,11,2
libih,11,2
bnpb,11,2
nitip,11,2
entar,11,2
forever,11,2
navigasinya,10,2
listtrik,10,2
masyaaallah,10,4
tello,10,2
4hari,10,2
tolongg,10,2
didatengin,10,3
gituu,10,2
pekanggan,10,3
tidal,10,2
mobilie,10,2
pasan,10,2
mantebb,10,3
kroscek,10,3
mnding,10,2
haruskan,10,2
dedikasinya,10,2
telf,10,2
laka,10,2
gampng,10,2
normal2,10,2
sangata,10,2
fyi,10,2
cashbacknya,10,2
kemudahanya,10,2
mksdnya,10,3
trmaksih,10,3
malakukan,10,3
uplod,10,3
musah,10,2
jafi,10,2
sbelum,10,2
bulian,10,2
shuda,10,2
jancok,10,2
grtis,10,2
org2,10,2
mcbnya,10,3
prtama,10,2
disconnect,10,3
pengerjaanya,10,2
benget,10,2
coment,10,2
pelayanam,10,2
erik,10,2
trabel,10,2
gandeng,10,2
padah,10,2
3kali,10,2
00wib,10,3
susahh,10,2
gendala,10,2
terahir,10,2
siih,10,2
qr,10,2
pertanggal,10,2
nnya,10,2
nyalaa,10,2
pungsi,10,2
mya,10,2
uip,10,2
blnnya,10,2
jepret,10,2
beautiful,10,2
gakbisa,10,2
upgrate,10,3
kita2,10,2
teamnya,10,2
cecep,10,2
20menit,10,2
plz,10,2
beliin,10,2
petugas2nya,10,3
belik,10,2
tegangannya,10,2
stanby,10,2
guyss,10,2
lancarkan,10,2
negriku,10,2
gebrakan,10,2
cikajang,10,2
sumua,10,2
petigas,10,2
maksutnya,10,2
ajarin,10,2
nyimpen,10,3
sekai,10,2
kebijakannya,10,2
beberpa,10,2
sebelumya,10,2
bangil,10,2
kenyaman,10,2
pelatanan,10,2
tembalang,10,2
ggal,10,2
tanda2,10,2
kraksaan,10,2
kalee,10,2
dsruh,10,2
alham,10,2
kabari,10,2
selesei,10,2
allo,10,2
mantaaf,10,2
nlpon,10,3
wiri,10,2
komplet,10,2
pemsangan,10,3
mntab,10,2
punyaku,10,2
ferifikasi,10,2
nyetrum,10,2
stang,10,2
meberikan,10,3
pebelian,10,2
leuwiliang,10,4
peyanan,10,3
bermanfaan,10,3
koslet,10,2
terhandal,10,2
thermal,10,2
namu,10,2
dewita,10,2
bersukur,10,2
respot,10,2
doong,10,2
oelayanan,10,4
mangatasi,10,2
200ribu,10,2
msalh,10,2
sory,10,2
q1,10,2
ngisinya,10,2
pnanganan,10,3
permohonannya,10,2
infoin,10,2
conet,10,2
ngecash,10,2
reponsif,10,3
diujung,10,2
telefon,10,3
500k,10,2
tanyain,10,2
ganghuan,10,3
tanggalnya,10,2
bnerin,10,2
membayarnya,10,2
ksmi,10,2
until,10,2
nukar,10,2
satt,10,2
pringgabaya,10,4
ralat,10,2
dipakainya,10,2
muantep,10,3
bxk,10,3
syarat2,10,2
oyee,10,3
ngasal,10,2
angat,10,2
cibadak,10,2
audah,10,2
bnar,10,2
onln,10,2
mobil3,10,2
gangguann,10,2
tinggl,10,2
percumah,10,2
manjakan,10,2
endingnya,10,2
ciamik,10,2
borong,10,2
regunya,10,2
mengetahu,10,2
tlvn,10,3
keserver,10,2
gblk,10,3
nungu,10,2
powerfull,10,2
suskes,10,2
pekerjaanya,10,2
2200va,10,2
refound,10,2
alert,10,2
kerennya,10,2
dapatnya,10,2
dijaringan,10,2
sblum,10,2
bsh,10,2
komplein,10,2
brg,10,2
ampera,10,2
prj,10,2
khairan,10,2
memudahlan,10,3
shope,10,2
walupun,10,2
kdang,10,2
trimakaih,10,3
lambatnya,10,2
150rb,10,2
tnggap,10,2
direspond,10,2
santuy,10,2
gitu2,10,2
skalian,10,2
pantesan,10,2
dimasyarakat,10,2
kmudahan,10,3
miskomunikasi,10,3
ngilang,10,2
kedapan,10,2
recomen,10,2
setela,10,2
memudahakn,10,3
berbulan2,10,2
pengisiannya,10,2
lngsg,10,2
mayarakat,10,3
srh,10,2
bitang,10,2
historinya,10,2
mantaaff,10,3
degn,10,2
abodemen,10,3
suluttenggo,10,3
dinormalkan,10,4
menggunaka,10,2
pelayaanan,10,3
teryata,10,2
mantav,10,2
realnya,10,2
aplika,10,2
yanh,10,2
tros,10,2
chat123,10,2
kenap,10,2
bayangin,10,2
semia,10,2
hln,10,2
dizaman,10,2
pemberitauan,10,3
diajarin,10,2
komunikasinya,10,2
dikarnakan,10,3
sblumnya,10,3
pelangang,10,3
terimkash,10,3
reff,10,2
kluarga,10,2
popup,10,2
aplikatif,10,2
perjelas,10,2
ketikan,10,2
terkoordinasi,10,2
astaghfirullah,10,4
mbulet,10,3
pascaerupsi,10,3
kmbli,10,3
tanggepan,10,2
admint,10,2
lasih,10,2
dgb,10,2
biller,10,2
oprasikan,10,3
nonsubsidi,10,2
walo,10,2
doorprize,10,3
sanyo,10,2
diemail,10,2
sekarg,9,2
digunakann,9,2
penindak,9,2
gile,9,2
dinihari,9,2
boz,9,2
ygy,9,2
memidahkan,9,3
pgi,9,2
pekayanan,9,3
tanggulangi,9,2
xa,9,2
insufficient,9,4
mngerti,9,3
atensi,9,2
didaftar,9,3
mmbet,9,2
terbagus,9,2
kendalah,9,2
selebih,9,2
unistall,9,3
mengatahui,9,4
bestie,9,2
sbelumnya,9,3
kecewakan,9,2
kaa,9,2
tenkyu,9,3
seksli,9,2
singgap,9,2
indralaya,9,3
pagaralam,9,2
admind,9,2
acungi,9,2
blik,9,2
membayarkan,9,2
ngomongnya,9,2
menegah,9,2
ditingkatin,9,2
duluu,9,2
blass,9,2
maayarakat,9,3
tolerance,9,2
stngh,9,3
ngecharge,9,3
sue,9,2
rinciannya,9,2
menyingkat,9,2
ditanggepi,9,2
sdangkan,9,3
nyedot,9,3
infinix,9,2
aplikaasi,9,3
pelanggann,9,2
listrikny,9,2
leletnya,9,3
kelistrikanku,9,2
ngeblank,9,2
rebet,9,2
admnya,9,2
taek,9,2
biarin,9,2
gajih,9,2
keypad,9,2
brubah,9,2
gilak,9,2
segampang,9,2
dayaa,9,2
sidareja,9,3
apa2an,9,3
tambadaya,9,2
pelosok2,9,2
bembantu,9,3
penangann,9,2
ganggian,9,2
belibet,9,2
lurr,9,2
dipengadaan,9,3
mamfaat,9,2
mngecek,9,3
berkati,9,2
teu,9,2
melayanin,9,2
diisikan,9,2
utak,9,2
pelang,9,2
doloksanggul,9,4
memuskan,9,2
mengintegrasikan,9,4
promo2nya,9,3
sayangat,9,2
dtg2,9,2
terooos,9,3
mateng,9,2
ditunggu2,9,2
mistake,9,2
inikah,9,2
jdinya,9,2
sprt,9,2
tekor,9,2
bagt,9,2
mbl,9,2
semaunya,9,2
langaung,9,3
transfaran,9,3
aplikasi2,9,2
exxonmobil,9,3
ganggauan,9,2
traksaksi,9,3
ferivikasi,9,4
langkah2,9,2
muda2han,9,3
pemebelian,9,3
verry,9,2
mandalika,9,3
sajah,9,2
tuntaskan,9,2
pemasangn,9,3
himbauan,9,3
dtingkatkan,9,2
aslii,9,2
nangani,9,2
mksh,9,2
malasah,9,2
ngat,9,2
membantusekali,9,3
ujang,9,2
dibetulin,9,3
keteteran,9,3
sosialisasikan,9,2
diresponnya,9,3
menjuntai,9,2
wkwkwkwk,9,3
serbah,9,2
kosambi,9,3
buangett,9,2
tesla,9,2
dtanggapi,9,3
9x,9,2
padan,9,2
nentuin,9,3
tuku,9,2
permesinan,9,3
mudha,9,2
tetiba,9,2
perubhan,9,3
kukira,9,2
inovasi2,9,2
nagus,9,2
berkeluh,9,2
terkusus,9,2
alhamdllah,9,4
prusahaan,9,2
tmksh,9,3
alasanya,9,2
sluruh,9,2
prodak,9,2
teknisnya,9,2
porong,9,2
tindakanya,9,2
kdng,9,2
sukaraja,9,2
anjeng,9,2
dqn,9,3
bosqu,9,2
mlayani,9,2
bebrapa,9,3
selau,9,2
kejelasannya,9,2
ngomel,9,3
sptnya,9,2
urusa,9,2
mmang,9,2
kesedot,9,2
kesiapa,9,2
gax,9,2
dirumahnya,9,2
odp,9,2
erornya,9,2
pemasanganya,9,2
kmna,9,2
aplakasi,9,3
arini,9,2
50ribu,9,2
berminggu,9,2
lidtrik,9,2
ops,9,2
rspon,9,2
kantor2,9,2
custamer,9,3
keyboardnya,9,2
mase,9,2
ngurusnya,9,2
rumahh,9,2
abha,9,2
khamis,9,2
rengat,9,2
nico,9,2
merpermudah,9,3
soale,9,2
disosialisasikan,9,2
makes,9,2
rabbal,9,2
t4,9,2
brmnfaat,9,3
kerahasian,9,2
larinya,9,2
masok,9,2
gambang,9,2
diarahin,9,3
nyediain,9,3
kedepanny,9,2
gardunya,9,2
lewt,9,2
pandaan,9,2
dibyr,9,2
bangsat,9,2
banggakan,9,2
sampe2,9,2
7x,9,2
kondisikan,9,2
penanggapan,9,2
menangapi,9,2
terkedepan,9,3
cepet2,9,2
denied,9,2
kapel,9,2
contak,9,2
pusa,9,2
cht,9,2
pmasangan,9,3
effisien,9,3
edited,9,2
embel,9,2
rejo,9,2
pegawe,9,2
walapun,9,2
banga,9,2
kada,9,2
gunakn,9,2
tauu,9,2
staffnya,9,2
goblog,9,2
soalny,9,2
shoope,9,2
banyak2,9,2
semnjak,9,3
amatiran,9,2
menggukan,9,2
ajja,9,2
mlm2,9,2
koordinasikan,9,2
produk2,9,2
dmana,9,2
spedo,9,2
mpe,9,2
updte,9,2
permasalhan,9,3
bertahun2,9,2
samsek,9,2
mdh2an,9,4
klhk,9,2
bayr,9,2
jera,9,2
barakallahu,9,2
bagus2,9,2
memberika,9,2
shoopepay,9,3
langusng,9,3
pasang2,9,2
daru,9,2
nggu,9,2
pengirimannya,9,2
mempermudh,9,2
sekalih,9,2
jazakumullahu,9,4
teknologinya,9,2
playan,9,2
brapo,9,2
tlfon,9,2
2bln,9,2
mncul,9,2
halah,9,2
koordinatnya,9,2
topmarkotop,9,3
berlayanan,9,2
mengubungi,9,3
semuwah,9,2
teeima,9,3
mreka,9,2
sepaneng,9,3
gunakannya,9,2
alhmdlh,9,3
kompalin,9,2
gaiss,9,2
blangpidie,9,4
soket,9,2
mantapzz,9,2
selanjut,9,4
bayarin,9,2
menggunkan,9,2
terimksh,9,3
semog,9,2
quota,9,2
takengon,9,3
trakhir,9,2
payaah,9,2
450w,9,2
fotoin,9,2
nyebelin,9,3
berteransaksi,9,4
dpln,9,2
kacauu,9,2
dptkan,9,2
katany,9,2
jazakumullah,9,3
v002,9,3
nyalahin,9,2
selali,9,2
damun,9,2
pocer,9,2
dinaikin,9,2
trrima,9,3
ponselmu,9,2
berusahalah,9,2
tahuan,9,2
desaku,9,2
ppkm,9,2
dipakek,9,2
tnks,9,2
kedepanx,9,2
teruuss,9,3
pngen,9,2
mmbtu,9,3
sekaran,9,2
bosa,9,2
pabila,9,2
disederhanakan,9,2
telaten,9,2
renspon,9,3
syang,9,2
dibantuin,9,2
bawel,9,2
nanyain,9,2
akir,9,2
nuggu,9,2
menuaskan,9,2
oii,9,2
untyk,9,3
realisasikan,9,2
terespon,9,3
sgr,9,2
nolong,9,2
dispenser,8,2
seolah2,8,2
adlh,8,2
yamg,8,2
beda2,8,2
twiter,8,2
trmasuk,8,2
repons,8,2
pelanggam,8,2
mantu,8,2
fiturny,8,2
tegur,8,2
kenak,8,2
krng,8,2
inovativ,8,2
mendowload,8,3
lisrrik,8,3
daah,8,2
membetulkan,8,3
judes,8,2
cvt,8,2
memdapatkan,8,2
mggu,8,2
dipasang2,8,2
gagalnya,8,2
tmba,8,2
satu2nya,8,3
pointnya,8,2
majuterus,8,2
dhe,8,2
respon2,8,2
luamaa,8,3
asikk,8,2
rumah2,8,2
masyarakatt,8,2
tambahannya,8,2
marunda,8,2
yakali,8,2
enek,8,2
troubel,8,3
250mb,8,2
palur,8,2
juos,8,2
penagan,8,2
zaini,8,2
mapsnya,8,2
rambah,8,2
seterus,8,2
pelaihari,8,3
terimankasih,8,3
diulang2,8,2
dikabari,8,2
ditlpn,8,3
tanjungsari,8,2
4kali,8,2
pamakaian,8,2
meteranku,8,2
akhirny,8,2
tolng,8,2
skaligus,8,2
kepetugas,8,3
dipahamin,8,2
saiki,8,2
sdgkan,8,3
anya,8,2
punyak,8,2
langung,8,2
lisrtik,8,3
paki,8,2
papaahh,8,2
dlapangan,8,3
plusnya,8,2
kanapa,8,2
dancepat,8,2
aplagi,8,2
kemagnetan,8,3
700rb,8,2
gausa,8,2
ditiadakan,8,2
semagat,8,3
ttd,8,2
masyakarat,8,3
mas2,8,2
jiwaa,8,2
meudahkan,8,2
apln,8,2
pertukangan,8,2
sangatta,8,2
stngah,8,3
gampil,8,2
tengkiyu,8,3
tanggapinya,8,2
bohlam,8,2
jdnya,8,2
apks,8,2
unruk,8,2
erro,8,2
jbb,8,2
malapor,8,2
mudah2han,8,3
toplah,8,2
whatsap,8,2
semunya,8,2
1bln,8,2
melenceng,8,2
pilhan,8,2
dihardirkan,8,2
terus2an,8,3
waiting,8,2
thankyouu,8,3
hilangin,8,2
spklunya,8,3
sopan2,8,2
bodong,8,2
bebankan,8,2
gunaka,8,2
kocakk,8,2
keblokir,8,2
30hari,8,2
5hari,8,2
alesannya,8,2
waow,8,2
dbuka,8,2
sono,8,2
petugasnyapun,8,3
respos,8,2
diulangi,8,2
ntk,8,2
umtuk,8,2
klakson,8,3
kanggo,8,2
goodluck,8,3
giman,8,2
lanjutken,8,2
pelannggan,8,3
closing,8,2
5ribu,8,2
tunggunya,8,2
pringsewu,8,4
slawi,8,2
memudahkann,8,2
kebayar,8,2
maslh,8,2
agk,8,2
upgradenya,8,2
kalideres,8,3
lebuh,8,2
pekkabata,8,3
bozz,8,2
jiss,8,2
elor,8,2
terimahkasi,8,3
dilayanan,8,2
macam2,8,2
efektip,8,2
kosleting,8,2
bhkan,8,2
mlalui,8,2
galery,8,2
ootd,8,3
hujan2,8,2
trable,8,2
smngt,8,3
brtransaksi,8,3
sidak,8,2
pelananya,8,2
goceng,8,2
tansaksi,8,3
uit,8,2
sungguminasa,8,4
mngatasi,8,2
upgret,8,3
kemudah,8,2
matab,8,2
delanggu,8,2
uangku,8,2
terakomodir,8,2
nx,8,2
3hr,8,2
userfriendly,8,3
mdh2n,8,4
ngelek,8,2
wort,8,2
kronologisnya,8,2
tetus,8,2
kntl,8,2
wlpun,8,3
waktuu,8,2
pengadian,8,2
pemabayaran,8,3
invoicenya,8,4
diperbesar,8,2
scra,8,2
manthap,8,3
penggan,8,2
kebangetan,8,3
tanggep,8,2
sdkit,8,2
wihh,8,2
malm,8,2
proposional,8,3
slebew,8,3
tanpamu,8,2
negotiable,8,3
membatuh,8,2
ngelakuin,8,3
intall,8,2
atensinya,8,2
memalui,8,2
materan,8,2
diarea,8,2
lentrek,8,2
koo,8,2
terkeren,8,2
kawa,8,2
kotabaru,8,2
gaspol,8,2
diupload,8,2
yala,8,2
infirmasi,8,2
luama,8,2
dakam,8,2
cikedung,8,2
historynya,8,2
iku,8,2
blan,8,2
kelisrikan,8,3
gaboleh,8,2
bermasalh,8,3
amann,8,2
daus,8,2
regristrasi,8,3
haduhh,8,2
trikasih,8,2
persil,8,2
tgh,8,2
calo2,8,2
pelapora,8,2
900kwh,8,3
jangan2,8,2
gosong,8,2
pengantian,8,2
apliasinya,8,3
qo,8,2
digaji,8,2
pdh,8,2
upgread,8,3
koplak,8,2
pinjem,8,2
innovatif,8,2
bantar,8,2
seburuk,8,2
mapnya,8,2
tokon,8,2
fadil,8,2
l2,8,2
horas,8,2
saluut,8,3
900wat,8,2
dudah,8,2
mangkunegaran,8,4
megawatt,8,2
pangkep,8,2
tmn2,8,2
pengaduan2,8,2
memverifikasi,8,2
bhw,8,2
cuk,8,2
sambungkan,8,2
djiwa,8,2
mejikom,8,3
tahihan,8,2
wlpn,8,3
salalu,8,2
nyapun,8,2
pindahin,8,2
webnya,8,2
betung,8,2
sakali,8,2
segra,8,2
mnggu,8,2
inet,8,2
abisin,8,2
oembayaran,8,4
memaklumi,8,2
setelh,8,3
laporn,8,2
semga,8,2
dsri,8,2
respom,8,2
mitigasi,8,2
mmudahkan,8,2
gunaa,8,2
mura,8,2
ndao,8,2
beribu,8,2
kehujanan,8,3
toling,8,2
jalan2,8,2
lagsg,8,2
mastiin,8,3
blanja,8,3
ndang,8,2
efesiensi,8,2
complaint,8,3
dati,8,2
semuan,8,2
transksi,8,3
ubp,8,2
suralaya,8,3
ditanggulangi,8,2
pelalawan,8,3
youu,8,2
tratasi,8,2
untun,8,2
denhan,8,2
stabilizer,8,2
termikasih,8,3
myplan,8,2
pemadan,8,2
bole,8,2
semena,8,2
ampunn,8,2
mlu,8,2
pelayanane,8,2
gantian,8,2
mandri,8,2
bestlah,8,2
bululawang,8,3
transparant,8,2
trimskasih,8,3
ptgas,8,2
pengennya,8,2
dicancel,8,3
reveral,8,2
kaltara,8,2
semya,8,2
diloket,8,2
stak,8,2
panrita,8,3
antriannya,8,2
stempat,8,3
denagn,8,2
gays,8,2
drngan,8,2
mbaknya,8,2
unyuk,8,2
guud,8,2
himbau,8,2
wiffi,8,3
babat,8,2
mngajukan,8,2
kegerahan,8,2
sementar,8,2
conter,8,2
pemasanga,8,2
peforma,8,3
wua,8,2
segalahal,8,2
sulusi,8,2
bangli,8,2
undi,8,2
masukk,8,2
rill,8,2
sekampung,8,3
rekning,8,2
bilangin,8,2
baling,8,2
disruh,8,2
seribet,8,2
telanai,8,2
ke2,8,2
plihan,8,2
listruk,8,2
padaha,8,2
semrawut,8,3
karana,8,2
apliksasi,8,3
lapor2,8,2
pareum,8,2
spedometer,8,3
gc,8,2
bayat,8,2
bett,8,2
solving,8,2
tntang,8,2
ssl,8,2
narik,8,2
tebang,8,2
camkoha,8,3
barabai,8,3
murahnya,8,2
pelaynan,8,2
besuki,8,2
pngajuan,8,2
jangkauannya,8,2
dbantu,8,2
nympe,8,3
sanfat,8,2
trun,8,2
ampir,8,2
upk,8,2
pelanggaan,8,2
abizz,8,2
mobol,8,2
kopo,8,2
dala,8,2
subulussalam,8,3
ntr,8,2
memundahkan,8,4
tinggkatkan,8,3
sigli,8,2
kebutuhanmu,8,2
kemenkum,8,2
registrasinya,8,2
kepakai,8,2
nma,8,2
veryfikasi,8,2
terdaptar,8,3
membanyu,8,2
dental,7,2
ketiduran,7,2
membli,7,2
membanru,7,2
salahin,7,2
saingannya,7,2
kedaluarsa,7,3
nanggepin,7,3
merchandise,7,2
sangangat,7,2
dandes,7,2
pemanduan,7,2
komplai,7,2
disave,7,2
woe,7,2
permasalahanya,7,2
juaranya,7,2
bgaimna,7,3
daftat,7,3
dengsn,7,2
bgst,7,2
nanya2,7,2
referalnya,7,2
lmyn,7,2
terhebat,7,2
mendaptkan,7,3
buln,7,2
juaraa,7,2
gabut,7,2
gunaan,7,2
terinci,7,2
reliable,7,2
pkknya,7,2
dikirimi,7,2
terbitlah,7,2
poco,7,2
huft,7,2
berantas,7,2
mlam,7,2
kredivo,7,3
mendaftarnya,7,2
belli,7,2
falid,7,2
nobile,7,2
keresahan,7,2
direck,7,2
resign,7,2
kebeli,7,2
jir,7,2
pelaayanan,7,4
jatibarang,7,2
imogiri,7,3
hore,7,2
tehnologi,7,2
bertraksaksi,7,4
fikturnya,7,3
yt115,7,3
orisinilan,7,2
18jt,7,2
precast,7,2
ngada,7,2
termantap,7,2
banjaran,7,2
gaskeun,7,3
dibilangnya,7,2
firur,7,2
kompirmasi,7,4
pasanga,7,2
ilangin,7,2
ulun,7,2
metr,7,2
mudab,7,2
tanyak,7,2
10a,7,2
putusnya,7,2
pelayananpun,7,2
pelumasan,7,2
pitur2,7,3
menanggapinya,7,2
kostumer,7,2
malampun,7,2
selvi,7,2
sampa,7,2
nti,7,2
nikmatin,7,2
lancarnya,7,2
rare,7,2
srmakin,7,3
penangannanya,7,3
puoll,7,2
rajeg,7,2
muantab,7,3
msukin,7,2
teus,7,2
denan,7,2
handel,7,2
terakumulasi,7,3
kopeten,7,3
sulselrabar,7,3
lnjut,7,3
satsetsatset,7,4
vertivikasi,7,3
mangkanya,7,2
alamt,7,2
kasiih,7,2
mantap2,7,2
plynan,7,3
demgan,7,2
dimanipulasi,7,2
mobal,7,2
timakasih,7,3
laporang,7,2
debgan,7,2
ecu,7,2
kurng,7,2
blng,7,2
beanfaat,7,2
pale,7,2
pokokke,7,2
ngmong,7,2
munandar,7,3
siihh,7,2
sesering,7,2
prepare,7,2
confirm,7,2
suskses,7,3
karyawanya,7,2
20x,7,2
esg,7,2
aply,7,2
memberikn,7,2
later,7,2
termakasi,7,3
sukarame,7,2
segede,7,2
diindonesia,7,2
perivikasi,7,4
gangguaan,7,2
bohongi,7,2
jaringanya,7,2
mutusin,7,2
sucses,7,2
hrg,7,2
ngeblur,7,3
terbebani,7,2
petugs,7,3
blang,7,2
markotob,7,3
panggan,7,2
ridak,7,2
kemudahan2,7,2
abisnya,7,2
bangets,7,2
lengkapin,7,2
pasangkan,7,2
tntng,7,3
robah,7,2
sangihe,7,2
mampus,7,2
smntra,7,3
ujl,7,2
trrimakasih,7,4
lwbih,7,3
ngcek,7,2
klian,7,2
gratiskan,7,2
dimana2,7,2
dimnapun,7,3
jwban,7,2
menanganan,7,2
sungguh2,7,2
transakai,7,2
keluha,7,2
iconpay,7,2
adanyah,7,2
clik,7,2
lngkap,7,2
budiono,7,2
rampungkan,7,2
naksir,7,2
hayu,7,2
usernya,7,2
bs2,7,2
costemer,7,2
ditangguhkan,7,2
diterjunkan,7,3
semangaat,7,3
fiturr,7,2
mamfaatnya,7,3
tebantu,7,2
orgnya,7,2
semakinn,7,2
kyaknya,7,3
iconetnya,7,2
snggat,7,3
waduhh,7,2
smentara,7,2
bacaannya,7,2
dipertahan,7,2
esokan,7,2
ketipu,7,2
pancur,7,2
kalopun,7,2
tembilahan,7,3
sedangkn,7,2
bobol,7,2
termudahkan,7,2
smngat,7,3
wamena,7,3
srg,7,2
malh,7,2
morawa,7,2
masalahpun,7,2
bayakin,7,2
bberapa,7,2
direkomendasi,7,3
lanyanan,7,3
layangan,7,2
seblumnya,7,3
dimintain,7,2
merekomendasi,7,3
sumoharyanto,7,4
bandang,7,2
penyambung,7,3
tangal,7,2
listrim,7,2
singkronkan,7,3
terlewat,7,2
menanggapin,7,2
gmpng,7,3
kelewatan,7,3
mobilesangat,7,2
selong,7,2
katax,7,2
sulbagsel,7,3
phasa,7,2
carax,7,2
bngat,7,2
blega,7,2
sanggau,7,2
masyrkat,7,3
petugan,7,3
pungli2,7,2
quickly,7,2
gerung,7,2
pokony,7,2
ditracking,7,3
mantabzz,7,2
setau,7,2
sefty,7,3
salurkan,7,2
curup,7,2
gangga,7,2
bawean,7,2
up2d,7,3
ciawi,7,2
soreang,7,2
dengaan,7,2
juoos,7,3
kurg,7,2
canggi,7,3
ngerepotin,7,3
permasalan,7,2
thdp,7,2
kotawaringin,7,4
lainny,7,2
gratisin,7,2
berterimah,7,2
psn,7,2
angsur,7,2
cicak,7,2
kemaren2,7,2
terecord,7,3
disamperin,7,3
embantu,7,2
sok2an,7,3
excellence,7,2
mensosialisasikan,7,2
dipisah,7,2
bemanfaat,7,2
terimakasij,7,3
45menit,7,2
bergun,7,2
bintang1,7,2
nua,7,2
katong,7,2
kva,7,2
boroko,7,2
oklah,7,2
iko,7,2
sudahh,7,2
kredibel,7,2
pmblian,7,3
secra,7,2
laporan2,7,2
sulselbar,7,2
berpuluh,7,2
termkasih,7,3
selok,7,2
selese,7,2
kumat,7,2
mengatsi,7,3
apakh,7,2
ngajarin,7,2
linggau,7,2
baturaja,7,2
costumernya,7,2
madamin,7,2
5kali,7,2
ngechat,7,2
listris,7,2
enak2,7,2
mengcek,7,2
mengases,7,2
r4,7,2
selogan,7,2
malu2in,7,3
lpangan,7,2
peyambungan,7,4
pembiaran,7,3
astagfirullah,7,4
liatnya,7,2
nomor2,7,2
parapat,7,2
perbaungan,7,3
mslhnya,7,3
nnt,7,2
kewat,7,2
bangkinang,7,2
mintai,7,2
terimak,7,2
setlah,7,2
garap,7,2
membangu,7,2
benerang,7,2
sofifi,7,2
kase,7,2
diruma,7,2
masyallah,7,3
gis,7,2
benarin,7,2
jawatimur,7,3
because,7,2
jawabarat,7,2
mintain,7,2
muraah,7,2
distribution,7,2
terinput,7,2
sebelum2nya,7,3
urasan,7,2
murahkan,7,2
filturnya,7,3
mngenai,7,2
belitoken,7,3
imail,7,2
senggol,7,2
ambyar,7,2
kedungwuni,7,3
dibanyakin,7,3
ngejar,7,2
terua,7,2
teken,7,2
padaman,7,2
kilometernya,7,2
20ribu,7,2
appreciate,7,3
komplaint,7,2
disubsidi,7,2
kikim,7,2
memembantu,7,3
pepek,7,2
semogga,7,3
pngn,7,2
apss,7,2
faster,7,2
dikunci,7,3
sui,7,2
srkali,7,2
pko,7,2
tais,7,2
sebgai,7,2
tyt,7,2
folow,7,2
bintang2,7,2
menarikk,7,2
nggo,7,2
baleendah,7,2
burem,7,2
pembuang,7,2
sukur,7,2
todak,7,2
trimkash,7,3
kpan,7,2
standmeter,7,2
berkesinambungan,7,2
disambungkan,7,2
sibuknya,7,2
makain,7,2
lebihcepat,7,2
versinya,7,2
imel,7,2
disegala,7,2
masnya,7,2
alahamdulillah,7,4
dalma,7,2
kebalik,7,2
msak,7,2
alkhamdulilah,7,4
ngeklik,7,2
biso,7,2
teruma,7,2
opsinya,7,2
mobili,7,2
pokokknya,7,3
berkasnya,7,2
penganannya,7,2
lampuu,7,2
penyelesain,7,2
hendri,7,2
cekat,7,2
kadarluarsa,7,3
reponnya,7,3
niatan,7,2
saa,7,2
mengabari,7,2
bimbing,7,2
diacungi,7,4
belawan,7,2
omah,7,2
jakbar,7,2
hususnya,7,2
dengann,7,2
replay,7,2
bange,7,2
ambulu,7,2
mahh,7,2
apah,7,2
wkwkwkw,7,2
betol,7,2
subtype,7,3
mskin,7,2
tengkiu,7,2
upgrde,7,3
mundah,7,2
segerah,7,2
sekalu,7,2
searching,7,2
dulilah,7,2
terbntu,7,3
inisangat,7,2
pelaanggan,7,4
drmah,7,2
suratman,7,2
alfian,7,2
customers,7,2
thnk,7,2
sudaj,7,2
syukurlah,7,2
labuhanbatu,7,2
kapuk,7,2
titiknya,7,2
petgas,7,2
aemua,7,3
600rb,7,2
effort,7,2
teroos,7,3
mmprmudah,7,3
prises,7,2
applikasi,7,2
tokenpun,7,2
anjingg,7,2
cakepp,7,2
dpan,7,2
oknumnya,7,2
membaantu,7,2
terumakasih,7,4
menu2nya,7,3
melanyani,7,2
intuk,7,2
mattoangin,7,3
serve,7,2
ngedownload,7,2
lain2nya,7,3
postpaid,7,3
stabilkan,7,2
lagi2,7,2
m3mbantu,7,4
ditingkatkn,7,2
yeess,7,2
ganti2,7,2
dituker,7,2
embel2,7,3
yha,7,2
udahlah,7,2
v029,7,3
berhadiahnya,7,2
krueng,7,2
untungan,7,2
pkokx,7,3
permainkan,7,2
penagananya,7,3
onlie,7,2
contac,7,2
keran,7,2
kesaya,6,2
dimonopoli,6,4
thumbs,6,3
berlumpur,6,3
needs,6,2
pengaduanpun,6,2
appikasi,6,2
luaar,6,3
dugunakan,6,3
persyaratannya,6,2
yakk,6,2
penambhan,6,3
typing,6,2
mucul,6,2
peleyanan,6,3
kolaboratif,6,2
membrikan,6,2
katek,6,2
kliatan,6,2
bikinan,6,2
apksi,6,2
terbaikmu,6,2
15mnt,6,3
potongannya,6,2
paksakan,6,2
tungkal,6,2
kumaha,6,2
mutus,6,2
nyolong,6,2
aplisi,6,2
tinggkat,6,2
bagaiamana,6,2
kelaz,6,2
tulung,6,2
broco,6,2
daoat,6,3
allhamdullilah,6,4
kali2,6,2
mngisi,6,2
bilman,6,2
dryer,6,2
tergenang,6,2
apliskasi,6,3
cepatdan,6,2
terbaiks,6,2
duhh,6,2
oetugas,6,3
semuany,6,2
looh,6,2
arep,6,2
rejekinya,6,2
25rb,6,2
jeleknya,6,2
sata,6,2
signature,6,2
idle,6,2
itikad,6,2
sgalanya,6,2
sie,6,2
halloo,6,2
lunasin,6,2
helvetia,6,3
apinya,6,2
ijinkan,6,2
upgarde,6,3
perbaikkan,6,4
ahead,6,2
sesulit,6,2
pemohonan,6,2
laik,6,2
abg2,6,2
motode,6,2
dapan,6,2
gandhos,6,3
sgra,6,2
smaa,6,2
mtrnwn,6,4
mengudara,6,3
hamdulillah,6,3
tomang,6,2
sekurity,6,2
tamabh,6,2
hadeuuhh,6,3
k2,6,2
laparan,6,2
pejabatnya,6,2
stabat,6,2
menghubungin,6,2
okok,6,2
menagih,6,2
dicover,6,2
silungkang,6,3
memeberikan,6,2
pdkb,6,2
heroes,6,2
pasilitas,6,3
apo,6,2
palangan,6,2
bohongin,6,2
prabyar,6,2
skalii,6,2
lubricants,6,3
kgak,6,2
pemblokiran,6,3
upgrage,6,3
bangkee,6,2
ngoro,6,2
membohongi,6,2
banyaakk,6,3
grati,6,2
bereskan,6,2
pengunaanya,6,3
trhubung,6,3
giveaway,6,2
membatalkannya,6,2
unuk,6,2
njing,6,2
cisarua,6,3
oon,6,2
pertanyakan,6,2
buka2,6,2
arogan,6,2
nomr,6,2
kesabarannya,6,2
propinsinya,6,2
pengundian,6,2
sigat,6,2
kpada,6,2
tanggao,6,2
torang,6,2
ntap,6,2
yuuk,6,2
mamudahkan,6,2
gangguan2,6,2
syukur2,6,2
esemka,6,3
dlem,6,2
hopefully,6,3
matilampu,6,3
telponnya,6,2
logonya,6,2
ampass,6,2
main2,6,2
srt,6,2
sbulan,6,2
dkasih,6,2
semingguan,6,2
kalw,6,2
olshop,6,2
bauran,6,2
dioper,6,2
cuyy,6,2
petugasnnya,6,2
mendownloadnya,6,2
poses,6,2
maantap,6,2
masyaa,6,2
melakuakn,6,3
tetbaik,6,2
kalkulasi,6,2
capet,6,2
bilng,6,2
marko,6,2
yuu,6,2
stuk,6,2
budeg,6,2
seher,6,2
menungu,6,3
elsewedy,6,4
castemer,6,2
aaplikasi,6,3
selisihnya,6,2
pliers,6,3
8jam,6,2
dipelanggan,6,2
pelayangan,6,2
ruet,6,2
apalg,6,3
krjanya,6,2
coyy,6,2
nyatet,6,3
korporat,6,2
mebayar,6,2
yuliot,6,2
bermanfaatt,6,2
sesui,6,2
menjebak,6,2
bail,6,2
helloo,6,2
khoir,6,2
ngelawak,6,2
angkat2,6,2
salesnya,6,2
diprosesnya,6,2
kukasih,6,2
janjian,6,2
fotokan,6,2
foya,6,2
biaya2,6,2
problemnya,6,2
kuantan,6,2
rekap,6,2
melakukam,6,3
msukan,6,2
automatis,6,2
deducted,6,3
perbaik,6,3
ngapusi,6,3
beneri,6,2
fake,6,2
tetanggaku,6,2
jaga2,6,2
untik,6,2
melaporkn,6,2
untum,6,2
selvie,6,3
tertolak,6,2
penanggan,6,2
ricek,6,2
sehinga,6,2
terkondisikan,6,2
katnya,6,2
umr,6,2
bsoknya,6,2
terimakaish,6,3
0ln,6,2
tjsl,6,2
titip,6,2
laopran,6,3
helmet,6,2
membodohi,6,3
traksi,6,2
manangani,6,3
rekomendasiin,6,2
tagihanya,6,2
kacaw,6,2
pekerjan,6,2
besti,6,2
mattoanging,6,3
anomali,6,2
huhuhu,6,2
gtw,6,2
pemangkasan,6,4
sekering,6,2
dripada,6,2
fihak,6,2
najiss,6,2
yahut,6,2
aplikasiini,6,2
qualitas,6,2
direstitusi,6,2
nelepon,6,2
warujayeng,6,4
memjadi,6,2
keprluan,6,2
exsekusi,6,3
while,6,2
bumiayu,6,2
taging,6,2
apkl,6,2
ragu2,6,2
aamiinn,6,2
jringan,6,2
telphone,6,2
mobl,6,2
pulza,6,2
pembayarab,6,3
dilaporin,6,3
opsional,6,2
dikirim2,6,2
trimahkasih,6,3
prbaiki,6,2
sahat,6,2
bgaimana,6,3
mmpercepat,6,3
joozz,6,2
trhadap,6,2
bbl,6,2
mngkn,6,2
lsitrik,6,3
penyulang,6,2
gabakal,6,2
nyuci,6,2
kelewat,6,2
aktivasinya,6,2
mempermudan,6,2
12malam,6,2
digratiskan,6,3
ganggunan,6,2
lgkp,6,2
rantepao,6,4
gimanaa,6,2
menuggu,6,3
lamabat,6,2
50jt,6,2
pikir2,6,2
trimas,6,2
transasi,6,2
dihalaman,6,2
kbb,6,2
bersihin,6,2
jalurnya,6,2
trnsksi,6,4
jasamu,6,2
kimak,6,2
maluin,6,2
akhirx,6,2
kerusakn,6,2
dilancarkan,6,2
akuu,6,2
seterang,6,2
poinya,6,2
sdmnya,6,2
asw,6,2
istimewah,6,2
basudara,6,2
tololl,6,2
kesell,6,2
matian,6,2
songong,6,2
feedbacknya,6,2
meterku,6,2
boskuh,6,3
hpus,6,2
ngibul,6,3
7hari,6,2
majulah,6,2
pemasalahan,6,2
ngecewain,6,3
jni,6,2
kerenz,6,2
harii,6,2
smpk,6,2
lusa,6,2
cibatu,6,2
direfresh,6,3
mpermudah,6,3
emak2,6,2
kepelosok,6,4
sergap,6,2
respontime,6,2
uptade,6,2
belm,6,2
mangajukan,6,3
prbhn,6,3
akirnya,6,3
dikelistrikan,6,2
kenapaa,6,2
tancap,6,2
pandemik,6,2
gimmick,6,3
telpun,6,2
oalah,6,2
sepeti,6,2
ayang,6,2
ditoko,6,2
lambaat,6,2
abangkuhh,6,3
works,6,2
200an,6,2
keluhanan,6,2
penganganan,6,3
buagus,6,2
beres2,6,2
simpen,6,2
mendapatkn,6,2
bersahaja,6,2
pencerahanya,6,2
infut,6,2
dikerahkan,6,2
pratis,6,2
berinovatif,6,3
explore,6,2
pelayaannya,6,2
smpet,6,2
siplah,6,2
layannan,6,3
mteran,6,2
maknyus,6,3
trimss,6,2
selow,6,2
saye,6,2
modar,6,2
troops,6,2
mudahn,6,2
dln,6,2
dsbnya,6,2
egak,6,2
manfat,6,2
koar,6,2
nyolot,6,3
ketarik,6,2
bagud,6,2
menghungi,6,2
pakde,6,2
anjai,6,2
catatnya,6,2
300k,6,2
membanntu,6,3
untukk,6,2
brarti,6,3
leawat,6,2
makinn,6,2
kura,6,2
manahan,6,2
murce,6,2
bintng,6,2
diplaystore,6,3
dapa,6,2
tokken,6,2
bissmillah,6,3
srengat,6,2
mobilx,6,2
bertrimakasih,6,4
1thn,6,2
alhamdllh,6,4
bile,6,2
dibukak,6,2
terinfo,6,2
mlkukan,6,3
tdr,6,2
jgn2,6,2
sustainability,6,2
v00,6,2
kekirim,6,2
menanganin,6,2
smbungan,6,3
olh,6,2
mukomuko,6,3
angke,6,2
redeem,6,2
penggunaa,6,2
kerjaa,6,2
siga,6,2
yaelah,6,2
ngagel,6,2
30rb,6,2
rei,6,2
responsiv,6,2
jugo,6,2
apak,6,2
60rb,6,2
membanu,6,2
menuhin,6,2
sgl,6,2
bayarannya,6,2
pulsaku,6,2
dalsm,6,2
pemakaianya,6,2
dikolom,6,3
citeureup,6,4
keja,6,2
dtambah,6,2
megatasi,6,2
oriented,6,2
goblokk,6,3
keisi,6,2
pembalian,6,2
tugasny,6,2
planner,6,2
ketuk,6,2
ketulungan,6,2
luarbisa,6,2
aduuh,6,2
ditangapi,6,3
diturunin,6,3
imbasnya,6,2
mengurusnya,6,2
operasionalnya,6,2
porsea,6,3
ketok,6,2
mengguna,6,2
castamer,6,2
ajibb,6,2
ngide,6,2
lengkao,6,3
ciampea,6,3
menyelesaikannya,6,2
nembak,6,2
ternya,6,2
memusakan,6,2
tagiahan,6,3
aplgi,6,2
mekaniknya,6,2
sekaramg,6,3
ambarawa,6,2
elekronik,6,3
cepqt,6,3
poris,6,2
sesusah,6,2
tampilin,6,2
kepanjen,6,2
cranya,6,2
canggihnya,6,2
sht,6,2
lutfi,6,2
teluknaga,6,3
gembor,6,2
geraknya,6,2
dilakuin,6,2
aplikask,6,2
manntap,6,3
shubuh,6,2
leles,6,2
hapuskan,6,2
memudahkkan,6,4
capt,6,2
logikanya,6,2
oesao,6,3
terina,6,2
notch,6,2
bimbingannya,6,2
masyaraka,6,2
lstrk,6,3
anantara,6,3
kerasa,6,2
kaleng2,6,2
asiik,6,2
smenjak,6,2
xixi,6,2
terinakasih,6,3
andalanku,6,2
event2,6,2
heheheh,6,2
dinaikan,6,2
tangung,6,2
pembetulan,6,2
keseluruhannya,6,2
katena,6,2
masukkin,6,2
talalu,6,2
prosesnnya,6,2
tembung,6,2
tempati,6,2
forced,6,2
lembor,6,2
tegowanu,6,4
memonopoli,6,4
trtulis,6,2
plh,6,2
idupin,6,3
cibabat,6,2
srmoga,6,3
batere,6,2
tokcer,6,2
ngatasin,6,3
dzolim,6,3
jwbn,6,2
senua,6,2
inh,6,2
kendalan,6,2
mski,6,2
kolomnya,6,2
kesalahn,6,2
gembel,6,2
pngecekan,6,3
kalisat,6,2
proud,6,2
nyimpan,6,3
tabrak,6,2
tercanggih,6,2
mtran,6,2
diperbaikan,6,2
regitrasi,6,3
securty,6,2
wuling,6,2
kariawan,6,2
menderang,6,2
mengisikan,6,2
20rbu,6,3
dta,6,2
wd,6,2
apex,6,2
yangg,6,2
srta,6,2
siggap,6,2
ngerugiin,6,4
raib,6,2
datng,6,2
sinya,6,2
maintenancenya,6,2
bth,6,2
complaints,6,3
pelayanna,6,2
scrol,6,2
ptoses,6,2
dkirim,6,2
terimalasih,6,3
mengupgrade,6,2
gampan,6,2
sidrap,6,2
bntr,6,2
ilang2,6,2
abu2,6,2
lami,6,2
nganggur,6,2
kakk,6,2
seabank,6,2
hadia,6,2
10jam,6,2
iming2,6,2
manfaatin,6,2
penyambutan,6,3
nyamperin,6,2
perkwh,6,2
autodebet,6,3
nta,6,2
approved,6,3
repson,6,2
direview,6,2
baliknya,6,2
isolir,6,2
mejadi,6,2
thk,6,2
tdinya,6,2
sekebon,6,2
trdekat,6,3
butukan,6,2
dikecewakan,6,2
bermanffat,6,3
accoun,6,2
iini,6,2
mabar,6,2
ditagihkan,6,4
daebak,6,2
termah,6,2
aplg,6,2
such,6,2
wkwkkw,6,2
ngechas,6,2
ttpi,6,2
ebih,6,2
tntg,6,2
lodingnya,6,2
padasaat,6,2
dant,6,2
pdahl,6,2
playstor,6,2
comen,6,2
oneklik,6,2
mnurut,6,2
ketimpa,6,2
semaleman,6,3
dlayani,6,2
ditagihan,6,3
lillah,6,2
selor,6,2
meembantu,6,3
ady,6,2
ditertibkan,6,2
ccs2,6,3
unitnya,6,2
recomendasi,6,3
manjadi,6,2
pngisian,6,2
lenkap,6,2
ditindaki,6,2
pertamakali,6,2
canter,6,2
pegel,6,2
trsebut,6,2
bungo,6,2
nelpn,6,2
bundling,6,2
begimana,6,2
didaftarin,6,3
huu,6,2
mlulu,6,2
ksini,6,2
sklian,6,2
muratara,6,3
terimaksaih,6,3
seriusan,6,2
conek,6,2
apan,6,2
yuhuu,6,3
ssya,6,2
mustikajaya,6,2
saat2,6,2
blimbing,6,3
qami,6,2
kcewa,6,2
soppeng,6,2
3jt,6,2
ruginya,6,2
sebrang,6,2
padal,6,2
pleksibel,6,3
dengab,6,2
8x,6,2
pedurungan,6,3
kemrin,6,2
srmua,6,3
memprosesnya,6,2
referall,6,2
listrin,6,2
terganti,6,2
nongol2,6,2
ditautkan,6,2
melakulan,6,2
robbal,6,2
culvert,6,2
livechatnya,6,4
trafonya,6,2
janji2,6,2
seeing,5,2
subi,5,2
rifky,5,2
insha,5,2
wirosari,5,2
1hr,5,2
tmen,5,2
hayuk,5,2
terkain,5,2
goodlah,5,2
plangon,5,2
tanganni,5,2
majenang,5,2
rempong,5,2
diadain,5,2
istalasi,5,3
merelokasi,5,2
itnya,5,2
pokokee,5,2
cumak,5,2
sktr,5,2
biyar,5,2
sekuritinya,5,3
futuristik,5,2
ngubungi,5,2
telalu,5,2
haduuh,5,3
kebuang,5,2
sbnrnya,5,4
komunikasikan,5,2
membahana,5,2
lajuti,5,2
dijelasin,5,3
mengajuan,5,2
laporaan,5,2
pangkas,5,2
lieur,5,2
kaja,5,2
semain,5,2
kerumitan,5,2
membahu,5,2
mantef,5,2
koyok,5,3
pemalas,5,2
sangatbantu,5,3
pengangaduan,5,3
trllu,5,3
btuh,5,2
solosi,5,2
asalamualaikum,5,3
dimarketplace,5,3
excited,5,2
bertransaki,5,2
gaknya,5,2
dibidangnya,5,2
paak,5,2
denai,5,2
menahu,5,2
snagt,5,3
authorization,5,3
gasan,5,2
ketutup,5,2
reason,5,2
trasfer,5,3
rambipuji,5,3
prangkat,5,3
katsiran,5,2
mako,5,2
instek,5,2
pengembaliannya,5,2
komit,5,2
satu2,5,2
njih,5,2
faedahnya,5,3
melani,5,2
iyes,5,2
wasalam,5,2
kmd,5,2
dibolehin,5,3
putugas,5,2
gaush,5,2
wiih,5,2
nguras,5,2
ngelaporin,5,3
siiplah,5,3
wlw,5,3
kemanan,5,2
pellanggan,5,3
banaa,5,2
carikan,5,2
mluncur,5,2
digunkan,5,2
accountnya,5,2
8pagi,5,2
voucernya,5,4
tantang,5,2
belih,5,2
odometer,5,2
loginya,5,2
terimakasihpun,5,2
wegi,5,2
cepak,5,2
ngikuti,5,2
isdebes,5,3
benjeng,5,3
prmbayaran,5,4
mantabbss,5,3
perubahaan,5,3
plnmobie,5,3
melakuan,5,2
trengginas,5,3
bayarr,5,2
1pun,5,2
penyampaiannya,5,2
cwpat,5,2
ofline,5,2
klick,5,2
slamat,5,2
sebelumny,5,2
bubarkan,5,2
digengaman,5,3
memberkan,5,2
sejagat,5,2
yaampun,5,3
kendalaa,5,2
padalarang,5,3
bapa2,5,2
informadi,5,2
tnggl,5,2
mampaat,5,2
aneeh,5,2
ngecheck,5,3
profinsi,5,2
dibagusin,5,3
gangguanlistrik,5,3
sagan,5,2
abiel,5,2
keren2,5,2
sekalin,5,2
pelanayan,5,2
include,5,2
bangeut,5,2
humoris,5,2
dganti,5,2
gadingrejo,5,2
lowres,5,2
realitanya,5,2
kelurga,5,3
gandoz,5,2
penilaiannya,5,2
masyaalloh,5,2
mudaa,5,2
urus2,5,2
aploud,5,3
50mbps,5,3
ketus,5,2
yutub,5,2
transaksii,5,2
nolak,5,2
godd,5,2
kandangan,5,2
dechh,5,2
dipermuda,5,2
actionnya,5,2
banayak,5,2
luwar,5,2
problems,5,2
hadiah2,5,2
tampah,5,2
loporan,5,2
iseng2,5,2
wokeh,5,2
mubazir,5,2
membyar,5,2
kna,5,2
goes,5,2
bingitt,5,2
slain,5,2
lemod,5,2
watwet,5,2
selangit,5,2
renewable,5,3
telfn,5,3
bapk,5,2
nemuin,5,2
aplikasiku,5,2
sertai,5,2
ecek2,5,3
rooftop,5,2
bertransaski,5,3
ngehe,5,2
batumarta,5,3
sepaket,5,2
plann,5,2
mbca,5,2
2rb,5,2
0k,5,2
kenyamanannya,5,2
lapoaran,5,3
substation,5,2
lanjutannya,5,2
tekhnisinya,5,3
dipilihan,5,2
samaa,5,2
ngancem,5,3
gliran,5,2
krui,5,2
dwonlod,5,4
terimakadih,5,3
permohanan,5,3
harusny,5,2
operational,5,2
socket,5,2
pungsinya,5,2
ancen,5,2
berjuta,5,2
telpnya,5,2
kasii,5,2
sldo,5,2
1th,5,2
proses2,5,2
pelaya,5,2
awalny,5,2
satukan,5,2
ptg,5,2
terburu,5,2
pembaran,5,2
berhemat,5,2
gandozz,5,3
nunggu2,5,2
samakan,5,2
patok,5,2
aro,5,2
waud,5,2
aduhan,5,2
dengkul,5,2
membalasnya,5,2
nmax,5,2
mubal,5,2
aplikssi,5,3
kerenzz,5,2
wt,5,2
upstream,5,3
dsya,5,2
aesthetic,5,4
tokonya,5,2
ggk,5,2
sudsh,5,2
menyampai,5,3
penangganannya,5,2
garibet,5,3
merekomendasikannya,5,3
motong,5,2
discont,5,2
maja,5,2
agentnya,5,2
tunjukan,5,2
ajari,5,2
kucoba,5,2
syuka,5,2
innovative,5,2
teebaik,5,3
softwarenya,5,2
sukseme,5,3
aalamiin,5,4
madalah,5,2
kebawa,5,2
teweh,5,2
makinmudah,5,2
nebak,5,2
1juta,5,2
yidak,5,2
semamin,5,2
perifikasi,5,2
sekang,5,2
tindaki,5,2
ngatain,5,2
aah,5,2
pengecek,5,2
homepage,5,2
menyediaka,5,3
baiik,5,2
bocil,5,2
smpt,5,2
maklumi,5,2
pengoprasian,5,3
callcenternya,5,3
donlud,5,3
gratisny,5,2
makiin,5,2
tukerin,5,2
bagusdan,5,2
kkntor,5,2
terpercya,5,3
sekarangg,5,2
inimah,5,2
pananganan,5,3
tiketnya,5,2
terbai,5,2
menjdi,5,2
lacar,5,2
dimn,5,2
adanyaa,5,2
airmadidi,5,3
pdl,5,2
kluar2,5,3
mmbayar,5,2
kedpan,5,2
cepeett,5,3
nagan,5,2
tokem,5,2
fersi,5,2
tertibkan,5,2
dongs,5,2
ntu,5,2
macamnya,5,2
masalahmu,5,2
fitu2,5,3
upgrd,5,3
pemakayan,5,2
secanggih,5,2
haja,5,2
securiti,5,2
puaass,5,3
angkola,5,2
lampi,5,2
demen,5,2
dicuekin,5,3
proser,5,2
pisann,5,2
memeberi,5,2
moba,5,2
krumah,5,2
sdng,5,2
sareng,5,2
geudong,5,3
kasib,5,2
alhamdu,5,3
banger,5,2
sagala,5,2
booss,5,2
plagan,5,2
lunasnya,5,2
proper,5,2
aduhai,5,2
listrikx,5,2
nyamanan,5,2
koordinasinya,5,2
4jt,5,2
hufftt,5,3
icone,5,2
melakuka,5,2
dimarahin,5,3
stag,5,2
pya,5,2
lovee,5,2
kecee,5,2
subuh2,5,2
sediain,5,2
bengong,5,2
itung,5,2
perbaikilah,5,2
regestrasi,5,3
jkn,5,2
bermaaf,5,2
banggai,5,2
tarimakasih,5,2
semuanyaa,5,2
keaplikasi,5,2
saatt,5,2
suksea,5,3
kekeh,5,2
komenan,5,2
mll,5,2
broken,5,2
apkah,5,2
munculin,5,2
deres,5,2
binuang,5,2
dberikan,5,3
noob,5,2
bejibun,5,3
manggar,5,2
nggih,5,2
going,5,2
epat,5,2
prosesny,5,2
embong,5,2
bingits,5,2
telphon,5,2
isthe,5,2
transsaksi,5,3
urgensi,5,2
menyepelekan,5,3
menbayar,5,2
mengulur,5,3
digeser,5,2
mayang,5,2
bentar2,5,2
padhl,5,2
kebermanfaatan,5,3
sush,5,2
nyal,5,2
pulaa,5,2
sedah,5,2
screenshoot,5,3
laki2,5,2
waaw,5,2
onlain,5,2
tehnisinya,5,3
gnagguan,5,4
semaking,5,2
trdftar,5,3
mllui,5,3
rakya,5,2
ngedadak,5,2
nginstal,5,2
benerr,5,2
dendanya,5,2
oprasional,5,3
upj,5,2
diperjalanan,5,2
mobe,5,2
tagihanlistrik,5,3
ketija,5,2
dikondisikan,5,2
imformsih,5,3
mendownlod,5,5
bkerja,5,3
belii,5,2
impianmu,5,2
efesian,5,2
moga2,5,2
masyarak,5,2
fungsionalitas,5,2
ponit,5,2
ino,5,2
kotabumi,5,3
blokk,5,2
cuih,5,2
fixing,5,2
xepat,5,2
maintance,5,3
pemeliharan,5,2
naekin,5,2
koyo,5,2
buntung,5,2
warahmatullahi,5,5
lembata,5,2
plikasinya,5,2
membludak,5,3
kperluan,5,3
receh,5,2
pencatan,5,2
kertosono,5,3
sukamaju,5,2
aktualnya,5,2
kehapus,5,2
butuhnya,5,2
veripikasi,5,3
mndptkn,5,4
sekerang,5,2
sugan,5,2
blasan,5,2
ceapt,5,2
mga,5,2
diskon2,5,2
luvv,5,3
wlingi,5,3
dluar,5,2
okke,5,2
tetp,5,2
ngebatalin,5,3
annya,5,2
pelaoran,5,3
cabangnya,5,2
hawatir,5,3
adaan,5,2
faat,5,2
disinii,5,2
sklii,5,2
knph,5,2
tumbal,5,2
komplainya,5,2
perhitungannya,5,2
mnyediakan,5,4
tuu,5,2
modah,5,2
jadimudah,5,2
mua,5,2
ktmu,5,2
itel,5,2
pemberitahuanya,5,2
ketangguhan,5,2
namum,5,2
menggunankan,5,2
pahaman,5,2
800rb,5,2
250rb,5,2
kutoarjo,5,4
murahin,5,2
adanx,5,3
ditinggkatkan,5,3
eman,5,2
donlot,5,2
bekerjanya,5,2
abiiss,5,2
kiw,5,2
balesannya,5,3
dibutuhin,5,3
jadih,5,2
conect,5,2
pantek,5,2
ilove,5,2
habiss,5,2
konsumenya,5,2
biyasa,5,3
brikan,5,2
ampuun,5,3
lynn,5,2
batasin,5,2
nuhunn,5,2
dspat,5,2
mudahdi,5,2
terbatalkan,5,3
holding,5,2
instalator,5,2
pnting,5,2
maseeh,5,3
slogannya,5,2
koperatif,5,2
pelaporanya,5,2
menghunakan,5,3
bisak,5,2
sebenrnya,5,3
lagin,5,2
toped,5,2
siborong,5,2
infromasi,5,3
especially,5,4
ganggaun,5,2
hari2,5,2
berenti,5,2
sellalu,5,2
kejelasanya,5,2
msyrakat,5,3
overheat,5,3
tranparansi,5,4
aplikash,5,2
emergensi,5,2
vepat,5,2
sudah2,5,2
aplikais,5,2
amit2,5,3
tersambungnya,5,2
depanx,5,2
prett,5,2
mengonfirmasi,5,2
krunya,5,2
450watt,5,3
diapp,5,2
lamo,5,2
nyesek,5,2
dirumahh,5,2
responding,5,2
masaalah,5,2
diuninstal,5,4
terlama,5,2
swab,5,2
pelapiran,5,2
dioprasikan,5,3
iconplus,5,2
atupun,5,2
ole,5,2
konyolnya,5,2
diskonan,5,2
ags,5,2
denganaplikasi,5,2
paid,5,2
lln,5,2
tersedot,5,2
kemahalan,5,2
dalama,5,2
bills,5,2
setianya,5,2
kotim,5,2
bula,5,2
aktipitas,5,3
aplikasiin,5,2
ggl,5,2
peting,5,2
boiler,5,2
pwtugas,5,2
masohi,5,3
rasuan,5,2
asuu,5,2
sabana,5,2
ecunya,5,2
pertugas,5,3
kale,5,2
butuhin,5,2
penuhin,5,2
nyari2,5,2
liistrik,5,2
tndak,5,2
ngandelin,5,3
direset,5,2
atasinya,5,2
lemahabang,5,2
sbgi,5,2
batasnya,5,2
kembangin,5,2
doku,5,2
shoot,5,2
semantara,5,3
wlau,5,3
dlsb,5,2
penangananny,5,2
mskipun,5,2
weleri,5,2
romadhon,5,3
metodenya,5,2
lanjutkann,5,2
kcp,5,2
banyar,5,2
isdebest,5,4
batrenya,5,3
membantudalam,5,2
terimakasig,5,3
terimakih,5,3
denagan,5,2
bismillahirrahmanirrahim,5,5
troublenya,5,3
hangguan,5,3
bangsatt,5,2
tengtang,5,2
lisrtrik,5,3
15rb,5,2
yuks,5,2
prosess,5,2
pager,5,2
dalaam,5,3
telpon2,5,2
ahir2,5,3
ceknya,5,2
nyesell,5,2
jawatengah,5,2
gpl,5,2
manfa,5,2
inovative,5,2
sehebat,5,2
ngurut,5,2
terimakah,5,2
solit,5,2
transfernya,5,2
4bulan,5,2
febuari,5,2
kendur,5,2
jumper,5,2
solusiny,5,2
mnatap,5,2
udayana,5,2
skring,5,2
gedangan,5,2
disiagakan,5,2
sepaning,5,3
alhamdulliah,5,3
trksh,5,3
hdup,5,2
unauthorized,5,5
kepengakuan,5,2
petugad,5,3
menghandle,5,3
meremajakan,5,2
ciwidey,5,3
pemelian,5,2
mintanya,5,2
aday,5,2
hedeh,5,2
terimaksihh,5,3
atasin,5,2
tergercep,5,3
sepeeti,5,3
padangan,5,2
tolg,5,2
ribeet,5,2
mana2,5,2
biasalah,5,2
vw,5,2
mangil,5,2
terjdi,5,2
baca2,5,2
connectnya,5,2
boja,5,2
tetangga2,5,2
bentu,5,2
lpn,5,2
naro,5,2
mendalo,5,2
transaski,5,3
penggeseran,5,2
smlm,5,2
mauliate,5,3
gagal2,5,2
kemudahkan,5,2
mengcover,5,2
uplikasi,5,2
mkch,5,2
kasoh,5,2
babakan,5,2
ngetiknya,5,2
refres,5,2
tahuna,5,2
jamali,5,2
kemensos,5,2
bdt,5,2
husus,5,2
publiknya,5,2
hebaat,5,2
madep,5,2
teru,5,2
lengkp,5,2
permohan,5,2
udha,5,2
supercepat,5,2
blsan,5,2
mempermudahan,5,2
terimskasih,5,3
diimprove,5,3
cobit,5,2
bireun,5,2
anjrit,5,2
psr,5,2
pusing2,5,2
komplennya,5,2
ngaktifin,5,3
already,5,2
paswod,5,3
terpending,5,2
mudeng,5,2
benernya,5,2
dproses,5,2
dtempat,5,2
pastiin,5,2
hitungannya,5,2
didak,5,2
sytem,5,3
dulu2,5,2
something,5,2
plyananya,5,3
mensupport,5,2
prepaid,5,3
bgett,5,2
lakuin,5,2
bermfaat,5,2
ciko,5,2
sabagai,5,2
bhwa,5,2
5mnit,5,3
mrka,5,2
responsifnya,5,2
aza,5,2
maksain,5,2
dikata,5,2
beberap,5,2
berkedok,5,2
gangguin,5,2
oyy,5,2
slesaikan,5,3
wayhalim,5,3
wiradesa,5,3
sinkronkan,5,2
bikinin,5,2
jazakallah,5,3
dmo,5,2
agriculture,5,4
ngubah,5,2
transmission,5,2
pamadaman,5,3
kemudahn,5,3
pong,5,2
apllikasinya,5,2
rekommended,5,4
mengenakkan,5,2
lengap,5,2
kesemula,5,2
peoses,5,2
mobild,5,2
awasi,5,2
buatnya,5,2
bibik,5,2
geblek,5,2
timeout,5,2
matu,5,2
arenakan,5,2
lampu2,5,2
ajha,5,2
musholla,5,2
afandy,5,2
ramadha,5,2
taghan,5,2
makash,5,2
bagimana,5,2
bangetlah,5,2
tihang,5,3
pambayaran,5,3
nys,5,2
terims,5,2
carger,5,2
mantablah,5,2
cekout,5,2
sepeser,5,2
dituntun,5,3
sidah,5,2
alhadulillah,5,5
jamnya,5,2
antrinya,5,2
afiat,5,2
sender,5,2
flexsible,5,3
ituh,5,2
selaluh,5,2
diperangkat,5,2
tetanga,5,2
rubuh,5,2
paswordnya,5,2
updetan,5,2
yank,5,2
gudjob,5,2
ketiaka,5,2
nanyak,5,2
nukang,5,2
klen,5,2
penyelesaianya,5,2
berubah2,5,2
bernanfaat,5,3
shopway,5,2
laamaa,5,3
prsktis,5,3
authentication,5,4
memgetahui,5,4
ssmoga,5,3
cijawura,5,3
jaktim,5,2
muncull,5,2
kbbb,5,2
layanann,5,2
thankyu,5,2
sape,5,2
terimalah,5,2
mobilen,5,2
kalou,5,2
pulangnya,5,2
pade,5,2
riweh,5,2
manteep,5,3
hoak,5,2
prmohonan,5,3
3bln,5,2
berwajib,5,2
termonitoring,5,3
terkhususnya,5,3
affordable,5,3
gaeess,5,3
printah,5,2
lapo,5,2
meneh,5,2
pembayarann,5,2
murup,5,2
pakam,5,2
ile,5,2
keawal,5,2
demang,5,2
bergiliran,5,3
ganguuan,5,3
samoe,5,2
wangon,5,2
ludes,5,2
mkash,5,2
ubtuk,5,2
nanggapi,5,3
bebenah,5,2
krj,5,2
turun2,5,2
peromo,5,2
terselsaikan,5,3
bacot,5,2
wuih,5,2
toha,5,2
sukanya,5,2
aplikasa,5,2
kesimpan,5,3
nampilin,5,3
layann,5,2
drakor,5,2
ngilangin,5,3
ngeprank,5,3
masuki,5,2
aju,5,2
bergunan,5,2
kompoten,5,2
gabres,5,2
diteken,5,2
sekaki,5,2
prosea,5,2
upadate,5,3
ngabis,5,2
ditegur,5,2
os50,5,2
holder,5,2
55jt,5,2
binter,5,2
ar125,5,2
mmberi,5,2
judah,5,2
dmp,5,2
laporann,5,2
kemudaan,5,2
pengajukan,5,2
yasudah,5,2
perbulanya,5,2
err,5,2
gakk,5,2
itikat,5,2
jaringn,5,2
jempoll,5,2
v2610,5,3
calang,5,2
invoasi,5,3
spertinya,5,2
gedong,5,2
membantau,5,2
panarukan,5,3
mines,5,2
penbayaran,5,3
aplikaso,5,2
suwon,5,2
tidakk,5,2
kaltimra,5,2
boongan,5,2
dikosongkan,5,2
ikhlasin,5,2
gajadi,5,2
balikan,5,2
biling,5,2
nyla,5,2
yanga,5,2
apes,5,2
ulangnya,5,2
ybs,5,2
boyy,5,2
rawas,5,2
almt,5,2
bisi,5,2
penagih,5,3
vc,5,2
pengarahannya,5,2
lncar,5,2
tebingtinggi,5,2
memberkahi,5,2
adminn,5,2
maasyaallah,5,3
familier,5,2
rispek,5,2
tambain,5,2
ngadi,5,2
pengembangnya,5,2
u17,5,2
iconett,5,2
bntuannya,5,3
dimananya,5,2
sokan,5,2
kuras,5,2
hidupin,5,2
ternyaman,5,3
melayaninya,5,2
anying,5,2
melayan,4,2
pascaterhubungnya,4,4
mitranya,4,2
sebelumx,4,2
bapakku,4,2
merspon,4,3
mandira,4,2
alamiin,4,2
dibetulkan,4,3
josiah,4,2
5d,4,2
ksana,4,2
4x24,4,3
selallu,4,3
dimarket,4,2
arsyadani,4,3
ghana,4,2
akmalaputri,4,4
restar,4,2
brhasil,4,2
nggeh,4,2
ngingetin,4,3
kinerjamu,4,2
hostory,4,2
gabener,4,2
cililin,4,2
24jm,4,3
beki,4,2
point2,4,2
piru,4,2
nna,4,2
hbar,4,2
nfp,4,3
fomc,4,3
xauusd,4,4
penagihannya,4,2
memberilan,4,2
jwbnya,4,3
mampermudah,4,3
pasamg,4,3
atalanta,4,3
anggep,4,2
peribadi,4,2
s23,4,2
muzza,4,2
microgrid,4,3
sumberlawang,4,3
eunchae,4,3
nyambung2,4,2
maleo,4,2
ecosystem,4,3
upadte,4,3
trmkasi,4,3
swmoga,4,3
jek,4,2
bacameter,4,2
uograde,4,3
segela,4,2
npa,4,2
prbaikan,4,3
tekait,4,2
situ2,4,2
geh,4,2
mendata,4,2
pertanggungjawaban,4,2
trainset,4,2
fais,4,2
udik,4,2
baanget,4,3
tross,4,2
kreta,4,2
sukmajaya,4,2
unutk,4,2
disiang,4,2
ceremony,4,3
alvin,4,2
bev,4,2
langgar,4,2
shat,4,2
akin,4,2
menginformasikannya,4,3
tuo,4,2
melakaukan,4,2
dpersulit,4,3
saset,4,2
kaseh,4,2
sbntar,4,3
lebis,4,2
benefitnya,4,2
dikirimnya,4,2
turu,4,2
pembanyaran,4,3
celuler,4,2
makun,4,2
hooq,4,2
hahaa,4,2
sdgkn,4,3
disistem,4,2
nuwon,4,2
expres,4,2
bagusa,4,2
atmin,4,2
drpada,4,2
rp19,4,2
nati,4,2
mecari,4,2
rp114,4,2
wehh,4,2
gakada,4,2
sbntr,4,3
bore,4,2
penerangannya,4,2
emnk,4,2
jbm,4,2
dicantumin,4,3
cantumin,4,2
100rbu,4,3
dikrnkan,4,3
gga,4,2
hujanan,4,2
pemudah,4,2
melopor,4,2
undian2,4,2
recomendded,4,4
skb,4,2
grafiknya,4,2
perantau,4,2
ealah,4,2
menggala,4,2
3menit,4,2
dipke,4,2
ppln,4,2
changan,4,2
suply,4,2
estetik,4,2
diotak,4,2
capekk,4,2
pekerjakan,4,2
terangin,4,2
interconnection,4,5
nugg,4,2
berasap,4,2
2tahun,4,2
daritadi,4,3
memperbaharui,4,4
kssih,4,2
jangkaun,4,2
pubg,4,2
merduati,4,2
imput,4,2
terkondisi,4,2
tkx,4,2
mantabh,4,2
terselasaikan,4,3
legkap,4,2
brrti,4,3
kilovolt,4,3
oem,4,2
benari,4,2
jabung,4,2
perpipaan,4,3
menjelaskannya,4,2
sanjose,4,2
kecwa,4,2
taro,4,2
bugus,4,2
allaah,4,2
ploso,4,2
ngelacak,4,2
mempan,4,2
carany,4,2
betutu,4,2
dllnya,4,2
hufft,4,3
meyediakan,4,2
siji,4,2
imbau,4,2
daptarin,4,3
segerakan,4,2
23rb,4,2
keropos,4,2
diberesin,4,2
joss,4,2
apl8kasi,4,4
smog,4,2
tull,4,2
tambaha,4,2
pertma,4,2
pegisian,4,2
zeus,4,2
kakak2,4,2
tengkiuu,4,3
trimaksaih,4,3
belun,4,2
hurup,4,2
pencegahannya,4,2
electro,4,2
salahsatunya,4,2
350rb,4,2
undianya,4,2
nyuss,4,2
tebel,4,2
menyakut,4,2
untungkan,4,2
azwar,4,2
jelaa,4,2
imbangi,4,2
riyan,4,2
cashless,4,2
sekalli,4,2
hotu,4,2
jic,4,2
srikandi,4,3
memperkokoh,4,2
ngaleng,4,2
dikirimin,4,2
loba,4,2
kureng,4,2
solusix,4,2
sekitarmu,4,2
casan,4,2
semamgat,4,3
menejemen,4,3
bermangfaat,4,3
mnta,4,2
supel,4,2
ssja,4,2
memuaska,4,3
digardu,4,3
byd,4,2
seems,4,2
agents,4,2
responsenya,4,2
prakarya,4,3
danmemudahkan,4,3
teka,4,2
megerti,4,3
tersendat,4,2
terlewati,4,2
sebalik,4,2
endak,4,2
mengecewakn,4,3
perketat,4,3
layanna,4,3
asek,4,2
perbiki,4,2
tops,4,2
gituh,4,2
reviewnya,4,2
iia,4,2
luurr,4,2
ruarr,4,2
mendiri,4,2
acungkan,4,2
bokap,4,2
oy,4,2
melaluii,4,2
palimanan,4,3
lapr,4,2
baddoka,4,3
selalunya,4,2
up3b,4,3
bebersih,4,2
mamuaskan,4,2
maakin,4,2
puaas,4,3
kuswardono,4,3
apilkasinya,4,4
motormu,4,2
aplicasi,4,3
lumanyan,4,3
perluan,4,2
pngguna,4,2
kuluhan,4,2
konfirmasih,4,2
semakan,4,2
monitoringnya,4,2
lanjutanya,4,2
m9bile,4,4
alternator,4,2
beberapakali,4,2
genz,4,2
jqr,4,3
spull,4,2
surat2,4,2
stanmeyer,4,3
zz,4,2
pengecakan,4,2
std,4,2
diseminasi,4,2
lamar,4,2
dirating,4,2
kedapannya,4,2
kegangguan,4,3
pacak,4,2
arahanya,4,2
maasyaaallah,4,5
kesepahaman,4,2
debugging,4,3
perangakat,4,2
ngegas,4,2
konfimasi,4,3
kbar,4,2
dwnlod,4,4
ugrade,4,3
ngubungin,4,3
panton,4,2
sekua,4,2
menautkan,4,2
hebaatt,4,3
disegerakan,4,3
mugo,4,2
maknyoss,4,3
plamo,4,2
saggat,4,3
tekankan,4,2
lalot,4,2
aok,4,2
gantiin,4,2
terdukung,4,2
mksud,4,3
bangget,4,2
tas2nya,4,3
prosedural,4,2
trrus,4,2
losstro,4,2
bermenfaat,4,3
cepan,4,2
danjuga,4,2
jtb,4,2
gunah,4,2
banti,4,2
junaidi,4,2
rezki,4,2
untuj,4,2
poknya,4,2
periksanya,4,2
rahmah,4,2
nyantol,4,3
lestrik,4,2
jml,4,2
minal,4,2
ketersedian,4,2
matrial,4,2
beritau,4,2
nyasangat,4,2
kenapah,4,2
membutukan,4,2
tggu,4,2
300ribu,4,2
sehinggah,4,2
padalah,4,2
karnaa,4,2
instalnya,4,2
blk,4,2
stoknya,4,2
outsorcing,4,3
nmrnya,4,3
majalaya,4,2
difa,4,2
permasahan,4,2
mengani,4,2
sukorejo,4,2
daera,4,2
malasan,4,2
pembilan,4,2
ngarang,4,2
berkaria,4,2
respeck,4,2
kwatir,4,3
pelu,4,2
penopang,4,2
golek,4,2
barokallah,4,4
masha,4,2
baradatu,4,3
struck,4,2
kliring,4,2
istrahat,4,2
padagal,4,2
biasax,4,2
programer,4,2
relog,4,2
larantuka,4,3
jiga,4,2
palingan,4,2
pengontrolan,4,3
diperas,4,2
dimari,4,2
kitanya,4,2
sengkang,4,2
caper,4,2
moal,4,2
sengan,4,2
mentap,4,2
unggulannya,4,2
jeglek2,4,4
jingle,4,2
pengajun,4,3
ngntk,4,3
ssangat,4,2
indomrt,4,2
kox,4,2
megisi,4,2
wungu,4,3
boven,4,2
ebilling,4,3
keringan,4,2
iye,4,2
melaluin,4,2
trapo,4,2
dputus,4,2
kuponnya,4,2
bangsri,4,2
okayy,4,2
cukub,4,3
matters,4,2
diundur,4,2
tigkatkan,4,4
spulnya,4,3
sakem,4,2
nps,4,2
teimaksih,4,3
sanggan,4,2
nanga,4,2
kamai,4,2
50rbu,4,3
ngejepret,4,3
pahamai,4,2
carging,4,2
syamsiah,4,2
monil,4,2
10hr,4,2
truz,4,2
ua,4,2
everyone,4,2
disalahin,4,2
langsu,4,2
ampuunn,4,3
reports,4,2
berastagi,4,3
menghubingi,4,4
berleh,4,2
bacan,4,2
ngaret,4,2
membantukami,4,2
gangguanpun,4,2
dlh,4,2
riskan,4,2
mananya,4,2
tajurhalang,4,4
setaun,4,2
aplikasikannya,4,2
kenp,4,2
kepasar,4,2
masangnya,4,3
gangguna,4,2
chargingnya,4,3
dimulasi,4,2
numero,4,2
didarat,4,2
170v,4,2
tingktkan,4,3
kerreen,4,2
urusan2,4,2
timakasi,4,3
muhon,4,2
penangnan,4,2
sanya,4,2
separoh,4,2
banyaak,4,3
malayani,4,2
haduuhh,4,3
kereng,4,2
sangatla,4,2
tapos,4,2
eroor,4,2
melayanani,4,3
fakfak,4,2
ditinjak,4,3
nunda,4,2
sangta,4,2
penga,4,2
terakses,4,2
mengisih,4,2
listrikkan,4,2
700k,4,2
ditinggali,4,2
orng2,4,2
dipelayanan,4,2
bagos,4,2
mnangani,4,2
ordal,4,2
memudahankan,4,2
dongo,4,2
mlapor,4,2
mengalamai,4,2
kedaluwarsa,4,3
puaslah,4,2
dilaunching,4,3
wooii,4,2
yerbaik,4,2
meliat,4,2
jadj,4,2
klise,4,2
trjdi,4,3
terbak,4,2
ssmua,4,3
speedometer,4,2
powerful,4,2
cuepet,4,2
apliakasinya,4,3
debug,4,2
buatt,4,2
chargernya,4,2
rama2,4,2
kuotanya,4,2
instlasi,4,2
temennya,4,2
nemen,4,2
dinon,4,2
pelayayanan,4,2
responpun,4,2
minjem,4,2
floorkan,4,2
lagging,4,2
jargon,4,2
penduan,4,2
prmo,4,2
tambaj,4,2
mmembantu,4,3
ttang,4,2
peripikasi,4,4
gunungsitoli,4,3
sutet,4,2
brmanpaat,4,4
aplikazi,4,3
mengefisienkan,4,3
bantargebang,4,3
cooperatif,4,2
dibukaa,4,2
updat,4,2
perbagus,4,2
gamoang,4,2
lapanga,4,2
merasah,4,2
10mbps,4,3
agats,4,2
umah,4,2
plered,4,2
bertahu,4,2
kassih,4,2
dipakay,4,2
satrio,4,2
hendrik,4,2
pesawaran,4,2
alikasinya,4,3
membatun,4,3
bannyak,4,2
bermnafaat,4,3
mudahdan,4,2
penggatian,4,2
pertnyaan,4,3
focer,4,2
kudah,4,2
gandoos,4,3
kemajuannya,4,2
palayan,4,2
kito,4,2
taglist,4,2
semuasemakinmudah,4,4
perfoma,4,2
voucher2,4,2
gabikin,4,2
dayax,4,2
tranformasi,4,2
ketka,4,2
memuahkan,4,3
rengasdengklok,4,6
semual,4,2
ditanggapinya,4,2
banyaj,4,2
barusaja,4,2
6kali,4,2
grak,4,2
melalkukan,4,3
bta,4,2
updatetan,4,2
abudemen,4,3
bypas,4,2
brlum,4,2
langsun,4,2
bulann,4,2
recomanded,4,3
durasinya,4,2
maah,4,2
pitur2nya,4,4
sontoloyo,4,4
bertraksi,4,3
melaporakan,4,2
gondanglegi,4,3
bpp,4,2
penamabahan,4,3
mcn,4,2
metaran,4,2
mendang,4,2
jetika,4,2
ceat,4,2
congrats,4,3
mauu,4,2
akal2an,4,3
smnjak,4,3
shoping,4,2
kite,4,2
mtap,4,2
yokk,4,2
gunainnya,4,2
datangg,4,2
oasang,4,2
sellau,4,2
rohendi,4,2
pahamin,4,2
uinya,4,2
listrilk,4,3
s2,4,2
sulutgo,4,2
ngoding,4,2
nieh,4,2
pengunduhan,4,2
selesain,4,2
ketetangga,4,4
pelen,4,2
terputusnya,4,2
nanang,4,2
worst,4,2
perawang,4,2
melakukkan,4,2
beuhh,4,2
tipping,4,2
denom,4,2
terupgrade,4,3
trace,4,2
posisikan,4,2
sabaran,4,2
terangg,4,2
tdnya,4,2
iformasi,4,2
diputer,4,2
kerusak,4,2
sinjang,4,2
jemari,4,2
dilangit,4,3
bismilah,4,2
dititik,4,2
salah2,4,2
indonesiaa,4,2
dulillah,4,2
quik,4,2
sukatani,4,3
hadeeuh,4,3
ngabis2in,4,4
birokrasinya,4,2
tgs,4,2
stepnya,4,2
scoopy,4,2
intimidasi,4,2
mendapatakan,4,2
boba,4,2
calok,4,2
mengesalkan,4,2
bsik,4,2
pemasngan,4,2
pergerakannya,4,2
dihilangin,4,3
mnghubungi,4,2
gembar,4,2
penggantiannya,4,2
fest,4,2
wiihh,4,2
simplee,4,2
pengunanya,4,3
lago,4,2
rampah,4,2
mnyelesaikan,4,4
markteplace,4,3
radix,4,2
taraa,4,2
memdahkan,4,3
angguan,4,2
memu,4,2
edc,4,2
bermanafaat,4,3
exelent,4,3
gito,4,2
impo,4,2
publikasikan,4,2
disensor,4,2
memggunakan,4,4
sampee,4,2
lewar,4,2
sekringnya,4,3
apkh,4,2
bika,4,2
janarata,4,2
terdzolimi,4,4
semakim,4,2
ngono,4,2
atambua,4,3
kaish,4,2
sgitu,4,2
dihandle,4,3
bangsad,4,2
ahlak,4,2
broh,4,2
sangnat,4,2
adiksi,4,2
jujurly,4,2
ngelink,4,2
x2,4,2
khususny,4,2
penjawab,4,2
memudahkaan,4,4
setruk,4,2
ragihan,4,2
muser,4,2
berbeda2,4,2
puat,4,2
ngungsi,4,2
mnyala,4,3
disinkronkan,4,4
ngambek,4,3
cemana,4,2
tahukan,4,2
tersolusikan,4,3
sayq,4,2
kelistrikanya,4,2
mantapkan,4,2
xan,4,2
puksa,4,2
melakukn,4,3
msukkan,4,2
tanggapai,4,2
maav,4,2
sbelah,4,2
kebonagung,4,2
psng,4,2
emai,4,2
penerusan,4,2
900kva,4,3
termksh,4,3
baubau,4,2
bya,4,2
didowload,4,3
akhire,4,2
sahari,4,2
termis,4,2
pasola,4,2
hbngi,4,3
merespond,4,2
menyengsarakan,4,4
tegap,4,2
bdg,4,2
gerceepp,4,4
pelayanancepat,4,2
sensor2,4,2
pnambahan,4,2
mlkkan,4,3
keganggu,4,2
tagani,4,2
separah,4,2
ketidaktahuan,4,2
oe,4,2
sdang,4,2
waaww,4,3
perhatiin,4,3
ngabantos,4,3
helping,4,2
seenggaknya,4,3
sangag,4,2
perthankan,4,2
oranglain,4,2
dedicated,4,3
viralkan,4,2
aktifnya,4,2
5bintang,4,2
kangean,4,2
susaah,4,2
kodi,4,2
eazy,4,2
gandrungmangu,4,4
mainin,4,2
solder,4,2
nmbah,4,2
husni,4,2
nyelesain,4,3
salh,4,2
alurnya,4,2
10m,4,2
perosesnya,4,3
manjat2,4,3
8an,4,2
dansangat,4,2
berserta,4,2
jedah,4,2
didin,4,2
berlama,4,2
pengalam,4,2
backend,4,2
samboja,4,3
disurvei,4,4
pengetikan,4,2
500kb,4,2
aplikasiinya,4,2
bissa,4,2
amanh,4,2
activasi,4,2
bermslh,4,3
kasinya,4,2
ngalahin,4,3
tahu2,4,2
dgm,4,2
adamya,4,2
terkuras,4,2
louding,4,2
kedaftar,4,3
dimeter,4,2
aktifitasnya,4,2
a1,4,2
runah,4,2
parenggean,4,4
iconic,4,2
tenggat,4,2
roken,4,2
bacanya,4,2
expect,4,2
bermanfaar,4,3
padm,4,2
wkwkwkwkwk,4,3
mbil,4,2
konsletnya,4,3
flexsibel,4,3
inikan,4,2
gemes,4,2
knoll,4,2
mndapatkan,4,2
pelanganya,4,2
lebij,4,2
transferan,4,2
eeeh,4,2
gapang,4,2
bpak2,4,3
iconnya,4,2
mndukung,4,3
sna,4,2
jawapan,4,2
sentani,4,2
sskali,4,2
tersalurkan,4,2
eletronik,4,3
resolved,4,3
trackingnya,4,2
tym,4,2
6jt,4,2
diudara,4,2
sukakk,4,2
bersma,4,2
efisen,4,3
duitan,4,2
dasyat,4,2
terlacak,4,2
maupaun,4,3
g20,4,2
tersengat,4,2
semanggat,4,4
swmua,4,3
tehnis,4,2
mendukun,4,3
bertulisan,4,3
lebih2,4,2
reapons,4,3
mengada,4,2
upgrede,4,3
brisik,4,2
hhe,4,2
able,4,2
rensponsif,4,4
gayaan,4,2
klometer,4,2
herannya,4,2
penanganann,4,2
reinstall,4,2
megadu,4,2
satisfying,4,5
nanganinnya,4,3
apelikasi,4,2
layananmu,4,2
benarkan,4,2
gmaps,4,2
ybm,4,2
afli,4,2
udan,4,2
layananannya,4,2
dksh,4,2
meringgankan,4,4
gapunya,4,2
masyrkt,4,3
menukarkan,4,2
mantapps,4,2
menghubugi,4,4
isin,4,2
dibiarin,4,3
kecek,4,2
teler,4,2
apload,4,2
jlek,4,2
partnya,4,2
ketegasan,4,2
terusin,4,2
dans,4,2
kerend,4,2
sawang,4,2
foto2,4,2
icconect,4,3
drpda,4,3
biaa,4,2
caruban,4,2
bkan,4,2
changes,4,2
tdik,4,2
setengah2,4,2
terobosannya,4,2
vamos,4,2
perubah,4,2
dianya,4,2
gunankan,4,3
ganggaman,4,2
ngang,4,2
ngong,4,2
perkembanganya,4,2
ngeles,4,2
brhubungan,4,2
trimakasii,4,3
semejak,4,2
taktis,4,2
digunaka,4,2
minimalisir,4,2
pembayaraan,4,3
grimis,4,2
detect,4,2
req,4,2
moutong,4,3
parigi,4,2
pendemi,4,2
peralatannya,4,2
pwk,4,2
ribeett,4,3
teraliri,4,3
saaya,4,2
latanan,4,2
sydah,4,2
dinyalain,4,2
baterainya,4,2
sangking,4,2
sngatlah,4,3
masa2,4,2
diangka,4,3
adonara,4,3
eek,4,2
bgmna,4,2
onlineshop,4,2
ponakan,4,2
penukarannya,4,3
haruss,4,2
tertaut,4,2
sekarag,4,2
anjink,4,2
rekomendid,4,2
kengkap,4,3
memusahkan,4,2
geogle,4,2
bln2,4,2
kmari,4,2
ukt,4,2
databasenya,4,2
urusn,4,2
gartis,4,2
jya,4,2
yees,4,2
promox,4,2
ndi,4,2
kendla,4,2
kembli,4,2
teerimakasih,4,3
sangaik,4,3
menangangi,4,2
hla,4,2
vochernya,4,3
tejadi,4,2
ketokan,4,2
alhamdulillh,4,3
sukak,4,2
swmakin,4,3
rugiin,4,2
stroomnetnya,4,4
mene,4,2
dbest,4,2
khoiron,4,3
uhuuy,4,3
iyah,4,2
nama2,4,2
pertahanin,4,3
menghub,4,2
reload,4,2
lht,4,2
notifkasi,4,4
managernya,4,2
berduit,4,2
mehong,4,2
kadarluasa,4,3
topbgt,4,4
teeimakasih,4,3
pengadukan,4,2
tabing,4,2
ngurusi,4,2
pemadanan,4,2
loohh,4,2
dikomplen,4,3
confirmasi,4,2
ktya,4,2
agst,4,2
krang,4,2
normalkan,4,2
trbaru,4,2
bgn,4,2
suadah,4,2
launch,4,2
sandinya,4,2
lopi,4,2
a71,4,2
fintech,4,2
pelanga,4,2
mnyampaikan,4,4
diundi,4,2
denfan,4,2
ubek,4,2
ccd,4,2
cepata,4,2
pota,4,2
menagapi,4,2
ngadepin,4,3
wasap,4,2
pemasangnya,4,2
banyumanik,4,3
nahh,4,2
thxs,4,2
ktny,4,2
pening,4,2
transaks,4,2
idelnya,4,3
berhati2,4,2
menyelsaikan,4,3
nyuri,4,2
suip,4,2
nomet,4,2
kompensasinya,4,2
setidak,4,2
promoo,4,2
70rb,4,2
5mnt,4,3
mbk,4,2
pendaptaran,4,3
ipuh,4,2
gibran,4,2
tersistem,4,2
masik,4,2
pelanyannya,4,3
ngitung,4,2
macem2,4,2
kotaraya,4,2
seamless,4,3
masyarakar,4,2
dancok,4,2
dibayarin,4,2
gratifikasi,4,2
bermampat,4,3
smile,4,2
reni,4,2
helps,4,2
simulasinya,4,2
nyiapin,4,3
jirr,4,2
terlapor,4,2
susahin,4,2
nawarin,4,2
terpake,4,2
prabayarnya,4,2
doongg,4,2
mengedepan,4,2
ngecat,4,2
kelur,4,2
mbeli,4,2
ajibarang,4,2
egk,4,2
direstart,4,3
100mbps,4,3
pemakaiyan,4,2
palaporan,4,3
brondong,4,2
mahall,4,2
miin,4,2
senag,4,2
piyee,4,3
sambungin,4,2
b3,4,2
matreal,4,2
biasah,4,2
tenann,4,2
responsife,4,2
yeni,4,2
jatoh,4,2
memyaskan,4,3
barengan,4,2
halu,4,2
thnx,4,2
bati,4,2
yv,4,2
diguna,4,2
mudag,4,2
dalqm,4,3
bwa,4,2
terbitkan,4,2
ngeceknya,4,2
situasinya,4,2
aplikator,4,2
dilampirkan,4,2
pademi,4,2
puya,4,2
makasiihh,4,2
diblg,4,3
idiot,4,2
tny,4,2
kedondong,4,2
shiip,4,2
mantapnya,4,2
disimpen,4,3
uye,4,2
mmobile,4,3
nais,4,2
zos,4,2
markojos,4,3
biisa,4,2
kerjaanya,4,2
300an,4,2
bhkn,4,2
untuh,4,2
perkerja,4,2
undefined,4,4
gagall,4,2
kencong,4,2
storm,4,2
rese,4,2
kerahkan,4,2
brkaitan,4,3
wee,4,2
kecill,4,2
taluk,4,2
seluma,4,2
zoss,4,2
melalaui,4,3
terimas,4,2
rimakasih,4,3
wedarijaksa,4,4
aplikkasi,4,3
rame2,4,2
aplilkasi,4,4
krjakan,4,2
mobli,4,2
mantaaps,4,3
finally,4,2
hadeeuuhh,4,4
setingan,4,2
lokasii,4,2
terbaaik,4,3
kerusan,4,2
sedangan,4,2
diketerangan,4,2
melunjak,4,2
bangsaku,4,2
goib,4,2
yey,4,2
lrbih,4,3
dichek,4,3
tngh,4,2
tenyata,4,2
lakas,4,2
rusuh,4,2
6bulan,4,2
dituntaskan,4,3
boking,4,2
lubuklinggau,4,4
tingkatkat,4,2
ngajuin,4,2
sls,4,2
dulur,4,2
ngabisi,4,2
buatmu,4,2
fiture2,4,3
deboss,4,2
benerinnya,4,2
baikdan,4,2
mita,4,2
mibil,4,2
membudahkan,4,3
pemasanggan,4,2
bejam,4,2
ipel,4,2
sakarang,4,2
pngerjaan,4,3
koba,4,2
tku,4,2
nyokap,4,2
diaksesnya,4,2
kebutuhn,4,2
cikalong,4,2
turus,4,2
nee,4,2
indrapura,4,2
mngecewakan,4,3
powernya,4,2
kelass,4,2
gedek,4,2
ngechek,4,3
kmdian,4,2
notice,4,2
baiki,4,2
hayo,4,2
penganjuan,4,2
tanggung2,4,2
900rb,4,2
1300watt,4,3
sloww,4,2
ligat,4,2
haripun,4,2
aksess,4,2
admi,4,2
dilapang,4,2
checking,4,2
itukan,4,2
hystory,4,3
oprek,4,2
syukaa,4,2
disatu,4,2
gendeng,4,2
berkha,4,2
zainul,4,2
callback,4,2
tercoverage,4,3
medukung,4,2
esoknya,4,2
cukuo,4,3
tlp123,4,2
balong,4,2
alo,4,2
abai,4,2
2th,4,2
patas,4,2
pengcekan,4,3
transaction,4,2
sure,4,2
sellernya,4,2
memasuk,4,2
dengang,4,2
dikon,4,2
tulisa,4,2
blsnya,4,3
biss,4,2
dipagi,4,2
seblum,4,2
sebelmnya,4,2
diskotik,4,2
wlp,4,2
kendalikan,4,2
manajemennya,4,2
petanya,4,2
betulan,4,2
mantuk,4,2
dilapangkan,4,2
notofikasi,4,4
labuh,4,2
labgsung,4,3
ngerawat,4,2
mengunkan,4,2
berati,4,2
nginput,4,2
riweuh,4,3
pengecekannya,4,2
mhal,4,2
gedor2,4,3
wess,4,2
pagii,4,2
ngejelasin,4,3
motonya,4,2
daa,4,2
itukah,4,2
alhmdlah,4,3
sebaginya,4,2
tranksaksi,4,3
repor,4,2
habisan,4,2
makainya,4,2
greget,4,2
idah,4,2
saia,4,2
tapu,4,2
responds,4,2
tindakkan,4,2
cetap,4,2
perubaha,4,3
coustemer,4,3
conection,4,2
terkususnya,4,3
soga,4,2
paa,4,2
mndapat,4,2
nyambungin,4,2
sebener,4,2
gj,4,2
bantuu,4,2
rugii,4,2
profesinal,4,3
kunsumen,4,3
okeyy,4,2
yhh,4,2
s1,4,2
pkoke,4,2
handall,4,2
inofatif,4,3
ngelola,4,2
2thn,4,2
kwn,4,2
membantun,4,2
keno,4,2
blablabla,4,4
blutooth,4,3
mksudnya,4,4
oprasi,4,2
promi,4,2
20hari,4,2
tamabah,4,2
implementasikan,4,2
bagay,4,2
dtunggu,4,2
gerangan,4,2
unisntal,4,3
gakuat,4,2
nahan,4,2
terbaruu,4,2
slonya,4,2
stap,4,2
ngancam,4,2
kotop,4,2
ancurr,4,2
menerjang,4,2
klem,4,2
saparua,4,3
natap,4,2
jaringa,4,2
sribhawono,4,4
trauble,4,2
aplikasina,4,2
sangt2,4,3
gandhian,4,3
ada2,4,2
andelin,4,2
bodohi,4,2
7jam,4,2
rakat,4,2
volta,4,2
oake,4,2
disitulah,4,2
trbuka,4,2
kbuka,4,2
hoe,4,2
nth,4,2
dtgnya,4,2
apgrade,4,2
sein,4,2
bude,4,2
kecolongan,4,2
jompo,4,3
buanyak,4,2
secepet,4,2
ngontrol,4,2
bobok,4,2
karene,4,2
membat,4,2
menyelesaiakan,4,3
cincong,4,2
dilunasi,4,3
disungai,4,2
nabung,4,2
stromnya,4,2
pwd,4,2
percut,4,2
sexual,4,2
eksplor,4,2
mmbutuhkan,4,2
liat2,4,2
saranya,4,2
ojo,4,2
nyt,4,2
jpy,4,2
btc,4,2
suga,4,2
menyukseskan,4,2
suee,4,2
lemmot,4,3
rampok,4,2
aahh,4,2
personilnya,4,2
hiraukan,4,2
quickrespon,4,3
mungkid,3,2
rakyatt,3,2
intercom,3,2
tanggan,3,2
meloporkan,3,3
ode,3,2
ditiap,3,2
mantappln,3,3
selkali,3,2
ulala,3,2
jwaban,3,2
kampungku,3,2
paser,3,2
tujukan,3,2
jalau,3,2
ult,3,2
hev,3,2
phev,3,2
hyul,3,2
lemes,3,2
itni,3,2
eviden,3,2
pelayanang,3,2
tha,3,2
lowbat,3,2
sidai,3,2
mksihh,3,3
fasst,3,2
tampiasih,3,3
bafus,3,3
ujungberung,3,3
terlemot,3,3
guno,3,2
karirmu,3,2
acu,3,2
nyapu,3,2
onda,3,2
didana,3,2
onitsuka,3,3
ngomng,3,3
halo2,3,2
trsedia,3,2
sok2,3,2
kataya,3,2
ngeloading,3,3
konpensasi,3,4
kitiran,3,2
naon,3,2
adsnya,3,2
kbel,3,2
andoid,3,2
koata,3,2
tpat,3,2
citayem,3,3
berkata2,3,2
mengaplikasi,3,2
lmyan,3,2
suxses,3,3
teunom,3,3
direpotkan,3,2
prkatis,3,3
twrima,3,3
deui,3,2
abiis,3,2
bersinarlah,3,2
urursan,3,3
lunch,3,2
sbnernya,3,3
splash,3,2
padalan,3,2
meterai,3,2
karrna,3,3
alor,3,2
berbangga,3,3
perharinya,3,2
pembayaranpun,3,2
bpuj,3,2
aktip,3,2
markt,3,2
wooyy,3,2
boyo,3,2
solah,3,2
kontroling,3,2
xiomi,3,2
mulyono,3,2
ngulang2,3,3
katro,3,2
ngalir,3,2
diemin,3,2
mengguanakan,3,3
jakabaring,3,3
paswor,3,3
fitus,3,2
publis,3,2
skelas,3,2
cepat2,3,2
kryawannya,3,3
nurut,3,2
pengatasan,3,2
pelaopran,3,4
kenerjanya,3,3
tolomg,3,3
ajee,3,2
menanak,3,2
abonemen,3,2
tekon,3,2
gabungkan,3,2
r1mt,3,4
ngampang,3,3
saar,3,2
trmaksh,3,3
1jm,3,3
perbhan,3,2
soliidd,3,3
sulusinya,3,2
passwort,3,3
highly,3,2
karin,3,2
uodate,3,3
cisewu,3,2
serumit,3,2
langkah2nya,3,3
listnya,3,2
safty,3,2
bertrasaksi,3,4
nyobak,3,2
ngumumin,3,3
aini,3,2
10thn,3,2
erbaik,3,2
sesuaian,3,2
digitnya,3,2
awokawok,3,4
tell,3,2
danlain,3,2
dibuatin,3,2
terhub,3,2
tenga,3,2
berahklak,3,4
babget,3,2
junk,3,2
sekaranh,3,3
passw,3,2
ditingkatan,3,2
sinau,3,2
kie,3,2
pemberitahun,3,2
shame,3,2
reinstal,3,2
30wib,3,3
jegleg,3,3
laporr,3,2
edukasinya,3,2
matul,3,2
djoss,3,2
hsl,3,2
korona,3,2
bka,3,2
salahan,3,2
ico,3,2
madah,3,2
brkali2,3,3
udahkan,3,2
mngakses,3,2
leled,3,2
paan,3,2
gadapet,3,3
tidka,3,2
sofware,3,2
tenks,3,2
goo,3,2
akeh,3,2
kwitansi,3,2
manfatnya,3,3
tlog,3,2
menbuat,3,2
bekum,3,2
pemeblian,3,3
diberanda,3,2
bintangya,3,2
sblmny,3,3
maalah,3,2
tester,3,2
2menit,3,2
okr,3,2
seakan2,3,2
menge,3,2
ipl,3,2
mksd,3,2
maslahnya,3,2
berpuas,3,2
kalumpang,3,3
bos2,3,2
tampilnya,3,2
kayong,3,2
tarus,3,2
withdrawal,3,2
keluhana,3,2
hadeeuuh,3,4
paketnya,3,2
marelan,3,2
caraya,3,2
jarang2,3,2
energik,3,2
ngefoto,3,2
upc,3,2
menggampangkan,3,3
transaksi2,3,2
eudora,3,3
initial,3,2
bisaka,3,2
gogle,3,2
lebeh,3,2
berkegiatan,3,3
menanangi,3,3
woee,3,2
sukadana,3,3
klemer,3,2
padangsidimpuan,3,4
450kwh,3,3
dhn,3,2
putus2,3,2
ngelayanin,3,3
peteng,3,2
dbanding,3,2
berterimaksih,3,3
berdering,3,2
diperumahan,3,3
5bulan,3,2
hars,3,2
didownlod,3,4
digratisin,3,3
spidometer,3,3
aek,3,2
kanopan,3,3
corporat,3,2
usahlah,3,2
login2,3,2
stanbay,3,2
sbuh,3,2
klakah,3,2
qok,3,2
sangatcepat,3,2
tergantikan,3,2
pangalengan,3,3
naik2,3,2
ampek,3,2
keterima,3,2
dtindak,3,2
zzz,3,2
diunit,3,2
100kwh,3,3
itung2,3,3
doonk,3,3
sebutin,3,2
jait,3,2
coding,3,2
nunul,3,2
khw,3,2
pokoknyo,3,3
knyataan,3,2
lahi,3,2
aammiinn,3,4
biassa,3,2
tingga,3,2
cso,3,2
mnjdi,3,3
stg,3,2
besok2,3,2
truble,3,2
nyess,3,2
kesensor,3,2
beginikah,3,2
terbantunya,3,2
masukkannya,3,2
alih2,3,2
downlood,3,3
bagi2,3,2
paksain,3,2
ngetest,3,2
tarutung,3,3
bertulis,3,2
tetepi,3,2
terlebi,3,3
pihak2,3,2
penangananx,3,2
ternayata,3,3
lpb,3,2
lso,3,2
cannot,3,2
features,3,2
pkay,3,2
terbengkalai,3,3
ngeroot,3,3
tersambung2,3,2
menudah,3,2
sesukanya,3,2
perbaikanny,3,2
jwab,3,2
3s,3,2
mengkontrol,3,2
kerjaku,3,2
profilnya,3,2
kbr,3,2
sebagsi,3,3
menggunan,3,2
sidomulyo,3,3
dipasangnya,3,2
keabisan,3,2
amana,3,2
bust,3,2
mudahkanlah,3,2
urusanya,3,2
lisriknya,3,3
sikon,3,2
3hri,3,3
mbo,3,2
jadiin,3,2
wlwpun,3,4
kepanikan,3,2
ruamh,3,2
downld,3,3
didatangin,3,2
janggal,3,2
perluu,3,2
kerjany,3,2
keukeuh,3,3
lapotan,3,2
nunggal,3,3
yaang,3,2
ditindaklajuti,3,4
listrikdi,3,2
pangakalan,3,2
comunikasi,3,3
kropos,3,2
direpon,3,2
innovasi,3,2
sangart,3,2
meredupkan,3,2
danmudah,3,2
ganggungan,3,2
lajut,3,2
keyamanan,3,2
foam,3,2
nuntut,3,2
kasihpun,3,2
dawet,3,2
babeh,3,2
ocha,3,2
kmrn2,3,3
seblm,3,2
sportif,3,2
pakr,3,2
sejali,3,2
190v,3,2
xs,3,2
20mb,3,2
2x24jam,3,4
lampune,3,2
uptudate,3,3
ekselen,3,2
jossh,3,2
memauskan,3,4
limboto,3,2
fhoto,3,2
plnmobaile,3,4
banyam,3,2
sebaik2nya,3,3
kakau,3,2
terjd,3,2
allahumma,3,3
apling,3,2
mmbuat,3,2
dikonsumen,3,2
dikawal,3,2
jlimet,3,3
gangu,3,2
daam,3,2
taguhan,3,2
fiks,3,2
cepaatt,3,3
suggestion,3,3
pelayani,3,2
kecawa,3,2
tengangan,3,2
cibarusah,3,3
bentak,3,2
nyook,3,2
pembeliann,3,2
penyabungan,3,3
memudahkab,3,3
5kwh,3,3
pemakaia,3,2
klow,3,2
membanttu,3,2
mensejahterakan,3,2
treking,3,2
alhamdulillahnya,3,2
mamasa,3,2
hadew,3,2
wara,3,2
severnya,3,2
menjad,3,2
30mbps,3,3
sebai,3,2
kerreenn,3,3
d3,3,2
25k,3,2
membelian,3,2
aamin,3,2
prtma,3,2
ckck,3,2
playstorenya,3,2
4gb,3,2
pembatan,3,2
modren,3,2
emangg,3,2
fokuskan,3,2
nyerah,3,2
tda,3,2
itpun,3,2
dikabarin,3,2
gagalkan,3,2
nggabisa,3,2
wau,3,2
trimk,3,2
dicarikan,3,2
kejalan,3,2
sitompul,3,3
tawari,3,2
berbaik,3,2
tidah,3,2
pham,3,2
merchan,3,2
redesign,3,2
gdk,3,2
jmlah,3,2
bete,3,2
memphoto,3,3
siatem,3,3
competen,3,2
mju,3,2
mobilku,3,2
berlanggan,3,2
bintuhan,3,2
kapankah,3,2
kukusan,3,2
permeter,3,2
kariawanya,3,3
ngaju,3,2
teridentifikasi,3,3
berproses,3,2
cobah,3,2
rodo,3,2
cisoka,3,2
arigatou,3,4
compatible,3,3
roli,3,2
dapatin,3,2
bneran,3,2
nau,3,2
pasanag,3,3
jidatnya,3,3
cisauk,3,3
dimasalah,3,2
kepunyaan,3,2
ptaktis,3,3
bantuanx,3,2
brosis,3,2
guee,3,2
hedehh,3,2
220volt,3,3
rivew,3,2
huuhh,3,2
saranku,3,2
norak,3,2
tagging,3,2
nyampah,3,3
trhdp,3,3
padahan,3,2
garing,3,2
gapaham,3,2
b2,3,2
cwe,3,2
maintain,3,2
memperudah,3,2
solisi,3,2
emank,3,2
tanggepi,3,2
sekatang,3,2
kuitansi,3,2
mencari2,3,2
seakurat,3,3
mecatat,3,2
baarakallahu,3,3
menanganni,3,3
lumaya,3,2
nyatat,3,2
mempercapat,3,3
dadan,3,2
kordinator,3,3
muantabb,3,3
jualannya,3,2
pembeliantoken,3,3
peyalanan,3,3
mlahan,3,2
reaction,3,2
kangsung,3,2
pulsaa,3,2
batrei,3,2
sopnya,3,2
bsgi,3,2
chargin,3,2
penyeselesaian,3,4
dijanjiin,3,3
kembalian,3,2
calcenter,3,3
eee,3,2
dicari2,3,2
msyrkt,3,3
heba,3,2
alhmdulillh,3,5
late,3,2
langsungg,3,2
kelonggaran,3,3
keramahannya,3,2
lapran,3,2
metern,3,2
pucung,3,2
semankin,3,3
terangan,3,2
bagett,3,2
mmebantu,3,4
benerapa,3,2
akunku,3,2
maasyaa,3,3
pelaporkan,3,2
melaluai,3,2
sampean,3,2
bermangpaat,3,3
launcing,3,2
autentikasi,3,3
haruus,3,2
promosinya,3,2
tobelo,3,2
nyantai,3,3
handak,3,2
randy,3,2
zholim,3,3
datangkan,3,2
koplin,3,2
agi,3,2
tambay,3,2
akasih,3,2
dblok,3,2
routernya,3,2
senakin,3,2
wooke,3,2
pelicin,3,2
meulaboh,3,4
imbal,3,2
segla,3,2
oje,3,2
stel,3,2
bungul,3,2
palopo,3,2
kapapun,3,2
pilihn,3,2
garage,3,2
pemansangan,3,3
kapetakan,3,2
mancari,3,2
sematkan,3,2
tapa,3,2
kagi,3,2
sekalihh,3,2
timed,3,2
buasa,3,2
arman,3,2
ditelponin,3,3
nglapor,3,2
pakain,3,2
bz,3,2
spjbtl,3,3
sutomo,3,2
verivikasinya,3,3
cuna,3,2
nope,3,2
heloo,3,2
bantulah,3,2
siapp,3,2
pihat,3,2
madiri,3,2
penangguhan,3,2
kirimin,3,2
ninggalin,3,3
ketrangan,3,2
kalaian,3,2
akuran,3,2
kekita,3,2
sepraktis,3,3
layanam,3,2
seikhlasnya,3,4
memfollow,3,2
dluan,3,2
diperkecil,3,2
kepoin,3,2
panggah,3,2
ahamdulillah,3,4
daerh,3,2
semntra,3,3
menuh2in,3,4
disaranin,3,3
siapin,3,2
pengoprasiannya,3,4
mobiler,3,2
tehe,3,2
swascan,3,2
exception,3,2
penanya,3,2
membantudan,3,2
lanhsung,3,3
maintenence,3,2
kdpnnya,3,3
thankz,3,2
sopian,3,2
kedpn,3,2
slse,3,2
setap,3,2
pidie,3,2
resspon,3,3
panambahan,3,2
sejutaan,3,2
terdebit,3,3
3phase,3,3
seett,3,2
toup,3,2
cepatdi,3,2
session,3,2
retas,3,2
riber,3,2
pikirin,3,2
slma,3,2
diandelin,3,2
terpuaskan,3,2
omg,3,2
biasane,3,2
menitt,3,2
taee,3,2
phami,3,2
kllo,3,2
gih,3,2
mank,3,2
dikoordinasikan,3,2
hmpr,3,2
sanangat,3,3
terjang,3,2
1300v,3,2
prosesx,3,2
pelupa,3,2
apal,3,2
direksinya,3,2
nyusain,3,3
sync,3,2
mohonlah,3,2
getting,3,2
agile,3,2
bohongan,3,2
akes,3,2
menberikan,3,2
pelanggan2,3,2
sesuikan,3,2
terarasi,3,2
laknat,3,2
adeehh,3,2
pemadamanan,3,2
ksihh,3,2
kann,3,2
barengi,3,2
kosumen,3,2
bonto,3,2
pilih2,3,2
buget,3,2
neko2,3,3
admistrasi,3,2
efektiv,3,2
mangakses,3,3
nyekek,3,3
krusakan,3,3
awalx,3,2
trmk,3,2
digunakkan,3,2
tangangi,3,2
memebrikan,3,3
dipakenya,3,2
tiem,3,2
ett,3,2
could,3,2
extract,3,2
resultset,3,2
standbay,3,2
aplikainya,3,2
tghn,3,2
cagak,3,2
x3,3,2
rantas,3,2
keluarrumah,3,2
baru2,3,2
henat,3,2
mebggunakan,3,4
emoney,3,2
idpel,3,2
boborok,3,2
terlewatkan,3,2
mankin,3,2
biki,3,2
istal,3,2
bonus2,3,2
lokasih,3,2
spkl,3,2
xg,3,2
180v,3,2
penyelsaian,3,3
trss,3,2
tankyu,3,2
kalisuren,3,3
asiknya,3,2
puspita,3,2
bukti2,3,2
mutual,3,2
percayai,3,2
intetnet,3,3
pemakaiam,3,2
merinci,3,3
pas2an,3,3
dipertanggungjawabkan,3,2
sananya,3,2
inbok,3,2
pengadaannya,3,2
standarnya,3,2
heyy,3,2
pemandaman,3,2
bahus,3,2
deplover,3,3
gratisannya,3,2
disepelekan,3,2
iss,3,2
ngrim,3,2
anambas,3,2
nduwe,3,3
entuk,3,2
dalamm,3,2
diprotes,3,2
trimakasiih,3,4
kno,3,2
konsistensinya,3,2
barapa,3,2
naah,3,2
3dulu,3,3
bngeet,3,2
sakitu,3,2
berucap,3,2
dinoyo,3,2
seblmny,3,3
dipedesaan,3,3
megakses,3,3
suapaya,3,2
dipasangi,3,2
wiss,3,2
chance,3,2
parah2,3,2
notivikasi,3,3
sinjai,3,2
mobik,3,2
tgg,3,2
baat,3,2
kantir,3,2
continuous,3,2
kenapa2,3,2
expetasi,3,3
programmernya,3,2
muternya,3,2
nyepelein,3,4
diprint,3,2
anter,3,2
pelaksananya,3,2
selfienya,3,2
pokknya,3,3
keramah,3,2
lwn,3,3
calling,3,2
kantorny,3,2
marai,3,2
melyani,3,2
apabilah,3,2
segalnya,3,2
sitemnya,3,2
pengaksesan,3,3
ditindaklanjut,3,2
seko,3,2
terselamatkan,3,2
mmprbaiki,3,3
mubil,3,2
singkil,3,2
eits,3,2
petugaas,3,3
kebut,3,2
seperi,3,2
keterngan,3,2
pengaduanku,3,2
plnu,3,2
assalaamu,3,3
percuman,3,2
kampung2,3,2
ongin,3,2
halahh,3,2
lumyan,3,2
udeh,3,2
stromnet,3,3
yahudd,3,2
antiribet,3,3
jaringam,3,2
hii,3,2
eventnya,3,2
kedip2,3,3
mikirnya,3,2
kesalan,3,2
bedain,3,2
juooos,3,3
tenteng,3,2
teruzz,3,3
listrike,3,2
sefti,3,3
meminimalisasi,3,2
masukny,3,2
cetar,3,2
wassalamu,3,2
harini,3,2
mnya,3,2
renah,3,2
mendaluh,3,3
alirannya,3,2
pakia,3,2
beberes,3,2
gampanh,3,3
asik2,3,2
pakkat,3,2
pemutahiran,3,3
untuuk,3,2
unutuk,3,3
dayah,3,2
daja,3,2
menyedia,3,2
astagaa,3,2
ngejawab,3,2
pedahal,3,2
ewako,3,2
menghubunginya,3,2
nurman,3,2
barokalloh,3,4
espon,3,2
jalanin,3,2
lembayung,3,2
berfanfaat,3,2
i2,3,2
pembayatan,3,2
600an,3,2
alhamduillah,3,4
epang,3,2
mirah,3,2
pisaan,3,2
grep,3,2
renov,3,2
perorang,3,2
hihihihi,3,2
mengotak,3,2
easily,3,3
lopez,3,2
tarnsaksi,3,3
paswword,3,3
permsalahan,3,3
tr451,3,3
beretika,3,2
sebelun,3,2
150v,3,2
ditngani,3,3
mpor,3,2
sudak,3,2
jarena,3,2
without,3,2
terrima,3,2
menangnya,3,2
sebelom,3,2
nyelonong,3,3
apliksainya,3,3
yy,3,2
daahh,3,2
pengajuanya,3,2
dibohongi,3,2
bapakk,3,2
kenpaa,3,3
virtualnya,3,2
mantas,3,2
bagong,3,2
sgtu,3,2
menyadiakan,3,2
recomendeed,3,3
pihal,3,2
basmi,3,2
pelangaan,3,3
validasinya,3,2
senoga,3,2
reedem,3,3
dabest,3,2
quu,3,2
kulonprogo,3,3
wayah,3,2
registernya,3,2
semogo,3,2
solusii,3,2
lemot2,3,2
wokee,3,3
ratakan,3,2
mobiil,3,3
gital,3,2
ngeload,3,2
rogojampi,3,3
ngira,3,2
pedes,3,2
tsbt,3,2
trebel,3,3
nerbitin,3,3
mendapatkanya,3,2
semis,3,2
450wat,3,2
lehih,3,2
masslah,3,2
akomodatif,3,3
alahmdulillah,3,5
hrian,3,2
sebernya,3,2
alhamdlillah,3,4
inputan,3,2
kopet,3,2
muncar,3,2
tigal,3,2
hitungn,3,2
alhamdululillah,3,4
inofasinya,3,3
ambo,3,2
dialamat,3,2
bntg,3,2
dikerjaan,3,2
nugas,3,2
paleng,3,2
adan,3,2
brbagai,3,2
jau2,3,3
pamasangan,3,3
jebus,3,2
puter2,3,2
labat,3,2
platfrom,3,3
tangapanya,3,3
penyampain,3,3
belumm,3,2
knsumen,3,3
dikurangin,3,2
bersyukurlah,3,2
apikal,3,2
tumah,3,2
persingkat,3,3
masyrakt,3,3
diakun,3,2
beratt,3,2
nyetak,3,2
danger,3,2
30an,3,2
bagitu,3,2
was2,3,2
dijakarta,3,2
kabanjahe,3,3
bintag,3,2
dustakan,3,2
kulo,3,2
urusuan,3,2
ngge,3,2
sangak,3,2
nyelesaiin,3,4
selesi,3,2
ate,3,2
paya,3,2
trasa,3,2
mengerahui,3,3
biadab,3,3
materialnya,3,2
kebnyakan,3,3
begutu,3,2
pencatatannya,3,2
prktis,3,3
plns,3,2
gimanah,3,2
bknnya,3,2
wey,3,2
tllu,3,2
gwa,3,2
kranji,3,2
tdur,3,2
sefety,3,3
anjng,3,2
updatan,3,2
pegadaan,3,2
penanggananya,3,2
infotmasi,3,3
supper,3,2
terbeli,3,2
termaksih,3,3
meterean,3,2
liatin,3,2
belo,3,2
gedeg,3,2
lainnyaa,3,2
delitua,3,2
obile,3,2
berjibaku,3,3
suksek,3,2
suhada,3,2
apun,3,2
mutar2,3,3
informasii,3,2
banyal,3,2
luarsa,3,2
dipedulikan,3,2
memeriksanya,3,2
maning,3,2
eskalasi,3,3
meterpun,3,2
manbantu,3,3
sebangsa,3,3
lebihbaik,3,2
dikemanain,3,3
keulang,3,2
lanngsung,3,3
feksibel,3,3
byr2,3,3
onggu,3,2
mantappp,3,2
saama,3,2
bsar,3,2
ketahun,3,2
perhatianya,3,2
samsul,3,2
meuaskan,3,2
tepercaya,3,3
rusunawa,3,2
tfk,3,2
yuukk,3,3
jalin,3,2
penanggapannya,3,3
dikantornya,3,4
mator,3,2
tautkan,3,3
atad,3,2
penyelesainnya,3,3
melonjat,3,2
cokk,3,2
panass,3,2
1m,3,2
uyy,3,2
pedia,3,2
kaliann,3,2
ketar,3,2
ketir,3,2
terbaiknyaa,3,2
ddalam,3,2
tepotong,3,2
gempang,3,2
batusangkar,3,3
percontohan,3,3
seakin,3,2
cihampelas,3,3
ibanking,3,3
segercep,3,3
nehh,3,2
muluk,3,2
komplite,3,2
kanda,3,2
kepihak,3,2
adanyapun,3,2
mentingkan,3,2
sndr,3,2
anytime,3,2
suwe,3,2
memliki,3,3
ladam,3,2
cikembar,3,2
bravo,3,2
cuannya,3,2
ngangkat,3,3
nindi,3,2
planga,3,2
ulasa,3,2
gati,3,2
moho,3,2
v001,3,2
idk,3,2
melkukan,3,3
isthebest,3,4
hurufnya,3,2
bgimana,3,2
semakit,3,2
keunggulannya,3,2
jarigan,3,2
danpenanganan,3,4
bilangny,3,2
electronik,3,2
teriimakasih,3,2
senengnya,3,2
lintau,3,2
keutungan,3,3
stopkontak,3,3
nyamam,3,3
perbaruan,3,2
kmana,3,2
diangkat2,3,2
dilistrik,3,2
prosenya,3,2
carat,3,2
sglanya,3,3
discoun,3,3
hayang,3,2
mengecak,3,2
tahapannya,3,2
pinnya,3,2
ngajar,3,2
adaanya,3,2
tawaa,3,2
dipersingkat,3,2
sehh,3,2
atao,3,2
konawe,3,2
digenggam,3,2
croscek,3,3
sekantor,3,3
drtd,3,3
handalkan,3,2
chex,3,2
ruba,3,2
mnjd,3,2
gengs,3,2
unaaha,3,3
asiikk,3,2
rapihh,3,2
execelent,3,4
sediakala,3,2
hariannya,3,2
perbaikinya,3,2
kmpung,3,3
kinerjaa,3,2
selfinya,3,2
koplakk,3,3
disco,3,2
gilakk,3,2
deri,3,2
tenggarong,3,2
endi,3,2
becanda,3,2
dch,3,2
spon,3,2
pagaden,3,2
profesionalitasnya,3,2
menggadu,3,2
maman,3,2
wilayahku,3,2
petung,3,2
noreg,3,2
peduliin,3,2
loch,3,2
antapani,3,3
keakurasian,3,2
mkanya,3,2
ayee,3,2
msalahnya,3,3
kedengeran,3,2
yanb,3,2
hadooh,3,3
terkupas,3,2
keluhanku,3,2
mengklarifikasi,3,2
ngemeng,3,2
karywan,3,3
ptsnya,3,2
membati,3,2
waikabubak,3,4
kerumh,3,2
mengandun,3,2
jam7,3,2
belim,3,2
barguna,3,2
permasalahkan,3,2
trampil,3,3
gunakann,3,2
gregetan,3,2
sulbar,3,2
dafar,3,2
lempar2,3,2
ngarahin,3,3
alhamdulillaj,3,3
dslam,3,2
vitur2,3,3
untuak,3,2
mendpat,3,2
cth,3,2
cisalak,3,2
atauu,3,2
oji,3,2
lw,3,2
memuaskam,3,3
malalui,3,3
dishare,3,2
peningkatannya,3,2
abiz,3,2
aware,3,2
omongannya,3,2
gilee,3,2
rekapan,3,2
direspon2,3,3
bermsalah,3,2
mengaduhkan,3,3
bnrin,3,2
dllx,3,2
meyelesaikan,3,3
nyiksa,3,3
1kwh,3,3
ringkes,3,2
tekhnis,3,2
memuadahkan,3,4
dibls,3,2
terakurat,3,2
hapal,3,2
kewren,3,2
memungkin,3,2
paymentnya,3,2
tinggak,3,2
langsumg,3,3
ngejek,3,2
pembeliaan,3,2
listrrik,3,3
swapcamnya,3,4
dengna,3,2
beli2,3,2
ciptain,3,2
bumirejo,3,2
paksi,3,2
ditangangi,3,2
kebuhan,3,2
spv,3,2
muchh,3,2
mbc,3,2
resfonsif,3,3
aplikasia,3,2
ketujuan,3,2
terpercayanya,3,2
dagelan,3,2
liyu,3,2
tidam,3,2
kwkwk,3,2
2kli,3,3
terimaka,3,2
tekniksi,3,2
merubahnya,3,2
mota,3,2
danmembantu,3,3
pemeras,3,2
paniki,3,2
diluncurkannya,3,2
hayy,3,2
disayang,3,2
cetek,3,2
teansaksi,3,3
pelangganan,3,2
tanpanya,3,2
same,3,2
users,3,2
econit,3,3
connec,3,2
nid,3,2
imfo,3,2
betugas,3,3
fighting,3,2
pemerasan,3,2
mendonlod,3,4
pengamanannya,3,2
buring,3,2
nanggapin,3,3
lanjutinya,3,2
dess,3,2
betoll,3,2
ceper,3,2
20mnt,3,3
sekin,3,2
dlk,3,2
kepusat,3,2
lopyu,3,2
outo,3,2
mentereng,3,2
diskon2nya,3,3
recordnya,3,2
cuzz,3,2
ngguan,3,2
mempelancar,3,3
listiknya,3,2
rasis,3,2
cecar,3,2
repotan,3,2
maksihh,3,2
memorinya,3,2
difitnah,3,2
nnggu,3,3
abiez,3,2
kejora,3,2
apreasi,3,3
ceck,3,2
kuliatas,3,2
hahahaa,3,2
thankyuu,3,3
tkn,3,2
pengisiam,3,2
pengadegan,3,3
getas,3,2
sepengalaman,3,3
idak,3,2
masu,3,2
berung,3,2
berantah,3,2
uptudet,3,3
mper,3,2
trbntu,3,3
selancar,3,3
okokok,3,2
b3st,3,3
bermanfaaf,3,3
oerlu,3,3
baiq,3,2
lapngan,3,2
sharusnya,3,2
ngecek2,3,3
biya,3,2
yook,3,2
oembelian,3,3
cilebut,3,2
preet,3,2
luuaar,3,3
duku,3,2
setahuku,3,2
kasin,3,2
perwilayah,3,2
prcuma,3,2
mano,3,2
c4,3,2
penangangannya,3,3
kabupat,3,3
pendaftara,3,2
terimakasuh,3,3
dihutan,3,2
yao,3,2
tkss,3,2
dsaat,3,2
benah,3,2
alaram,3,2
tingkakan,3,2
mobiele,3,3
pertokenan,3,3
difix,3,2
mimika,3,2
ucapakan,3,2
bablas,3,2
gunkan,3,2
kaimana,3,2
10jt,3,2
datengi,3,2
leyanan,3,3
jutek,3,2
menguntungkn,3,4
doaku,3,2
ngeresponnya,3,4
memaki,3,2
konfrimasi,3,3
karyawn,3,2
dispatcher,3,3
mobilitasnya,3,2
didlm,3,2
disalin,3,2
apaun,3,2
lprn,3,2
terbatu,3,2
mereset,3,2
kpln,3,2
sespon,3,2
3x24jam,3,4
dei,3,2
kenderaan,3,3
kadaluarsanya,3,2
melakukann,3,2
johar,3,2
securitinya,3,3
bankin,3,2
2pagi,3,2
sanyat,3,2
birr,3,2
josslah,3,3
pembatalannya,3,2
terangilah,3,2
respec,3,2
mobilpun,3,2
ambah,3,2
lakar,3,2
tretan,3,2
dbuat,3,2
pengangan,3,2
modalin,3,2
kaami,3,2
pangsid,3,2
kekurang,3,2
kecekatan,3,3
pakee,3,2
kaur,3,2
mengisinya,3,2
rakyak,3,2
aplikasisangat,3,2
medapatkan,3,2
naya,3,2
lhh,3,2
trusted,3,2
semngt,3,3
sepakati,3,2
tnggapan,3,3
teleponnya,3,2
onsite,3,2
hayoo,3,2
separo,3,2
kerepotan,3,2
saepudin,3,3
ngabantu,3,2
sanana,3,2
ganggap,3,2
tb2,3,2
1x6,3,3
petis,3,2
pertamanan,3,2
50persen,3,3
sori,3,2
kedoya,3,2
sikaping,3,2
elektroniknya,3,2
bwh,3,2
essentials,3,3
algoritmanya,3,2
batar,3,2
aww,3,2
kedapanya,3,2
memudarkan,3,2
ningkatin,3,3
trimak,3,2
terupdatenya,3,2
tehknisi,3,3
tidore,3,2
cilengsi,3,3
kelontong,3,3
updgrade,3,2
kebangun,3,3
nggalek,3,2
sekalali,3,2
verfikasinya,3,3
kandala,3,2
asrul,3,2
ditawarin,3,2
ygsangat,3,2
kelihan,3,2
indomie,3,2
kamo,3,2
pemprosesan,3,3
ddan,3,2
skligus,3,3
tapsel,3,2
oulet,3,2
jatitujuh,3,2
gampangnya,3,2
dinotif,3,2
harley,3,2
martha,3,2
pst,3,2
jebres,3,2
luaskan,3,2
pelan2,3,2
hasibuan,3,2
1300kwh,3,3
keres,3,2
teristimewa,3,3
gateng,3,2
kpanpun,3,3
kwah,3,2
benaran,3,2
teratsi,3,3
berintergritas,3,4
terabaik,3,3
topcer,3,2
gasing,3,2
perlua,3,2
pilang,3,2
baagus,3,2
infonesia,3,2
ceklis,3,2
hurung,3,2
informsi,3,2
bangtt,3,2
comnets,3,3
memermudah,3,2
playen,3,2
mapun,3,2
perangkatnya,3,2
komering,3,2
zhao,3,3
millenial,3,2
siaap,3,2
haii,3,2
jmlh,3,2
terkaid,3,3
akalan,3,2
menurt,3,2
yangsangat,3,2
mempertimbangkan,3,2
350k,3,2
memamang,3,3
kesedian,3,2
ngaliyan,3,3
bojongsari,3,2
kebanggan,3,3
pelayanan2,3,2
pengaraian,3,2
keluhanmu,3,2
tbah,3,2
prakris,3,2
kbtulan,3,3
stgah,3,3
pengoprasianya,3,4
efisian,3,2
tera,3,2
gazz,3,2
indiehome,3,2
approval,3,2
mole,3,2
tingkatakan,3,2
penyemangat,3,2
agak2,3,2
shet,3,2
uhuuyy,3,3
ksna,3,2
2mbps,3,3
sumbang,3,2
alakadarnya,3,3
anjas,3,2
berpenghuni,3,3
serumah,3,2
meludah,3,2
falam,3,2
imdi,3,2
pegasnya,3,2
cej,3,2
dlmnya,3,2
bertaransaksi,3,4
sumpahh,3,2
elek,3,2
gedein,3,2
cektagihan,3,3
repost,3,2
rekg,3,2
bekali,3,2
kebutuhab,3,2
antek,3,2
gebrakannya,3,2
ditop,3,2
pum,3,2
memabtu,3,3
bingitss,3,3
pelanggal,3,2
menganai,3,2
tertasi,3,2
permohoan,3,3
molen,3,2
sasa,3,2
dimengeti,3,3
headphone,3,2
hndk,3,3
melaporankan,3,2
tukangnya,3,2
melakuakan,3,3
smnjk,3,3
mudhan,3,2
smacam,3,2
jelaas,3,3
diberkahi,3,2
kluarnya,3,2
sentolo,3,2
kesininya,3,2
brat,3,2
syukron,3,2
pinta,3,2
menggapi,3,2
lnsung,3,2
ciba,3,2
diwa,3,2
plga,3,2
proffesional,3,3
mbknya,3,3
ibuk2,3,2
pelepah,3,2
berhasilnya,3,2
apesnya,3,3
trpsang,3,3
ngunduh,3,3
puss,3,2
depelover,3,3
konsuman,3,2
permohonana,3,2
penny,3,2
wooy,3,2
sebulanan,3,2
gegaman,3,2
direalisasi,3,3
gede2,3,2
firut,3,2
epektif,3,2
gampangg,3,2
aplikas8nya,3,4
molai,3,2
weda,3,2
sidi,3,2
frofesional,3,3
galvalum,3,3
sarankn,3,2
petingginya,3,2
membelibtoken,3,4
yoi,3,2
aplkiasi,3,3
ohya,3,2
tbh,3,2
cikijing,3,2
terpacaya,3,3
nymn,3,2
daftar2,3,2
plnmobael,3,4
balige,3,2
ssudah,3,2
trasparan,3,3
duan,3,2
senyaman,3,2
ngomel2,3,4
plmobile,3,3
mindahin,3,3
badahal,3,2
meresponya,3,2
kelayanan,3,3
tier,3,2
cutoff,3,2
salsa,3,2
ramh,3,2
lebiih,3,3
hanaut,3,2
terpikirkan,3,2
kinerjax,3,2
makale,3,2
menjafi,3,2
maknyos,3,2
llu,3,2
pokon,3,2
lebong,3,2
elanggan,3,2
mengatadi,3,3
doman,3,2
dibereskan,3,2
kopong,3,2
40menit,3,2
liastrik,3,3
luweh,3,2
gek,3,2
triima,3,2
kieu,3,2
buying,3,2
diplosok,3,2
wuz,3,2
suka2,3,2
manpaat,3,3
kemenu,3,2
gantikan,3,2
ckckck,3,3
oia,3,2
lainn,3,2
pelyan,3,2
gampaang,3,3
tkt,3,2
dptkn,3,2
akherat,3,2
dobol,3,2
rendahh,3,2
rda,3,2
syangnya,3,3
pangaraian,3,3
powerbank,3,2
enough,3,3
saban,3,2
memisah,3,2
menggatasi,3,2
teerbaik,3,4
makim,3,2
mahalan,3,2
takuti,3,2
efaluasi,3,2
gratiiss,3,3
begtu,3,2
transkasi,3,3
juah,3,2
gitur,3,2
damn,3,2
pnk,3,2
iya2,3,2
pandau,3,2
mlhrkan,3,3
wus,3,2
ratulangi,3,3
mengecas,3,2
dnegn,3,3
poin2,3,2
yerima,3,2
osi,3,2
kompeni,3,2
syng,3,2
pea,3,2
luat,3,2
noted,3,2
nothing,3,2
sekali2,3,2
terimaa,3,2
sesua,3,2
markeplace,3,4
kepraktisan,3,3
terupload,3,2
terverivikasi,3,4
penasangan,3,2
menyebal,3,2
selpi,3,2
ilakes,3,2
beud,3,2
segeh,3,2
aktifasinya,3,2
pejelasan,3,2
sodara2,3,2
tiasa,3,2
semuaya,3,2
pelangganmu,3,2
manaa,3,2
kegunannya,3,2
ganguaan,3,3
diguyur,3,2
mmemudahkan,3,4
reccomend,3,3
didaerahku,3,2
kebutuan,3,3
kastemer,3,3
pembayannya,3,3
tokan,3,2
yanto,3,2
iyo,3,2
memuda,3,2
bingtang,3,2
ulur,3,2
troubleshooting,3,5
kani,3,2
dcek,3,2
keluarr,3,2
changer,3,2
denganya,3,2
ngelas,3,2
episien,3,2
1x3,3,3
afanya,3,2
bintang10,3,2
melawi,3,2
terimaakasih,3,3
langsubg,3,3
menangan,3,2
mature,3,2
csc,3,2
debi,3,2
fitir,3,2
dibypass,3,3
yayat,3,2
scm,3,2
pll,3,2
btul,3,2
panakukang,3,3
detai,3,2
prosesnyaa,3,2
sebenere,3,2
d3ngan,3,3
up3tual,3,3
restat,3,2
serabutan,3,2
nganggo,3,2
mtode,3,2
layanan2,3,2
installing,3,2
digoel,3,2
berlakukan,3,2
biayaa,3,2
kenadala,3,3
ujungnya2,3,2
pkerjaan,3,3
pkerja,3,3
letika,3,2
megenai,3,2
syofvi,3,3
pegawai2,3,2
jawabn,3,2
dimainin,3,3
sepelekan,3,2
kesitu,3,2
terselaikan,3,2
akaes,3,2
kryawan,3,2
heii,3,2
mberikan,3,3
supya,3,2
langgan,3,2
blambangan,3,3
umpu,3,2
siapaa,3,2
assalammualaikum,3,3
dtlp,3,2
sttsnya,3,3
berusan,3,2
keandalannya,3,3
ssah,3,2
benowo,3,2
masukkn,3,2
tampi,3,2
ces,3,2
jadwalnya,3,2
elktronik,3,4
intinyaa,3,2
tolen,3,2
ale,3,2
pokonyah,3,3
bardi,3,2
lewa,3,2
caang,3,2
josjiss,3,3
praktekkan,3,2
berkutik,3,2
ikasi,3,2
kelistrkan,3,3
pesero,3,2
mugi,3,2
rusli,3,2
telephone,3,2
sebntar,3,3
kuhh,3,2
elon,3,2
soak,3,2
vinfast,3,2
katik,3,2
eds,3,2
manstab,3,3
kejarlah,3,2
berkordinasi,3,3
wayae,3,2
mengaplikasikannya,3,2
krw,3,2
peruhan,3,2
suasta,3,2
hapir,3,2
lets,3,2
keada,3,2
safira,3,2
stamp,3,2
agreat,3,2
played,3,2
mahgrib,3,3
sekale,3,2
menginstalnya,3,2
sampun,3,2
lisdes,3,2
perbantuan,3,2
ulusan,3,2
prompt,3,2
pnjang,3,2
bermamfa,3,3
mendptkan,3,3
harapanya,3,2
martadinata,3,3
mandapatkan,3,3
slese,3,2
konduktif,3,2
malra,3,2
wbp,3,2
douwnload,3,4
mncari,3,2
jampang,3,2
biaaya,3,2
mpbs,3,2
batulicin,3,3
jka,3,2
tkut,3,2
admine,3,2
haruse,3,2
gpsnya,3,2
kalangn,3,3
ngebuka,3,2
mlhan,3,2
deska,3,2
1080p,3,2
diem2,3,2
memble,3,2
fungsi2,3,2
beginii,3,2
gege,3,2
seoga,3,2
maba,3,2
lintrik,3,2
melapurkan,3,2
pebayuran,3,2
wkwkwkwkk,3,3
benr,3,2
jagonya,3,2
odo,3,2
membali,3,2
kbps,3,2
bitpay,3,2
rancu,3,2
seve,3,2
1rb,3,2
cisolok,3,2
lotim,3,2
pjb,3,2
kasuh,3,2
broww,3,2
dimodif,3,3
sekala,3,2
trina,3,2
temayang,3,2
dpasang,3,2
terbail,3,2
kumala,3,2
kedepane,3,2
spay,3,2
bahan2,3,2
mbatu,3,2
cakranegara,3,2
legit,3,2
tellur,3,3
indon,3,2
ngelupas,3,2
nonggol,3,2
sapp,3,2
cewa,3,2
least,3,2
nguri,3,2
ngentod,3,3
praya,3,2
syekalii,3,3
akomodir,3,3
diperbaik,3,3
ngepel,3,2
genah,3,2
lebib,3,2
informative,3,2
buay,3,2
bankingnya,3,2
migrasinya,3,2
baruan,3,2
asyiknya,3,2
dihindarkan,3,2
gadak,3,2
semakn,3,2
perfeck,3,2
klean,3,2
apagunanya,3,3
diilangin,3,3
mrasa,3,2
drop2,3,2
kagem,3,2
pmn,3,2
wiring,3,2
tersambar,3,2
teleh,3,2
tidqk,3,3
lengkong,3,2
tzen,3,2
gaenak,3,2
alhamdulillahh,3,2
tekhnologinya,3,2
bangen,3,2
putar2,3,2
terutam,3,3
melapirkan,3,2
amet,3,2
rembes,3,2
tagihan2,3,2
savety,3,2
t4i,3,3
kmaren2,3,3
penangananan,3,2
beberkan,3,2
madina,3,2
dilla,3,2
mep,3,2
pemutakhiran,3,2
sosialisai,3,2
sambat,3,2
tufur,3,2
naudzubillah,3,5
ananta,3,3
persinyalan,3,3
cemberut,3,3
0engaduan,3,3
betungan,3,2
jauhh,3,2
jelata,3,2
pto,3,2
spotify,3,3
mantaabs,3,3
keten,3,2
diselesai,3,3
mudahx,3,2
sudha,3,2
lagj,3,2
sutrisman,3,2
uprade,3,3
fontnya,3,2
termal,3,2
pusiing,3,3
luu,3,2
koe,3,2
segalany,3,2
cptt,3,2
volley,3,2
angsung,3,2
mudaha,3,2
panas2an,3,3
menghadir,3,2
whatt,3,2
konvesional,3,3
langensari,3,3
repotin,3,2
perkabelan,3,3
3m,3,2
menangai,3,2
kere,3,2
hire,3,2
jauuh,3,3
gudono,3,2
updating,3,2
menunggunya,3,2
uxnya,3,3
ngakses,3,2
jeg,3,2
mabok,3,2
debt,3,2
mati2in,3,3
menggu,3,2
dandani,3,2
menyediakn,3,3
traking,3,2
15jt,3,2
alsan,3,2
terbuaik,3,3
ciriung,3,2
semwntara,3,4
tamnah,3,2
penyelesainya,3,2
okeylah,3,3
dcc,3,2
lasiran,3,2
gece,3,2
masakah,3,2
pegunaan,3,3
herni,3,2
diorder,3,2
deoan,3,2
male,3,2
mukhtarudin,3,4
toplica,3,3
selfy,3,2
custmer,3,3
headlamp,3,2
brusan,3,2
patugasnya,3,4
dipangkas,3,3
statu,3,2
rekenig,3,3
sampay,3,2
rekomendit,3,2
rumaj,3,2
berkembangan,3,2
hariyanto,3,2
agag,3,2
sblh,3,2
menggenai,3,2
refill,3,2
dikerja,3,2
menebang,3,2
ssdnya,3,3
hiring,3,2
sembunyi,3,2
komsumsi,3,3
udahh,3,2
smpi,3,2
gelapnya,3,2
bgtlah,3,2
rangkapan,3,2
bodik,3,2
nett,3,2
foodtruck,3,3
moni,3,2
tikor,3,2
ststus,3,3
jsdi,3,2
kaliwungu,3,3
wahyuni,3,2
peda,3,2
pohonnya,3,2
kehabisa,3,2
micah,3,2
btg,3,2
masaran,3,2
keberanda,3,2
erina,3,2
bst,3,2
anything,3,2
relai,3,2
accident,3,2
matkul,3,2
disuplai,3,2
platina,3,2
extension,3,2
150kv,3,3
taap,3,2
dungu,3,2
mmperbaiki,3,4
blt,3,2
awal2nya,3,3
ketidaknyamananya,3,2
hella,3,2
samangat,3,3
lnjt,3,2
okeey,3,2
herlambang,3,3
inden,3,2
spakbor,3,3
mngenal,3,2
wenak,3,2
speednya,3,2
mubel,3,2
moderenisasi,3,2
transition,3,2
meribetkan,3,3
tespen,3,2
semngkin,3,3
titik2,3,2
kdpan,3,2
benerkan,3,2
pelanggna,3,2
ternyat,3,2
msyarakt,3,3
berang,3,2
hadee,3,2
sbenarnya,3,2
breafing,3,3
cima,3,2
5juta,3,2
cui,3,2
pengauan,3,2
uyee,3,3
dikilometer,3,3
applause,3,2
tertransfer,3,3
mamberikan,3,2
sinii,3,2
kekuhan,3,2
pemasanagan,3,3
500ribu,3,2
favoritku,3,2
betmanfaat,3,2
cobaa,3,2
konsumer,3,2
kebuthan,3,3
membantub,3,2
pembarayan,3,3
banyakkan,3,2
complen,3,2
smapai,3,3
pulkam,3,2
ngundang,3,2
fia,3,2
dijwb,3,2
yqng,3,3
peyananan,3,3
r15,3,2
klx,3,2
berangin,3,2
terkeluar,3,2
adalagi,3,2
berhubungn,3,2
dibalesnya,3,3
tanjab,3,2
12v,3,2
naru,3,2
elis,3,2
biyayanya,3,3
sogokan,3,3
repeat,3,2
recehan,3,2
5mbps,3,3
sukaes,3,2
jrgn,3,2
diperthankan,3,3
seukses,3,2
spacy,3,2
ugb,3,2
uninterruptible,3,6
mendaftarkannya,3,2
inspection,3,2
tindas,3,2
agat,3,2
mendaptar,3,3
bsknya,3,3
grub,3,2
isiin,3,2
nungak,3,2
having,3,2
satisfaction,3,4
discond,3,2
terjamah,3,2
dilanjuti,3,3
eto,3,2
niru,3,2
balasanya,3,2
linggo,3,2
baganti,3,2
silau,3,2
triliunan,3,2
zanariah,3,3
adiba,3,2
zara,3,2
lampuku,3,2
should,3,2
ngegantung,3,3
terkonfirm,3,3
adaain,3,2
haa,3,2
diverivikasi,3,3
electrik,3,2
passng,3,2
mengaplikasikanya,3,2
trmsuk,3,3
jeprat,3,2
ditanah,3,2
pascabayarnya,3,3
bank2,3,2
left,3,2
pakaii,3,2
dilapanganya,3,2
alhamdulilla,3,2
daat,3,2
kenyatan,3,2
mengakselerasi,3,3
udarah,3,2
lngs,3,2
alfamaret,3,2
pijit,3,2
aaya,3,2
ciruas,3,2
dipikirin,3,2
mengintal,3,2
30menitan,3,3
klak,3,2
mhl,3,2
diberitau,3,3
bantua,3,2
megecek,3,3
gopai,3,2
kona,3,2
myads,3,2
rasain,3,2
solosinya,3,2
masyatakat,3,3
freindly,3,3
mpb,3,2
serata,3,2
klaksonnya,3,4
terrbaik,3,2
rasau,3,2
menaungi,3,2
perkayuan,3,3
dapatdipisahkan,3,3
liberalisasi,3,2
ngebul,3,2
emli,3,2
ngatur,3,2
dilanyani,3,3
bumdes,3,2
keadan,3,2
sdngkan,3,3
ubdate,3,2
kayuagung,3,2
officers,3,2
ketik2,3,2
keinget,3,2
temenmu,3,2
merespont,3,2
cara2,3,2
syukurnya,3,2
kelisitrikan,3,3
disko,3,2
lapian,3,2
mberi,3,2
eror2,3,2
menyokong,3,2
ngamprah,3,3
bentak2,3,3
pengerja,3,2
nini,3,2
pura2,3,2
terhandle,3,3
maff,3,2
elektrifikasi,3,2
ngerangkai,3,2
merampungkan,3,2
rp8,3,2
idup2,3,3
formnya,3,2
sbentar,3,2
visibilitas,3,2
46wib,3,3
literally,3,3
roadmap,3,2
ainun,3,2
pgang,3,2
pltmg,3,2
luwuk,3,2
bangey,3,2
tabur,3,2
rifat,3,2
sungkar,3,2
dicomplain,3,3
sekalia,3,2
gdc,3,2
darii,3,2
hamdalah,3,3
vian,3,2
rooted,3,2
memperbaikin,3,2
intruksikan,3,3
anakalang,3,2
pkkny,3,2
aap,3,2
parktis,3,2
yuha,3,2
palah,3,2
skck,3,2
pules,3,2
membantulah,3,2
cakeepp,3,3
nyepi,3,2
stylus,3,2
boos,3,2
dowlond,3,3
adik2,3,2
supriadi,3,2
mibol,3,2
cilimus,3,2
kelurahannya,3,2
lempar2an,3,3
masihul,3,2
temponya,3,2
hedeeh,3,3
infony,3,2
updateannya,3,2
keversi,3,2
saudara2,3,2
secepatx,3,2
sebagau,3,2
jasinga,3,2
maksdnya,3,3
alhadulilah,3,4
akse,3,2
xixixi,3,2
peltek,3,2
bebani,3,2
pemerentah,3,3
bahodopi,3,3
pa2,3,2
masyaallaah,3,3
cibiru,3,2
dangke,3,2
a54,3,2
phon,3,2
kembalii,3,2
iklan2,3,2
lebihmudah,3,2
4bintang,3,2
begoo,3,2
otniel,3,3
ketapel,3,2
penggajuan,3,2
hadeuuh,3,3
pengechekan,3,3
sikarannuang,3,4
sjw,3,2
reponsip,3,3
telh,3,2
memintak,3,2
amuntai,3,3
400k,3,2
dirutnya,3,2
saget,3,2
dijital,3,2
serpon,3,2
lier,3,2
pagawai,3,2
ketanggapan,3,2
tataan,3,2
volatase,3,3
psen,3,2
kadan,3,2
bjsa,3,2
busduct,3,3
jumperan,3,2
riski,3,2
apbila,3,2
bermanpa,3,2
menunda2,3,2
truus,3,3
brafo,3,2
menaggapi,3,3
pemadangan,3,2
ramaah,3,2
fatma,3,2
caption,3,2
mulyo,3,2
kutang,3,2
plp,3,2
crrc,3,3
banyan,3,2
berubahnya,3,2
mknya,3,2
manalah,3,2
manap,3,2
tehniknya,3,2
langsug,3,2
bntng,3,3
exis,3,2
pokoknamah,3,3
bantuann,3,2
ambill,3,2
rosario,3,2
randusari,3,3
bonceng,3,2
bko,3,2
bnayk,3,3
melayangkan,3,2
zulfan,2,2
hanguskan,2,2
abaika,2,2
deregulasi,2,3
pegawaii,2,2
comfortable,2,2
pelangganpun,2,2
kadaluarasa,2,3
mashook,2,2
synchrone,2,4
otodidak,2,3
ksehatan,2,2
abis2in,2,3
memeang,2,2
risikonya,2,2
gasnya,2,2
dedieselisasi,2,3
menyejukkan,2,2
pgeo,2,2
peletakan,2,2
mgu,2,2
silahka,2,2
matajitu,2,3
lithium,2,3
penananganan,2,4
denso,2,2
thermostat,2,3
kompenten,2,3
anker,2,2
valorant,2,3
neri,2,2
monopolistik,2,2
loloda,2,2
bets,2,2
jatiasih,2,2
jatimekar,2,2
petuagas,2,3
aih,2,2
netijen,2,2
skeg,2,2
acung,2,2
balesin,2,2
perusaan,2,3
pantry,2,2
chasma,2,2
chevron,2,2
jatiwarna,2,2
rorotan,2,2
gaas,2,2
reses,2,2
diservis,2,2
akinya,2,2
rante,2,2
nyetok,2,2
distribusinya,2,2
tria,2,2
capacity,2,2
avometer,2,2
mila,2,2
primernya,2,2
pembangkitannya,2,2
transmisinya,2,2
renewables,2,4
taggapan,2,3
perbahan,2,2
bpdb,2,2
electrimate,2,3
polindes,2,3
rijek,2,2
adhy,2,2
skalinya,2,2
terbiak,2,2
wud,2,2
yoseph,2,2
wts,2,2
syarifah,2,2
rabbit,2,2
24mm,2,2
700rbu,2,3
fabi,2,2
looking,2,2
tersave,2,2
vaporesso,2,3
vrk,2,2
durikosambi,2,3
mp4,2,2
prameks,2,2
menggenangi,2,2
hsse,2,2
ngarit,2,2
penyelarasan,2,2
maantab,2,3
nyadar,2,2
serena,2,2
dealing,2,2
kloter,2,2
ngabarin,2,2
lapu,2,2
krisna,2,2
eni,2,2
rkr,2,2
kemerdekaannya,2,2
kea,2,2
kmbalikan,2,3
perhatiaannya,2,3
sutuasi,2,2
anak2nya,2,3
nhn,2,2
dahalu,2,2
beritikad,2,3
gitumah,2,2
airdrop,2,3
seumideun,2,4
helped,2,2
okehh,2,2
semisalnya,2,2
dogo,2,2
booga,2,2
awur,2,2
tidurr,2,2
9k,2,2
wdp,2,2
ioniq,2,2
jahmene,2,3
nangkring,2,3
matlab,2,2
mosook,2,2
m2,2,2
jungkook,2,3
sepersekian,2,3
ke1300,2,3
mengatasii,2,2
fachri,2,3
mengkondisikan,2,2
mematok,2,2
telang,2,2
masukn,2,2
brbeda,2,3
kejebak,2,2
suong,2,2
b40,2,2
iyaak,2,2
gres,2,2
popcorn,2,3
liye,2,2
gado,2,2
creation,2,2
mein,2,2
pendi,2,2
alikuwa,2,3
pande,2,2
playlist,2,2
nemenin,2,2
ngo,2,2
hata,2,2
lynan,2,2
dibutukan,2,2
gpt,2,2
bare,2,2
fyp,2,2
scamacca,2,3
puts,2,2
borussia,2,3
balkoni,2,2
qe,2,2
valdrinit,2,4
set2,2,2
mantengin,2,3
3dlu,2,3
kunaon,2,3
lihatkan,2,2
suksema,2,3
vitalnya,2,2
kaise,2,2
dilos,2,2
kemudan,2,2
datamg,2,2
brang,2,2
semurah,2,2
mfw,2,2
prize,2,2
jacro,2,2
commuter,2,2
giamana,2,2
wewe,2,2
jiji,2,2
gruduk,2,2
kwani,2,2
pengetahuanmu,2,2
kzr,2,3
harmonisa,2,2
grusuk,2,2
iswan,2,2
aoa,2,2
gweh,2,2
sabotase,2,3
downlode,2,3
kronjo,2,2
acak2an,2,3
wilah,2,2
gapapalah,2,3
briefnya,2,3
brief,2,2
rd6,2,2
mantaunya,2,3
grusak,2,2
pltgu,2,2
ownernya,2,2
piling,2,2
auly,2,2
detailing,2,2
ngempos,2,2
looping,2,2
dimaintain,2,3
ngulik,2,2
sluke,2,2
enabler,2,3
purbo,2,2
rucika,2,3
ngaceng,2,2
suryana,2,2
sirine,2,2
sorangan,2,2
dikick,2,2
patriarki,2,2
checkpoint,2,2
dikompres,2,2
papi,2,2
seririt,2,2
bolehlah,2,2
takbisa,2,2
terkahir,2,2
gagl,2,2
seringan,2,2
colokannya,2,2
anjinglah,2,2
exellent,2,3
lebin,2,2
pora,2,2
ditahap,2,3
bsa2,2,2
marginnya,2,2
gusy,2,2
terdeksi,2,2
mempermasalahkan,2,3
vinyl,2,2
ied,2,2
treadmill,2,3
nyetrika,2,2
38b,2,2
mff,2,2
sebumnya,2,3
rp13,2,2
coil,2,2
electrolux,2,3
kobong,2,2
presto,2,2
tiaphari,2,2
mepercepat,2,3
wauww,2,3
ngatasinnya,2,3
kebelet,2,2
maruk,2,2
digapai,2,2
uld,2,2
spacex,2,2
307rb,2,3
155rb,2,2
jatohnya,2,3
polcasan,2,3
daddy,2,2
taynew,2,2
geter,2,2
moel7azqr,2,6
lnwn8494,2,5
tarunanya,2,2
blio,2,2
3d,2,2
maafin,2,2
yaallah,2,3
relate,2,2
gunungapi,2,2
ride,2,2
metica,2,2
aidzin,2,2
hondamu,2,2
rp324,2,3
mamam,2,2
rampungnya,2,2
mobil2,2,2
subholding,2,3
iog,2,2
palanya,2,2
tiket2,2,2
disegi,2,2
kepingin,2,2
bagoes,2,3
kedapa,2,2
permasalahnya,2,2
dihimbau,2,2
gugel,2,2
prokes,2,2
porsche,2,2
insulated,2,3
kasui,2,2
terkiat,2,2
pengadan,2,2
byg,2,2
sadh,2,2
payar,2,2
ngertinya,2,2
kumbh,2,2
sebalang,2,2
elektrostatis,2,3
statsiun,2,3
unibos,2,2
komfirmasinya,2,4
medannya,2,2
hlo,2,2
runaway,2,2
dicopot,2,2
kerjaanku,2,2
azizah,2,2
salma,2,2
remot,2,2
infrastuktur,2,3
insfrastruktur,2,4
pemasokan,2,2
wek,2,2
sagt,2,2
bangg,2,2
blome,2,2
tongsis,2,2
bermangaat,2,3
rantingnya,2,2
murdifi,2,3
fullwave,2,2
gearbox,2,2
220cc,2,2
125cc,2,2
5jeti,2,3
kuga,2,2
spill,2,2
miftahul,2,2
adb,2,2
psu,2,2
kfw,2,3
yuasa,2,2
dijapri,2,3
marwoto,2,3
nadinya,2,2
rahmatan,2,2
uleekareng,2,4
egi,2,2
speedtest,2,2
lengkayap,2,2
semyanya,2,2
plang,2,2
sialnya,2,2
susaahh,2,3
smangkin,2,3
karep,2,2
pulihin,2,2
daripagi,2,2
sakelar,2,2
modemnya,2,2
khidmat,2,2
ngerakit,2,2
latosol,2,2
fanny,2,2
infrasturktur,2,3
nyuplai,2,2
tarima,2,2
instrumentasi,2,2
hubingi,2,2
p150x,2,3
17jt,2,2
ragat,2,2
dingiinn,2,3
brake,2,2
31jt,2,2
hba,2,2
disparitas,2,2
gaspool,2,2
ditmpt,2,3
kejar2,2,2
bres,2,2
ambassador,2,3
sustainable,2,2
dinformasikan,2,2
inget2,2,2
pengangannya,2,3
kabulkan,2,2
pengontrak,2,2
blz,2,2
korperatif,2,3
ecotec,2,3
swecem,2,3
omicron,2,3
spul,2,2
elahh,2,2
skarng,2,3
pltm,2,2
energize,2,2
insfratruktur,2,4
gt2,2,2
digajih,2,3
iib,2,2
cbu,2,2
ae101,2,2
wheeldop,2,3
handy,2,2
joule,2,2
anjelica,2,3
osmoregulasi,2,4
ptr,2,2
marie,2,2
rifki,2,2
mince,2,2
soldout,2,2
pagawainya,2,3
aekali,2,2
x24,2,2
buruuan,2,2
menyuplai,2,2
rohingnya,2,2
stereotip,2,2
montor,2,2
rebecca,2,3
coulomb,2,3
cemoro,2,2
mengimplementasikan,2,4
saguling,2,2
aloon,2,2
modifan,2,2
wicak,2,2
otakmu,2,2
cop28,2,2
namjoon,2,3
petakan,2,2
ganting,2,2
mbuh,2,2
tuwuh,2,3
ngremboko,2,4
sensorik,2,2
avionik,2,2
bethany,2,3
wiper,2,2
efendi,2,2
tirima,2,2
ngunu,2,3
soroti,2,2
verifkasi,2,4
emosii,2,2
promos,2,2
dipaling,2,2
somga,2,2
braking,2,2
bnsp,2,2
obligation,2,3
kairi,2,2
nunez,2,2
stir,2,2
luwih,2,2
priyanto,2,2
bmpp,2,2
argosari,2,2
lalin,2,2
enom,2,2
blakang,2,2
pebaikan,2,2
5nya,2,2
13jt,2,2
ukkb,2,2
moris,2,2
kawazaki,2,3
bakaru,2,2
jambangan,2,2
notfound,2,3
ngendap,2,3
sio,2,2
tano,2,2
maguwoharjo,2,3
segiri,2,2
hydrant,2,2
semir,2,2
tombangan,2,2
pebaiki,2,3
arnold,2,2
aseng,2,2
ngrusin,2,3
keladi,2,2
comet,2,2
jkt48,2,2
infi,2,2
nopel,2,2
flying,2,2
sangat3x,2,3
sebanyak2nya,2,3
basar,2,2
rt02,2,2
nergi,2,2
andbeautiful,2,5
waduuh,2,3
pascagangguan,2,4
buat2,2,2
vp,2,2
mentenagai,2,3
hammernya,2,2
wukuf,2,3
stabilisasi,2,2
iai,2,2
offlinenya,2,2
tertukar,2,2
memanagement,2,3
mendowlod,2,4
dijauhkan,2,2
15juta,2,2
kemis,2,2
membay,2,2
wrong,2,2
losstrim,2,3
preses,2,2
recomed,2,2
layanana,2,2
bimo,2,2
setir,2,2
deka,2,2
spido,2,2
maafnya,2,2
duid,2,2
tranmisi,2,3
dasar2,2,2
cikuray,2,3
basing,2,2
tanzania,2,3
tanesco,2,2
memperketat,2,3
obvit,2,3
boikot,2,2
julianne,2,2
aquabike,2,3
komstir,2,3
mesak,2,2
magai,2,2
starlet,2,2
amu,2,2
gardan,2,2
bedakan,2,2
stoplamp,2,2
mjb,2,2
boomer,2,2
trus2an,2,3
reviews,2,2
bungbulang,2,3
tabun,2,2
trhdap,2,3
terbauk,2,2
sayakasih,2,2
selesaai,2,3
senasib,2,2
keaman,2,2
candipuro,2,3
koit,2,2
dekarbonisasi,2,3
ibt,2,2
cicadas,2,3
taransaksi,2,3
steker,2,2
keretanya,2,2
bersurat,2,2
airbag,2,2
comphrehensive,2,5
aca,2,2
allrisk,2,3
korvet,2,2
semantok,2,3
dindin,2,2
progran,2,2
asekk,2,3
rafiq,2,2
rohmadi,2,2
ouas,2,2
kekonsumen,2,3
tingkatka,2,2
menujuh,2,2
ulv,2,2
orian,2,2
mamberamo,2,3
kobakma,2,3
mayar,2,2
lowbet,2,2
vibrasi,2,2
ipp,2,2
shams,2,2
lucas,2,2
nabrak,2,2
kujang,2,2
plumbing,2,3
kratos,2,3
travonya,2,2
menyelenggarakan,2,2
dipelajarin,2,2
sejasa,2,2
ekonomiya,2,2
aircraft,2,2
kegempaan,2,3
guncangan,2,2
female,2,2
multitalent,2,3
sisan,2,2
nyoo,2,2
tasrif,2,2
pasok,2,2
bntukami,2,3
ketoko,2,2
comal,2,2
insta,2,2
biidznillah,2,5
ajaah,2,2
melapo,2,2
musih,2,2
tidakbisa,2,2
syrat,2,2
sudjarwo,2,3
bini,2,2
dikomplin,2,2
evy,2,2
wajarlah,2,2
ooo,2,2
dites,2,2
dicobakan,2,2
reparasi,2,2
35b,2,2
bernasib,2,3
memerlukannya,2,2
ngertiku,2,2
assy,2,2
disik,2,2
dijalanin,2,2
schapp,2,2
kamtib,2,2
senergi,2,2
misale,2,2
kdepanya,2,3
okta,2,2
tanggerang,2,2
glumpang,2,2
mempersiapakan,2,3
plynnyan,2,4
terdonwload,2,4
kilometr,2,3
kcic,2,2
pewarisan,2,2
proges,2,2
ory,2,2
bkln,2,2
bunyi2,2,2
transformator,2,2
sabri,2,2
emission,2,2
pameungpeuk,2,5
rupbasan,2,3
erna,2,2
bantuwan,2,2
yanv,2,2
disebagian,2,2
locomotion,2,3
mintan,2,2
ngelolah,2,2
plniconplus,2,3
lodaya,2,2
pademangan,2,3
iinformasi,2,3
yusman,2,2
kasij,2,2
moso,2,2
chatbot,2,3
menabah,2,2
kucingan,2,2
tersolved,2,3
tapat,2,2
fuse,2,2
engan,2,2
rgr,2,2
cungkok,2,3
kret,2,2
1tahun,2,2
engkang,2,2
hidupp,2,2
dicicil,2,2
sesion,2,2
naekan,2,2
geloo,2,2
oncor,2,2
amuse,2,2
mrah,2,2
permintaa,2,3
puroh,2,2
utamannya,2,2
tangkiling,2,2
baikpun,2,2
omahku,2,3
sipirok,2,3
cibodas,2,3
sling,2,2
menormalisasikan,2,3
adet,2,2
galo,2,2
stp,2,2
sagnat,2,2
95rb,2,2
operan,2,2
walpun,2,2
disconek,2,3
kelistristrikan,2,3
sebelahan,2,2
perubhn,2,3
mere,2,2
regiatrasi,2,3
rusaak,2,2
sepersen,2,2
momennya,2,2
memahi,2,2
didoson,2,3
ngepasinnya,2,3
rusyanto,2,2
masig,2,2
bermaafat,2,3
ngedeteksi,2,2
jf,2,2
leha,2,2
lighting,2,2
transat,2,2
terrace,2,2
mudahdigunakan,2,4
yeyy,2,2
sadonyo,2,3
tnx,2,2
stationnya,2,2
lapot,2,2
semntara,2,3
ngerating,2,2
fiturlainnya,2,3
lagipelayanan,2,3
cayo,2,2
shee,2,2
tanganinya,2,2
trjd,2,2
terhentinya,2,2
zui,2,2
dioprek,2,3
ngganteng,2,3
masalag,2,2
dengat,2,2
pedaman,2,2
mikin,2,2
minginformasih,2,3
copper,2,2
diplay,2,2
wuzz,2,2
ngorder,2,2
ngrepotin,2,3
disclosing,2,3
jatisrono,2,3
plj,2,2
trom,2,2
layaanan,2,3
ngontak,2,2
bnerr,2,3
trmsk,2,3
mengtasi,2,2
expedisi,2,2
kelabakan,2,3
sekejab,2,2
dass,2,2
bagemana,2,3
tanganinnya,2,2
kode2,2,2
menggelegar,2,2
diutak,2,3
dimajukan,2,2
sungu,2,2
ldm,2,2
pelg,2,2
karangpilang,2,3
urisan,2,2
alhamdillah,2,4
sekalj,2,2
seninnya,2,2
a55,2,2
masakin,2,2
kamila,2,2
up2b,2,3
onoh,2,2
byond,2,2
s24,2,2
milliar,2,2
littr,2,2
spenuhnya,2,4
konpen,2,2
profesioanal,2,3
telepati,2,3
lolot,2,2
keluhuran,2,2
malemnya,2,2
huhuyy,2,3
tegor,2,2
obil,2,2
smoot,2,2
bodok,2,2
toren,2,2
madyarakat,2,3
gandaria,2,2
solusinys,2,3
paang,2,2
kemudanan,2,2
lhoksukon,2,3
intregritas,2,3
septy,2,2
kismin,2,2
blkg,2,2
terlancar,2,2
sabarin,2,2
gludug,2,3
recomende,2,3
nemmoh,2,3
musk,2,2
responenya,2,2
losstom,2,2
aaminn,2,3
7k,2,2
mcbeal,2,3
muaraenim,2,3
olangan,2,2
sebalah,2,2
tentena,2,2
disidak,2,2
osim,2,2
wiradiputra,2,3
complainnya,2,3
botong,2,2
bantun,2,2
telanjur,2,2
pemberatuhan,2,2
mantapdan,2,2
terutaman,2,2
tranksasi,2,3
sendal,2,2
kemabli,2,3
geus,2,2
boge,2,2
perbayak,2,2
tersamapaikan,2,4
kualitasmu,2,2
dua2nya,2,3
rasane,2,2
matif,2,2
badag,2,2
outages,2,2
leway,2,2
dilebih,2,2
signalnya,2,2
dispklu,2,3
elakukan,2,2
rismaharini,2,4
mandul,2,2
ering,2,2
memake,2,2
pcc,2,2
terkonek,2,3
ngeclose,2,3
gelem,2,2
diakan,2,2
kudo,2,2
recomnded,2,3
wuihh,2,2
mobilevsangat,2,3
bangkek,2,2
murcee,2,3
dibenai,2,2
dibilangin,2,2
omon,2,2
ardhi,2,2
bermasyrakat,2,4
jaln,2,2
trks,2,2
pln2,2,2
diwarung,2,2
cucok,2,2
aplkasibpln,2,5
wortit,2,3
perubahn,2,3
angaran,2,2
takalar,2,2
mengulah,2,2
kemahalen,2,3
tarcking,2,3
trdepan,2,3
dblg,2,3
yn,2,2
profsional,2,2
serahin,2,2
lambaro,2,2
bersihnya,2,2
dikomunikasikan,2,3
emuaskan,2,2
raiso,2,2
suada,2,2
profesionalnya,2,2
ktka,2,2
telegram,2,2
kaks,2,2
newpin,2,2
keplosok2,2,4
banhak,2,2
juwiring,2,3
kesono,2,2
brjarak,2,3
sgb,2,2
melakakukan,2,2
digunakanan,2,2
p3k,2,3
dimanasaja,2,3
blangkejeren,2,4
pilsa,2,2
admin2,2,2
jki,2,2
wayahe,2,3
merating,2,2
tenggah,2,2
dikiranya,2,2
pecahkan,2,2
intrupsi,2,2
datag,2,2
alva,2,2
statuse,2,2
swg,2,2
berkembanh,2,3
pendapatannya,2,2
susukan,2,2
penggu,2,2
llagi,2,2
tring,2,2
pores,2,2
rumaha,2,2
sempu,2,2
konektornya,2,2
cedar,2,2
menyeh,2,2
tegngan,2,2
meggunakan,2,2
fitut,2,2
bisaelaporkan,2,3
apabaila,2,3
tamara,2,2
jatinom,2,2
pembaharan,2,2
simply,2,2
ampli,2,2
semanga,2,3
terbantahkan,2,3
memngetahui,2,3
keterang,2,2
sogok,2,3
tersediaa,2,2
atwpun,2,3
listrik2,2,2
apreaiasi,2,3
bootloader,2,3
truslah,2,2
cangkih,2,2
mantulbagus,2,3
markerplace,2,3
seht,2,2
bermannfaat,2,3
pnh,2,2
settong,2,2
konsumn,2,2
bantuany,2,2
migrsi,2,3
laporanan,2,2
mrlakukan,2,2
mengertu,2,2
waste,2,2
sran,2,2
lanjutka,2,2
membedah,2,2
terutma,2,3
baliknama,2,2
responnyapun,2,3
ngantar,2,2
plnkarena,2,2
malaporkan,2,2
peneranga,2,2
soalnyaa,2,2
terimanya,2,2
sabar2,2,2
penanganna,2,2
karanglewas,2,3
pasbar,2,2
permbayaran,2,3
pangajuan,2,2
dlihat,2,2
dkm,2,2
hospitality,2,2
1x6jam,2,4
masihh,2,2
478k,2,3
hentinya,2,2
rp1,2,2
uloe,2,2
kemanain,2,2
leran,2,2
tamplate,2,2
mandirii,2,2
coo,2,2
wabarakatuh,2,3
160v,2,2
sadap,2,2
kedapatan,2,2
betol2,2,3
konselet,2,2
10an,2,2
heng,2,2
memodernisasi,2,4
sebegitu,2,2
omline,2,2
seer,2,2
bolehkan,2,2
masikan,2,2
tkj,2,2
pebih,2,2
mojoagung,2,3
850rb,2,2
udel,2,2
banyah,2,2
berjalanya,2,2
payletter,2,2
klin,2,2
akang,2,2
ngaca,2,2
denvan,2,2
chairawan,2,2
amazingg,2,2
jado,2,2
lcc,2,2
dipihak,2,2
kelistirkan,2,3
ulasanya,2,2
kbtuhan,2,2
pasangi,2,2
liburannya,2,2
masalahh,2,2
teriman,2,2
terbaiak,2,2
ancang,2,2
didaerah2,2,2
danpembayaran,2,4
krmat,2,2
diremehkan,2,2
tertandingi,2,2
menjelasakan,2,2
trmakasi,2,3
frienly,2,3
penggurusan,2,2
netflix,2,3
gunannya,2,2
kalasan,2,2
payments,2,2
txs,2,2
luahan,2,2
dapetnya,2,2
ngmongin,2,3
hrusny,2,3
cucuk,2,2
semkain,2,3
babyak,2,2
diskin,2,2
manyak,2,2
payed,2,2
disconnected,2,3
yahg,2,2
membutuhkn,2,3
sidayu,2,2
ngefek,2,2
skeptis,2,2
tatapi,2,2
boothnya,2,2
mantabkan,2,2
trasnsaksi,2,4
hakordia,2,3
dadok,2,2
tehadap,2,2
basarang,2,2
dayeuhkolot,2,5
dimedia,2,2
begete,2,2
ibadahnya,2,2
blgnya,2,3
kahayan,2,2
bahaur,2,3
mengeceknya,2,2
pinoh,2,2
batoh,2,2
bengi,2,2
wangun,2,2
cendrawasih,2,3
fd,2,2
salsabila,2,3
sangatsangat,2,2
listrikrumah,2,2
temikasih,2,3
infrmsi,2,4
prosesperubahan,2,2
terjadii,2,2
tomtop,2,2
furious,2,2
mekakukan,2,2
anggin,2,2
terimaskih,2,3
damel,2,2
menyederhanakan,2,2
terpakasa,2,3
khidupan,2,2
tigaraksa,2,3
tenjo,2,2
penangani,2,2
manffaat,2,3
sijunjung,2,3
tokel,2,2
stasusnya,2,3
konversasi,2,3
terparah,2,2
atou,2,2
keringnya,2,2
meli,2,2
ditmbah,2,3
lekap,2,2
pengecesan,2,2
bekaitan,2,2
julio,2,2
dnan,2,2
muji,2,2
cutinya,2,2
pengsian,2,2
rajin2,2,2
nyempetin,2,3
bersenang,2,2
proaes,2,3
permitaan,2,2
keperluanya,2,2
paringin,2,3
menggagalkan,2,3
sertaa,2,2
sufah,2,2
urgensinya,2,2
dripd,2,2
dihack,2,2
akalin,2,2
hargailah,2,2
trpercaya,2,2
salasatu,2,2
layanananya,2,2
gsnggusn,2,4
belanjaan,2,2
kemudahann,2,2
taratasi,2,2
menggunkaan,2,3
saangaat,2,3
cihuy,2,2
dapaat,2,2
talangin,2,2
flicker,2,3
kkr,2,2
nyerobot,2,3
plnnmobile,2,4
cacic,2,2
gaangguan,2,3
ccs,2,2
alhamdullh,2,2
modelan,2,2
panakukkang,2,4
wok,2,2
gancang,2,2
bagelen,2,2
gratia,2,3
luncurkannya,2,2
memeprmudah,2,3
ogah2an,2,3
berijin,2,2
beudd,2,2
bangak,2,2
surprise,2,2
llaporan,2,3
skss,2,2
capee,2,2
jare,2,2
dunlut,2,3
wkwkwkwkw,2,3
slaku,2,2
stas,2,2
mengenahi,2,2
daalam,2,2
lamps,2,2
terjankau,2,3
comprehensive,2,4
diladeni,2,3
inovatip,2,3
mendukungmu,2,2
cekap,2,2
prosesya,2,2
in8,2,2
perkerjan,2,2
rekwning,2,3
prefesional,2,3
fotur,2,2
transfet,2,3
mbuat,2,2
smagat,2,3
deangan,2,2
responsivitas,2,3
tambanya,2,2
piayu,2,2
mma,2,2
klemar,2,2
kekontrol,2,2
laya,2,2
tiak,2,2
kelanjutanya,2,2
mengajukam,2,3
digusur,2,2
murmer,2,2
terbuktii,2,2
terekomendasi,2,4
unit2,2,2
contonya,2,2
duitku,2,2
diclaim,2,2
kebtuhan,2,2
ceperan,2,2
sanghat,2,2
jengat,2,2
malasih,2,2
admid,2,2
countdown,2,2
juliani,2,2
polan,2,2
bauk,2,2
aby,2,2
mendftar,2,3
0ke,2,2
nyamn,2,2
sanset,2,2
olin,2,2
mesan,2,2
opt,2,2
repotkan,2,2
barcodenya,2,2
acnya,2,2
gono,2,2
bengkayang,2,2
pedot,2,2
topping,2,2
seblak,2,2
abng,2,2
bona,2,2
anatoli,2,2
pelaksaan,2,3
saumlaki,2,3
pace,2,2
honi,2,2
pafam,2,3
stasion,2,2
allowalet,2,4
mempersulitkan,2,2
prakti,2,2
memeliki,2,3
memuakan,2,3
mobilini,2,2
transformasinya,2,2
macetnya,2,2
fikum,2,2
segelnya,2,2
nurdiansyah,2,3
dinantikan,2,2
yq,2,2
callen,2,2
satiruk,2,3
pekejaan,2,3
lebgkap,2,3
danpengakuan,2,3
bua,2,2
tepatt,2,2
akases,2,2
30m,2,2
jadilebih,2,2
selse,2,2
inimi,2,2
rma,2,2
kefa,2,2
tambal,2,2
tertolol,2,3
semenja,2,2
nirwana,2,2
designya,2,2
100mb,2,2
menyampekan,2,3
melakkan,2,2
yudhi,2,2
terdpat,2,2
itt,2,2
pemersalahan,2,3
tojen,2,2
giyanto,2,2
diposisi,2,2
mudalah,2,2
jess,2,2
bermaanfat,2,3
yeay,2,2
inconel,2,2
lengakp,2,3
gets,2,2
kamarin,2,2
yono,2,2
v006,2,3
koten,2,2
buak,2,2
fso,2,2
vitura,2,2
insyah,2,2
jeren,2,2
bantak,2,2
berkhidmat,2,3
himung,2,2
syahrul,2,2
dimngerti,2,4
gasket,2,2
ginakan,2,2
3minggu,2,2
pitur2nyapun,2,5
semagkin,2,3
nyamudah,2,2
keruskan,2,2
paje,2,2
lecek,2,2
kepelayanan,2,4
akulaku,2,3
ladenin,2,2
ngetawain,2,3
uuh,2,2
menghawatirkan,2,2
menelefon,2,3
mamak,2,2
kompitibel,2,3
ditinggkat,2,2
pengecas,2,2
jayajayajaya,2,3
daebakk,2,3
160an,2,2
danpemberian,2,3
trdapat,2,2
aplikasinpln,2,3
bisadi,2,2
kamiuntuk,2,2
asalah,2,2
asembagus,2,2
pembelina,2,2
perfecto,2,2
duduk2,2,2
jeneponto,2,3
atitude,2,3
jossjiss,2,4
kopang,2,2
uwiw,2,3
kitaka,2,2
bulana,2,2
kebijakkan,2,2
huhuin,2,2
ditaro,2,2
solikhin,2,3
wng,2,2
menyapaikan,2,2
kedeteck,2,3
kalabahi,2,3
terapo,2,2
marker,2,2
ramah2nya,2,3
suses,2,2
blast,2,2
mmbri,2,3
diprofil,2,2
seriap,2,2
maaciihh,2,3
masalhnya,2,3
dimeterannya,2,3
digoogle,2,3
1300kva,2,3
panyambungan,2,4
respawn,2,3
tepar,2,2
pakei,2,2
beraklak,2,2
casannya,2,2
supriyatna,2,3
2bh,2,2
kenda,2,2
pbt,2,2
swam,2,2
chill,2,2
berhembus,2,2
upto,2,2
berguma,2,2
tulisnya,2,2
surprisingly,2,4
iam,2,2
sitiung,2,2
terkaper,2,2
lopran,2,2
terllau,2,3
horeg,2,2
jgh,2,2
baiaya,2,2
rawalumbu,2,3
pembellian,2,2
plnmobeli,2,3
ngepasin,2,2
tindakkannya,2,2
panikan,2,2
mudakan,2,2
dipertegas,2,2
alot,2,2
berebetkeun,2,4
swacme,2,3
terasalah,2,2
histroy,2,3
vocernya,2,2
friedly,2,2
hahahahahaha,2,2
menjakau,2,3
indahkan,2,2
terbakarnya,2,2
suba,2,2
dipelaporan,2,3
zulfikar,2,3
depk,2,2
cilangkap,2,2
rw02,2,2
memuaskkan,2,4
jaki,2,2
istirahatnya,2,2
pendafataran,2,3
sepp,2,2
dsngan,2,2
pengenmbang,2,3
kr2,2,2
ngekos,2,2
kenjeran,2,3
mateb,2,2
baraya,2,2
woh,2,2
pemangkat,2,3
dth,2,2
killernya,2,2
bukaa,2,2
pky,2,2
a0k,2,3
diakon,2,2
ngebayar,2,2
ngisi,2,2
aampai,2,3
tgal,2,2
pili,2,2
benae,2,2
bertranksaksi,2,4
kemudaham,2,2
mobiln,2,2
tagas,2,2
menyalanya,2,2
hrusnya,2,2
informai,2,2
andd,2,2
duluh,2,2
hubgi,2,2
jajang,2,2
terlallu,2,3
hatop,2,2
ngeet,2,2
msb,2,2
luaran,2,2
teebaru,2,3
pross,2,2
terimakasiah,2,3
apeli,2,2
lembih,2,2
ditangni,2,3
memperpudah,2,3
danlebih,2,2
juda,2,2
dlamnya,2,3
dispatch,2,3
selincah,2,3
maskipun,2,2
nenang,2,2
mempurmudah,2,3
toboali,2,3
lammaa,2,3
cahayamu,2,2
punggur,2,2
jaza,2,2
gadungan,2,2
ugent,2,2
mengguakan,2,3
nayala,2,2
cbng,2,2
sebesar2nya,2,3
smgat,2,3
salaam,2,2
dhp,2,2
dbntu,2,3
sgt2,2,2
kebuh,2,2
pokoknye,2,2
disconected,2,4
nail,2,2
apasi,2,2
frontliner,2,3
fasr,2,2
sangam,2,2
permanan,2,2
embelian,2,2
terbantun,2,2
wasior,2,2
tampat,2,2
tenjolaya,2,3
siagap,2,2
anggarannya,2,2
una,2,2
kdd,2,2
rimo,2,2
kuswanto,2,2
prepaidnya,2,4
lakuakan,2,2
20digit,2,3
supeer,2,2
bx,2,2
bermanfaatnya,2,2
diselaikan,2,2
ngudud,2,3
segala2nya,2,3
mempermuah,2,2
laiinya,2,2
cukp,2,2
nemang,2,2
melaikan,2,2
maudah,2,2
psaca,2,2
iuu,2,2
jangakaun,2,3
konpirmasi,2,4
toiletnya,2,2
partipasi,2,2
jabarkan,2,2
batita,2,2
cerpat,2,2
petugasa,2,2
pulasa,2,2
mmuaskan,2,2
diputer2,2,3
nuhuun,2,3
dinpln,2,3
calo2an,2,3
propalainer,2,3
sangatmemudahkan,2,3
permohinan,2,3
apiikasi,2,2
plnmobail,2,4
nyalla,2,3
srlalu,2,2
gaka,2,2
curangi,2,2
gwe,2,2
m6,2,2
pelayanansangat,2,2
bagipelanggan,2,4
cijulang,2,2
suuiipp,2,4
relatip,2,2
9malam,2,2
danpelayanan,2,3
ngecasnya,2,2
pemudahkan,2,3
mantup,2,2
siyap,2,3
kemiling,2,2
terbaikan,2,2
pestaan,2,2
carge,2,2
pekarjaan,2,2
mydah,2,2
seingat,2,3
trimakadij,2,3
kmplain,2,3
prosee,2,2
terfoto,2,2
banxak,2,3
lbs,2,2
tindaklajuti,2,4
kata2nya,2,3
waduuhh,2,3
helloow,2,2
memeper,2,2
memeprcepat,2,3
muduh,2,2
kasep,2,2
sibiru,2,2
mengefisiensi,2,3
tetantang,2,2
mobilny,2,2
mengantasi,2,2
selaga,2,2
masallah,2,2
voucer2,2,4
visualnya,2,2
trilyunan,2,2
mengecewakaan,2,4
pancet,2,2
pendftran,2,3
bagun,2,2
onok,2,2
dnegan,2,2
simpal,2,2
dinegara,2,2
amay,2,2
ndangak,2,3
uy,2,2
menggelapkan,2,2
cukop,2,2
singaparna,2,2
inia,2,2
kecil2,2,2
dbales,2,2
chatlive,2,3
due,2,2
semue,2,2
pndftaran,2,4
kmp,2,2
dminta,2,2
0pln,2,3
menyelasaikan,2,3
asekali,2,2
permohonn,2,3
recomendet,2,3
menduakan,2,3
n0,2,2
tkns,2,2
kustomer,2,2
winda,2,2
hendi,2,2
memudahkanku,2,2
berkopeten,2,3
catt,2,2
rubah2,2,2
menyogok,2,3
dihidupin,2,3
nyerap,2,2
dikomplek,2,3
amaizing,2,3
tracker,2,2
hinga,2,2
penukal,2,2
abab,2,2
lematang,2,2
unroot,2,3
kedetect,2,3
kalaou,2,2
babtu,2,2
kayakx,2,2
teruz,2,2
temenku,2,2
arista,2,2
kecepetan,2,3
funrun,2,2
sukss,2,2
longe,2,2
maraton,2,2
tlisan,2,2
dnegna,2,3
pemayaran,2,3
pembian,2,2
a10,2,2
haai,2,2
haaii,2,3
pasanh,2,3
ssat,2,2
aduanya,2,2
menajdi,2,2
danmantap,2,3
amah,2,2
px,2,2
rima,2,2
direpson,2,2
anjani,2,2
jop,2,2
dtngnya,2,3
kedaerah,2,2
dengana,2,2
dihubugi,2,4
apud,2,2
gr2,2,2
drama2,2,2
mengajuakan,2,3
peloporan,2,2
percapakan,2,3
11an,2,2
muah,2,2
wardoyo,2,2
saipul,2,2
brli,2,2
lanjuut,2,3
sitinjak,2,3
freeze,2,2
tonji,2,2
cepe,2,2
pemasanganbaru,2,2
bembeli,2,2
bukann,2,2
meringangkan,2,4
matp,2,2
didiemin,2,2
tepasang,2,2
buski,2,2
enih,2,2
cuus,2,2
pasa,2,2
verified,2,2
laoran,2,2
jagorawi,2,3
tmks,2,2
petusan,2,2
mentracking,2,3
tiyang,2,2
meju,2,2
rwayat,2,2
afrizal,2,2
denganmudah,2,2
permohonon,2,3
tegalangus,2,3
divisit,2,2
vermak,2,2
muncut,2,2
dikembaliin,2,3
matursuwon,2,3
tyas,2,2
ylki,2,3
vlt,2,2
ruamah,2,2
sudoku,2,2
rido,2,2
qita,2,2
merefund,2,3
iji,2,2
serbamudah,2,2
sedngkan,2,3
memperumit,2,3
masalam,2,2
menyelesai,2,3
droop,2,3
penjelasa,2,2
mantapks,2,2
bnt,2,2
satpan,2,2
dimasuk,2,2
ajip,2,2
idolaku,2,2
2m,2,2
dody,2,2
phr,2,2
membingbing,2,3
assistant,2,2
kesejahtraan,2,4
chate,2,2
paperless,2,2
byee,2,2
300va,2,2
brani,2,2
resusitasi,2,3
didiamkan,2,2
ngejer,2,2
membagu,2,2
accurate,2,3
cooler,2,2
transakti,2,2
effortless,2,3
memberikankan,2,2
pringatan,2,3
melaporkam,2,2
srbagai,2,2
sovenir,2,2
pihsk,2,2
pelnya,2,2
swandika,2,3
penjelasaannya,2,3
ringankan,2,2
kesenggol,2,3
ema,2,2
sidamanik,2,3
expayer,2,3
dibatas,2,2
updatee,2,2
penunggakan,2,3
sangah,2,2
lipet,2,2
pasnag,2,2
trimakasihpln,2,3
membayaran,2,2
menggunajan,2,2
acara2,2,2
maskasih,2,2
kariango,2,3
patriot,2,2
alasa,2,2
ooh,2,2
agia,2,2
juo,2,2
memakin,2,2
eta,2,2
acr,2,2
rojak,2,2
leuwigoong,2,4
keinstall,2,4
memgikuti,2,4
tambhan,2,2
allahamdulillah,2,4
terlksana,2,3
menn,2,2
brastagi,2,3
cinere,2,2
bento,2,2
nuraini,2,2
realisainya,2,2
teo,2,2
hematt,2,2
fact,2,2
nggaq,2,2
siapa2,2,2
manttuull,2,3
randu,2,2
dlakukan,2,2
kelakuannya,2,2
pali,2,2
prioritasnya,2,2
menggunakaan,2,2
handa,2,2
kenaln,2,2
jeut,2,2
diggunakan,2,2
moncerr,2,3
updater,2,2
ongkang,2,2
balasin,2,2
ade2,2,2
cuz,2,2
menguninstall,2,2
jenset,2,2
buaguss,2,3
mndpat,2,3
lepis,2,2
judes2,2,3
sebaris,2,2
erd,2,2
manula,2,2
pemandunya,2,2
gustii,2,2
serui,2,2
advice,2,2
sani,2,2
dierbaiki,2,4
tsm,2,2
sp3,2,2
kerumahnya,2,2
sprtinya,2,2
istimasi,2,2
tggal,2,2
cutt,2,2
tercancel,2,3
rafli,2,2
lsung,2,2
disuruh2,2,2
seem,2,2
ter8ma,2,3
7700va,2,3
makasihpln,2,3
lanjay,2,3
belumnya,2,2
maanfaat,2,2
diaktivasi,2,2
puguh,2,3
bodohnya,2,2
perban,2,2
kwantitas,2,3
raspon,2,2
bantosan,2,2
bilmen,2,2
mengakali,2,2
baguala,2,3
pohak,2,2
ksni,2,2
fonis,2,2
uploadan,2,2
lengksp,2,2
kroya,2,2
miike,2,2
extrim,2,2
belit2,2,2
diacc,2,2
kbh,2,2
mati2an,2,3
jerr,2,2
pembelia,2,2
resonsif,2,3
mmkai,2,3
pjn,2,2
200rbu,2,3
bagsu,2,2
maua,2,2
kebutan,2,2
deech,2,2
ajiibb,2,3
beutong,2,3
simpannya,2,2
muantaf,2,3
pegawai2nya,2,3
2mb,2,2
penuduhan,2,3
spart,2,2
tensi,2,2
jembrana,2,2
kono,2,2
aio,2,2
sukahati,2,2
apls,2,2
3jm,2,3
sarangheo,2,3
punggut,2,2
bulananku,2,2
hadeww,2,3
seyum,2,2
rapihkan,2,2
diomelin,2,3
kendorr,2,3
xie,2,2
soree,2,2
omng,2,2
coustamer,2,3
idznillah,2,5
barokallahu,2,4
kashi,2,2
ramaha,2,2
yadi,2,2
rajamandala,2,4
1juli,2,3
petanyaannya,2,3
kuran,2,2
harusx,2,2
semgoga,2,3
tandingannya,2,2
penanggulangannya,2,2
60hari,2,2
resmikan,2,2
linkungan,2,2
kndla,2,3
nasip,2,2
dikatain,2,2
kogh,2,2
timaha,2,2
gasik,2,2
miningkat,2,2
repotnya,2,2
namo,2,2
semangin,2,3
danang,2,2
minto,2,2
jayala,2,2
ke1,2,2
tingkatkatkan,2,3
marketpleace,2,3
bawa2,2,2
kurah,2,2
praktif,2,2
peayanan,2,2
koar2,2,3
gakda,2,2
terimakasin,2,3
that2,2,2
depn,2,2
ngoperasiin,2,3
pastinyaa,2,2
antah,2,2
malfungsi,2,2
penindaklanjutan,2,4
mumuaskan,2,2
thq,2,2
tlogomulyo,2,4
khoeron,2,3
orag,2,2
penggeluaran,2,3
recommed,2,2
hargnya,2,2
reccomended,2,4
miminn,2,2
memudahkana,2,2
biay,2,2
pecatin,2,2
serung,2,2
tailah,2,2
ditmbh,2,3
krjain,2,2
prmisi,2,3
penggunanaan,2,3
coordinator,2,4
mlaksanakan,2,2
keluhann,2,2
siantan,2,2
7kwh,2,3
10meter,2,2
siangan,2,2
sgini,2,2
prakstis,2,3
dimananpun,2,3
iu,2,2
meper,2,2
gamasalah,2,2
megetahui,2,2
kenek,2,2
instalation,2,2
rkyat,2,2
boltim,2,2
keterangnya,2,2
digunakab,2,3
bayare,2,2
cerewet,2,3
tuktrek,2,3
kompornya,2,2
leduk,2,2
kesian,2,2
kaco,2,2
kirin,2,2
trsbt,2,2
3nya,2,2
ngenal,2,3
kepuasaan,2,2
bera,2,2
peiksa,2,2
pncet,2,3
nyya,2,2
tidakannya,2,2
tutas,2,2
sieh,2,2
dicaci,2,2
panduanya,2,2
00wita,2,3
tanggepannya,2,2
bnyakk,2,2
sesuati,2,2
dikontak,2,2
iti,2,2
tercoper,2,2
disuruhnya,2,2
ngedit,2,2
dirank,2,2
ingetin,2,2
prtugas,2,3
diidupin,2,3
ngoprek,2,3
notifikasiin,2,2
alpamart,2,3
losstroom,2,3
mobilan,2,2
pnggunaan,2,2
menerang,2,2
bangetss,2,2
gempuran,2,2
setinggi2,2,2
bangsal,2,2
swun,2,2
hands,2,2
dipekerjakan,2,2
fery,2,2
nermanfaat,2,2
emperan,2,2
upgrading,2,4
easiness,2,3
ydh,2,2
lemayan,2,2
paca,2,2
kama,2,2
syukran,2,2
econetnya,2,3
rambang,2,2
dolor,2,2
ksong,2,2
sdngkn,2,3
konthol,2,2
diusut,2,2
banysk,2,2
nelpon2,2,2
bedahan,2,2
mantol,2,2
nyeseel,2,3
accont,2,2
ditotal,2,2
cakeep,2,2
maksut,2,2
rampas,2,2
prbhan,2,3
aann,2,2
sebo,2,2
kepalak,2,2
owalah,2,2
dlama,2,2
langgam,2,2
memasyarakat,2,2
maro,2,2
bagimna,2,3
talaud,2,2
bermampa,2,3
kehalaman,2,2
istilah2,2,2
duty,2,2
6a,2,2
dansudah,2,2
putusin,2,2
nancep,2,3
sokses,2,2
akibatkan,2,2
membanting,2,2
7hri,2,3
saudara2ku,2,3
udahmah,2,2
dimarah,2,2
140v,2,2
bangkabelitung,2,4
membocorkan,2,4
nonaktif,2,3
diapprove,2,3
conektor,2,2
khoyron,2,3
terhandel,2,2
tercukupi,2,2
ecomerce,2,3
aplkasnya,2,3
nyerahin,2,3
rapihan,2,2
didlam,2,2
trmakash,2,3
thee,2,2
plongo,2,2
ditampilan,2,3
formatnya,2,2
onlline,2,3
9kali,2,2
prosesional,2,2
costomer,2,2
melaprkan,2,3
uhh,2,2
mengrti,2,3
dantepat,2,3
pencantuman,2,3
grosspidol,2,5
mobei,2,2
beut,2,2
dounloud,2,3
yaj,2,2
boncos,2,3
superpass,2,2
informativ,2,2
fong,2,2
pajaknya,2,2
trakir,2,2
beliau2,2,2
menyanggupi,2,2
mndptkan,2,4
pemberitahuaan,2,4
namlea,2,3
aplikaisnya,2,3
meluaskan,2,2
jiks,2,2
lamcar,2,2
adx,2,2
denngan,2,2
depe,2,2
evaluasinya,2,2
nyentuh,2,2
sebagain,2,2
hilang2,2,2
jeblok,2,2
memulangkan,2,2
cibungbulang,2,4
serinng,2,3
terseleseikan,2,3
pinpoint,2,2
pakay,2,2
ega,2,2
diperlancar,2,2
dantingkatkan,2,4
admnistrasi,2,3
nlm,2,2
tmbhn,2,3
bukateja,2,3
prasaan,2,2
direject,2,3
ake,2,2
bgtz,2,2
ketunda,2,3
ibi,2,2
harjo,2,2
sblah,2,2
things,2,3
mli,2,2
dikerjai,2,2
regristasinya,2,3
riject,2,2
searea,2,3
peraturannya,2,2
commers,2,2
crcsulc,2,4
ningkat,2,2
inshaallah,2,4
dibutuhkn,2,3
autopay,2,2
enga,2,2
sayasudah,2,2
jita,2,2
godbless,2,3
dllm,2,2
kedepn,2,3
hrmat,2,2
memperbudah,2,2
muantull,2,3
kahuripan,2,3
projek,2,2
kalijati,2,2
pembeitahuan,2,4
inyan,2,2
ditanda,2,3
tunjang,2,2
berbaikan,2,2
cagih,2,3
mengelolanya,2,2
untui,2,2
tnggung,2,2
pakta,2,2
geprek,2,2
akhirnyaa,2,2
hadian,2,2
konglomerat,2,2
pahlevi,2,3
caci,2,2
simo,2,2
kentang2,2,2
noken,2,2
agustina,2,2
bersiap2,2,2
v020,2,3
tersdia,2,2
mandeg,2,2
hudup,2,2
desainya,2,2
disuratin,2,3
muncang,2,2
sukseskan,2,2
pertransaksi,2,3
soro,2,2
memuakkan,2,4
playleter,2,3
aprove,2,2
diagendakan,2,3
peringati,2,3
reward2,2,2
hifup,2,3
buu,2,2
trmkash,2,3
dialamai,2,2
gimnaa,2,3
konsumsen,2,2
secada,2,2
kalin,2,2
bagys,2,2
kerjnya,2,2
asmat,2,2
langenharjo,2,3
gerap,2,2
namain,2,2
gelapp,2,2
wanted,2,2
tnyata,2,2
punglinya,2,2
tanpah,2,2
tertekuk,2,2
tertindih,2,2
komparasi,2,2
ngrusak,2,3
sarangheyo,2,3
bembuat,2,2
mengoprasikannya,2,4
membersamai,2,3
jadk,2,2
uing,2,2
lamun,2,2
boga,2,2
perbaikkannya,2,4
dayan,2,2
selseai,2,3
dklik,2,2
appreciated,2,3
lari2,2,2
dls,2,2
diperoses,2,2
blitz,2,2
ginii,2,2
kayen,2,2
rp1750,2,3
carii,2,2
adanyanya,2,2
melongo,2,2
dfatar,2,2
ngebantuu,2,3
terdekatpun,2,2
betransaksi,2,3
seduh,2,2
kni,2,2
efiesien,2,3
printout,2,2
sukandi,2,3
terkaitnya,2,2
outputnya,2,2
bahtiar,2,2
pokeke,2,2
ecomers,2,2
jth,2,2
setiamu,2,2
ditgl,2,2
berfunsi,2,3
mngtahui,2,3
s3karang,2,4
jobdesk,2,3
sebln,2,2
aplksiny,2,3
dounlod,2,4
refun,2,2
ceklist,2,2
barusehingga,2,2
membutu,2,2
om2,2,2
selamanyaa,2,2
tupoksi,2,2
okh,2,2
kilomter,2,3
seemakin,2,3
terika,2,2
dowloadnya,2,3
gamapng,2,3
tanfa,2,2
mntep,2,3
bolak2,2,2
merajuk,2,2
yea,2,2
hamdulilah,2,3
sengada,2,2
kakaek,2,2
dekad,2,2
mulyanah,2,2
iyess,2,2
lain2x,2,3
gegesik,2,2
djwb,2,2
muanya,2,2
qm,2,2
ususnya,2,2
danmempermudah,2,3
mulen,2,2
aseek,2,3
tercata,2,2
bapake,2,2
bisalah,2,2
ibaratnya,2,2
temasuk,2,2
kinsumen,2,3
mengatuhi,2,3
sudamenyediakan,2,5
pambudi,2,3
peningktan,2,3
murah2,2,2
dasarr,2,2
11jt,2,2
sekelangkong,2,3
lebbi,2,2
wadida,2,2
batree,2,2
wiw,2,2
pase,2,2
ditail,2,2
lamain,2,2
adanyan,2,2
ccepat,2,2
supportive,2,2
nometer,2,2
peanganan,2,3
meciptakan,2,2
250ribu,2,2
kalilah,2,2
lanjutt,2,2
hapenya,2,2
terpercayaa,2,2
cupu,2,2
pengerjakan,2,2
buatku,2,2
jrg,2,2
kepusan,2,2
cpek2,2,3
playnya,2,2
slurry,2,3
mksii,2,3
medah,2,2
hampers,2,2
pait,2,2
waktu2,2,2
genjot,2,2
tnggp,2,2
dono,2,2
erlu,2,2
otlet,2,2
perfomanya,2,3
penenganan,2,3
mempertahan,2,2
bnayak,2,2
sejelek,2,2
jernihkan,2,2
mbengi,2,3
metu,2,2
ontel,2,2
comers,2,2
woro,2,2
200rban,2,3
trjangkau,2,3
perilah,2,2
liyane,2,3
pindai,2,2
internalnya,2,2
terintergrasi,2,4
jatingaleh,2,3
ggangguan,2,3
hasbulah,2,3
knap,2,2
oendaftaran,2,2
nmnya,2,2
kjdian,2,2
raman,2,2
dimap,2,2
kawaan,2,2
mengakes,2,2
biala,2,2
mulyana,2,2
900wt,2,2
30hri,2,3
pembritahuan,2,3
wktunya,2,2
malesin,2,2
firur2,2,3
yunit,2,2
membri,2,2
llebih,2,2
buntaran,2,2
ajahh,2,2
adalan,2,2
pelayayan,2,2
komukasi,2,2
jodi,2,2
lgj,2,2
pemby,2,2
dibatal,2,2
elaporan,2,3
forefront,2,2
petarukan,2,3
yana,2,2
segitunya,2,2
ngeblang,2,2
aakah,2,2
mahaal,2,2
ucl,2,2
simeulue,2,4
doain,2,2
popupnya,2,3
1an,2,2
towernya,2,2
lii,2,2
dpatkan,2,2
beruba,2,2
situsari,2,2
egga,2,2
siahaan,2,3
transpran,2,2
admim,2,2
tariff,2,2
sera,2,2
terasi,2,2
indi,2,2
nmun,2,2
dwnld,2,4
okt23,2,2
plyannyyanya,2,4
managementnya,2,2
penajuan,2,2
notdetected,2,5
jonan,2,2
sangatmudah,2,2
apapum,2,3
kenai,2,2
masul,2,2
7rb,2,2
buaat,2,2
whatshapp,2,3
dqlam,2,3
siakan,2,2
perlaporan,2,3
depanny,2,2
kaban,2,2
ugly,2,2
kekuranganya,2,2
sunghuh,2,3
kenapanya,2,2
masukinnya,2,2
layanaan,2,2
platfom,2,3
gbaik,2,3
kelarr,2,2
ngejalanin,2,3
hiduo,2,3
pepet,2,2
hamdal,2,2
levih,2,2
empang,2,2
membinggungkan,2,3
membayr,2,2
stabilnya,2,2
nyoos,2,3
plajari,2,3
seklian,2,2
garcepnya,2,4
kebalikannya,2,2
pensel,2,2
marhaban,2,3
sua,2,2
cukul,2,2
hadech,2,2
semakinmudah,2,2
prosessnya,2,3
kecanggihannya,2,2
dayu,2,2
dikamar,2,2
sayat,2,2
ujng2ny,2,4
kedah,2,2
bahrul,2,2
sampaii,2,2
walah,2,2
aplaikasi,2,4
ngt,2,2
bemberikan,2,2
obok,2,2
makeknya,2,3
didata,2,2
berkumandang,2,3
temtang,2,2
pelenggan,2,3
mengecheck,2,3
ditukerin,2,3
hegar,2,2
incredible,2,3
makashi,2,2
kerjo,2,2
kbnyakan,2,3
tambahbdaya,2,3
mempersempit,2,2
muali,2,2
seharunya,2,2
dtang2,2,3
soadara,2,3
both,2,2
lian,2,2
lstriknya,2,3
pkpinang,2,2
y39ikc,2,4
nitifikasi,2,2
buntok,2,2
menggurus,2,2
hanupis,2,3
kui,2,2
dibo,2,2
kelengkapannya,2,2
detek,2,2
jimbaran,2,2
koha,2,2
ganass,2,2
terbaekkk,2,3
gray,2,2
dimusim,2,2
ito,2,2
samigaluh,2,4
domg,2,2
didalmnya,2,3
samngat,2,3
tersesaikan,2,2
aplikasikanya,2,2
sicepat,2,2
melekukan,2,2
dapam,2,2
reel,2,2
mzt,2,2
dipebaiki,2,3
owh,2,2
dahlah,2,2
palumbonsari,2,4
benar2x,2,3
lebihan,2,2
flagship,2,2
dikos,2,2
entengnya,2,2
meberi,2,2
dowloand,2,3
kyok,2,2
maseh,2,2
laporanpun,2,2
waktudan,2,2
bungku,2,2
tarbaik,2,2
berhasih,2,2
melingkupi,2,2
pelantara,2,2
sihingga,2,2
bsr,2,2
pelayanannyapun,2,2
teransper,2,3
lakukakan,2,3
8ni,2,2
warbiasah,2,3
bingungin,2,2
bertamu,2,2
mobilemantap,2,3
pogalan,2,2
ummah,2,2
markotoppp,2,3
masiih,2,2
blkang,2,2
sopepay,2,3
loundry,2,3
membuntu,2,3
keburuhan,2,2
mendonwload,2,4
cicil,2,2
langgung,2,2
efisein,2,3
nostalgia,2,3
dayang,2,2
macet2,2,2
bedagai,2,2
dpke,2,2
rentenir,2,3
kanto,2,2
bermalasah,2,3
dirahasiakan,2,2
mengirimkam,2,2
mengeni,2,2
samo,2,2
jam12,2,2
ngegunainnya,2,3
ngehang,2,2
lela,2,2
penugasannya,2,2
djelaskan,2,2
selonjoran,2,3
aelah,2,2
selsaikan,2,3
buda,2,2
lanpu,2,2
aslina,2,2
walhasil,2,2
voly,2,2
gila2,2,2
bagat,2,2
sneaking,2,2
pelksanaan,2,3
pramono,2,2
respan,2,2
convert,2,2
ktrngan,2,3
menyenang,2,3
fraud,2,2
menggunakanx,2,2
tamahanya,2,2
syaidina,2,3
pku,2,2
b2b,2,3
ngena,2,2
surub,2,2
berfungsinya,2,2
dululah,2,2
looss,2,2
beyon,2,2
penmbahan,2,3
horee,2,2
taoi,2,2
mesinya,2,2
baring,2,2
slipi,2,2
tubun,2,2
pesanannya,2,2
eskrim,2,2
cbak,2,2
toru,2,2
35mbps,2,3
listr,2,2
gunkn,2,2
grabag,2,2
kacau2,2,2
kedebet,2,2
srperti,2,2
ajukkan,2,2
tambahakan,2,2
mau2,2,2
pegunanya,2,3
kuhn,2,2
memberitau,2,3
ketenagaan,2,2
masukanya,2,2
ngarep,2,2
leg2,2,2
bowo,2,2
aktivitasku,2,2
muahal,2,2
anin,2,2
ajig,2,2
baliho,2,2
kuningnya,2,2
swacamera,2,3
mengena,2,2
ical,2,2
ketutupan,2,2
difollowup,2,3
dihape,2,2
smoth,2,2
stoom,2,2
karanggan,2,2
nganter,2,2
ekorlah,2,2
snaagt,2,4
brtmbah,2,3
besh,2,2
ebanking,2,3
kerusakaan,2,2
gomdori,2,3
kompetable,2,2
dioperasionalkan,2,3
sampae,2,2
kamuu,2,2
menukarnya,2,2
sangat2x,2,3
tiba3,2,2
reponse,2,3
btul2,2,3
leonardus,2,3
tentangan,2,2
lewan,2,2
jao,2,2
dund,2,2
mempuni,2,2
semangkon,2,3
terusberkembang,2,3
mengkases,2,3
kene,2,2
plosok2,2,3
jamm,2,2
masalahan,2,2
pokoknnya,2,2
pokonnya,2,3
pengunannya,2,3
picturenya,2,2
setok,2,2
terealisasikan,2,2
pengenya,2,2
fokusnya,2,2
alaykum,2,2
warohmatullohi,2,5
wabarokatuh,2,4
behh,2,2
wewewa,2,2
treimakasih,2,3
naldo,2,2
seta,2,2
disesalkan,2,2
paci,2,2
membantui,2,2
dataang,2,2
dayat,2,2
s3kali,2,3
nombok,2,2
cekin,2,2
itron,2,2
1nya,2,2
kancab,2,2
yukss,2,2
cipadu,2,2
nfc,2,2
yutube,2,3
kelik,2,2
seriuss,2,2
sopo,2,2
ngecrash,2,3
dendan,2,2
mlem,2,2
gokss,2,2
tnkb,2,2
gaweannya,2,3
penenrangan,2,4
sestem,2,3
pendftaran,2,3
dmengerti,2,2
coverege,2,2
validation,2,2
kover,2,2
awa,2,2
pajarakan,2,2
blogg,2,2
fropesional,2,3
sminggu,2,2
bigung,2,2
afl,2,2
tambag,2,2
skarg,2,2
tlogosari,2,3
limau,2,2
jam10,2,2
responsibel,2,2
sangu,2,2
bisabayar,2,2
prefikasi,2,2
gelam,2,2
istimewanya,2,2
wkk,2,2
pecurian,2,2
tkg,2,2
dtindaklanjuti,2,2
apakan,2,2
bejo,2,2
sisah,2,2
uuuaahh,2,3
kemakan,2,2
adahal,2,2
prmainan,2,3
1kan,2,2
komennya,2,2
bgian,2,2
bergunanya,2,2
merefer,2,2
tirto,2,2
direspone,2,3
insatal,2,2
singal,2,2
mnn,2,2
karenah,2,2
keluah,2,2
masyarajat,2,2
notip,2,2
parno,2,2
montag,2,2
gunanakan,2,3
nawar,2,2
instalatur,2,2
tayan,2,2
mslahnya,2,3
panic,2,2
ngelihat,2,2
digunainnya,2,3
wakakakaka,2,3
bunny,2,2
leuwiliyang,2,4
cptnya,2,3
mengkomplain,2,3
ngulangin,2,3
hibernate,2,3
sqlgrammarexception,2,7
brovo,2,2
penahanannya,2,2
oke2,2,2
kualita,2,2
ditinjaklanjuti,2,4
dibajak,2,2
kepana,2,2
sekonyol,2,3
scepat,2,2
getahnya,2,2
mohn,2,2
ngrti,2,3
kuripan,2,2
pengumumannya,2,2
media2,2,2
tolken,2,2
omo,2,2
passport,2,2
naruh,2,2
repott,2,2
billingnya,2,2
tauwa,2,2
huff,2,2
marpoyan,2,3
seet,2,2
punsangat,2,2
ayak,2,2
malangbong,2,3
ttapi,2,2
dlokasi,2,2
mendapatlan,2,2
ninu,2,2
emyu,2,2
danu,2,2
teki,2,2
lanjar,2,2
dpkai,2,3
bonuse,2,2
hbgi,2,2
sambungannya,2,2
pendesaan,2,2
2mingguan,2,3
hepi,2,2
devisit,2,2
mngajukn,2,3
mngnai,2,2
ktany,2,2
sjk,2,2
aktf,2,3
watsap,2,3
geratisan,2,3
terbaekk,2,3
salawu,2,2
allow,2,2
bytes,2,2
ngisi2,2,3
improvementnya,2,3
nayata,2,2
marabahaya,2,3
anatara,2,2
repo,2,2
inil,2,2
kasich,2,2
bapet,2,2
tling,2,2
kerumutan,2,2
terdaftr,2,3
pkir,2,2
siameter,2,2
5m,2,2
setipa,2,2
gagalin,2,2
caturharjo,2,2
mmudah,2,2
slny,2,2
badaii,2,2
bgitupun,2,3
baruu,2,2
adminitrasi,2,3
chet,2,2
ficture,2,3
dimarah2,2,3
lamsel,2,2
vrifikasi,2,2
berkan,2,2
lngkp,2,2
dipuaskan,2,2
hubngi,2,3
kejakan,2,2
diselesaikn,2,4
okn,2,2
nyapo,2,2
gelo,2,2
referralnya,2,2
kehambat,2,2
gimana2,2,2
3km,2,2
delok,2,2
pulokulon,2,3
aplikasil,2,2
lengka,2,2
heraan,2,2
kar4na,2,3
mindahkan,2,2
udate,2,2
tulusan,2,2
jgk,2,2
ramadhani,2,2
langsunf,2,3
ancer,2,2
bulanx,2,2
kapada,2,2
bohongnya,2,2
terbaeklah,2,3
gembong,2,2
tanoa,2,2
whatsapps,2,2
22nya,2,2
salahh,2,2
kocaknya,2,2
diam2,2,2
kerabat2,2,2
swring,2,2
spku,2,2
rakyatmu,2,2
jeplak,2,2
kancane,2,2
agendanya,2,2
lamayan,2,2
bajet,2,2
tanggungjawabnya,2,2
aplikiasi,2,2
jeklek,2,3
sabarnya,2,2
ggwp,2,2
canggihh,2,2
welahan,2,2
gra,2,2
ngembangin,2,3
mengulang2,2,2
inconnetnya,2,3
separu,2,2
mksimal,2,3
butuhkah,2,2
samkin,2,2
merenovasi,2,2
penggandaan,2,2
pascagempa,2,4
penipuu,2,2
plyn,2,2
tulisan2,2,2
ell,2,2
tanggang,2,2
mmbyar,2,3
paka,2,2
jakut,2,2
warg,2,2
kanakan,2,2
beriteraksi,2,4
kalisari,2,2
dibrantas,2,3
sangsi,2,2
rancaekek,2,3
tervalidasi,2,3
guah,2,2
pesanya,2,2
sangarr,2,2
alfagift,2,3
bpa2,2,3
kenapaya,2,2
docoss,2,2
tau2nya,2,3
munta,2,2
15menitan,2,3
gakan,2,2
thxx,2,2
donlut,2,3
rumbia,2,2
nempelin,2,2
menlpn,2,3
gelap2,2,2
lopor,2,2
diapplikasi,2,3
herann,2,2
distatusnya,2,3
malunya,2,2
meringkas,2,2
maxi,2,2
diyan,2,2
telepone,2,2
hampr,2,2
diakomodir,2,2
alokasinya,2,2
percoyo,2,2
diupgrate,2,3
diurusin,2,2
cara2nya,2,3
tracknya,2,2
dpercepat,2,3
dbyr,2,2
modele,2,2
melakun,2,2
pormo,2,2
sebage,2,2
karenamu,2,2
ahkirnya,2,3
transpot,2,2
p3ngaduan,2,4
proyekan,2,2
kelukan,2,2
solusih,2,2
keselahan,2,2
diberantas,2,2
secepetnya,2,3
permslhan,2,3
refrensi,2,2
brda,2,2
thu,2,2
buanyakk,2,3
listrtik,2,3
mnyatakan,2,3
wii,2,2
beetee,2,3
pendo,2,2
butuhkn,2,2
gimic,2,2
very2,2,2
mencatan,2,2
1mlm,2,3
nengok,2,2
inputnya,2,2
sihombing,2,3
berjat,2,2
eletrik,2,2
screnshoot,2,4
makasin,2,2
1malam,2,2
riward,2,2
tosca,2,2
yaudahlah,2,2
perginya,2,2
miminnya,2,2
rimbun,2,2
direkening,2,2
ttidak,2,2
teruna,2,2
mudahin,2,2
terimakasihnya,2,2
seler,2,2
renponsif,2,3
bikinnya,2,2
berminggu2,2,3
kenanya,2,2
alhamduliah,2,2
meresa,2,2
pusingg,2,2
huuh,2,2
ditumpuk,2,2
elora,2,2
allh,2,2
pucang,2,2
laainnya,2,2
smpat,2,2
wargaku,2,2
permudahan,2,2
responded,2,2
nyawanyapun,2,2
s9,2,2
trimz,2,2
alit,2,2
smwa,2,2
cukurukuk,2,3
tuntass,2,2
kuata,2,2
movement,2,2
ditmp,2,2
mantingan,2,2
rp300,2,2
keluasan,2,2
ganguan2,2,3
listritiku,2,3
salahkah,2,2
tanpan,2,2
bersosial,2,2
laporam,2,2
skalipun,2,2
sebakin,2,2
jrng,2,2
huwaa,2,3
setrom,2,2
nimbul,2,2
semangkuk,2,4
transanksi,2,3
bacaa,2,2
marketop,2,2
riwayan,2,3
rungkad,2,3
untup,2,2
ngadiluwih,2,4
secang,2,2
saran2,2,2
ngeprint,2,3
asyikk,2,2
kedesa,2,2
laoding,2,2
sbgian,2,2
gatt,2,2
gombong,2,3
buktix,2,2
ngap,2,2
melapokan,2,2
wifii,2,2
sultra,2,2
kebiasan,2,2
babibu,2,2
keruksakan,2,4
bantarkawung,2,4
80k,2,2
sanpe,2,2
byrne,2,3
ruaar,2,3
riilnya,2,2
menyampah,2,3
pelangganny,2,2
ketiang,2,2
hrganya,2,2
pegguna,2,2
tahun2,2,2
anda2,2,2
membosan,2,2
ngronggot,2,3
prgi,2,2
2lembar,2,3
bejat,2,2
sskarang,2,3
menggunalan,2,2
diklarifikasi,2,2
drmn,2,2
pencekan,2,2
curahan,2,2
sikringnya,2,3
keluhkesah,2,3
livenya,2,2
uplot,2,2
rawrr,2,2
syarakat,2,2
suck,2,2
pendaftaranya,2,2
antu,2,2
jambe,2,2
lali,2,2
ngefreeze,2,3
cadangannya,2,2
bakan,2,2
gabaik,2,3
libe,2,2
nerguna,2,2
petromax,2,3
cobo,2,2
remove,2,2
cimanggu,2,2
kbupaten,2,2
dipermainkan,2,2
pastu,2,2
ginana,2,2
koneng,2,2
madang,2,2
mkcih,2,3
keaplikasinya,2,3
market2,2,2
perbaharuan,2,4
berkibar,2,2
wjib,2,3
gaya2,2,2
membereskan,2,2
genuk,2,2
error2,2,2
pabuaran,2,2
perlanggan,2,2
mngurus,2,2
semakiin,2,3
semanjak,2,3
panasan,2,2
ujanan,2,2
biada,2,2
singkut,2,2
etugas,2,3
dikirm,2,2
ngeribetin,2,3
tanggamus,2,2
fasiltas,2,2
maknya,2,2
tranding,2,2
gangat,2,2
nyang,2,2
mulainya,2,2
200v,2,2
standardnya,2,2
caht,2,2
terbaikqq,2,2
doff,2,2
iklanya,2,2
mnfaatnya,2,3
dxn,2,2
mekanismenya,2,2
cepeet,2,2
mangap,2,2
crew2,2,2
ibaratkan,2,2
weleh,2,2
menghubungu,2,2
kaler,2,2
dksih,2,2
chatingan,2,2
ngalah,2,2
mutia,2,2
suxes,2,3
ede,2,2
daerahq,2,2
pemanfaat,2,2
mnghapus,2,2
margaasih,2,2
gamers,2,2
existing,2,3
padahala,2,2
kpj,2,2
memoto,2,2
20kv,2,3
barux,2,2
infonyo,2,3
zaza,2,2
ngaksesnya,2,3
ditanggulangin,2,3
completed,2,2
manten,2,2
mengalmi,2,2
meneger,2,2
antri2,2,2
sumpek,2,2
mmbuka,2,2
ditap,2,2
suksesselalu,2,3
giga,2,2
dmnapun,2,3
ciawigebang,2,4
disediain,2,3
untukmelakukan,2,3
biaasa,2,2
ncang,2,2
fituf,2,2
secar,2,2
latitude,2,3
longitude,2,3
melepar,2,3
ngambilnya,2,2
sulitt,2,2
renpon,2,2
taon,2,2
pelananan,2,2
tulul,2,2
klapa,2,2
perrlu,2,3
lawat,2,2
laiin,2,2
12digit,2,3
citranya,2,2
kalong,2,2
pemakaiaan,2,2
semangad,2,3
pengmbalian,2,3
peluasan,2,2
up3bandengan,2,4
memanh,2,2
tingkatnya,2,2
kembarannya,2,2
paswot,2,3
maaih,2,2
dila,2,2
permasalah2,2,2
ncing,2,2
manpaatnya,2,3
digunankan,2,2
trnasaksi,2,3
terah,2,2
purwasari,2,2
digagalkan,2,3
pasarkan,2,2
remindernya,2,3
funny,2,2
lhah,2,2
keluhahan,2,2
terkirim2,2,2
nampakkan,2,2
gofood,2,2
betele2,2,3
gabutnya,2,2
dapak,2,2
epic,2,2
pandemic,2,3
pmakaian,2,2
kyc,2,2
bukanny,2,2
mottonya,2,2
dimetode,2,2
1menit,2,2
yada,2,2
sekernan,2,2
dibatasin,2,2
gasuka,2,2
diksh,2,2
seabad,2,3
4k,2,2
fln,2,2
terpencet,2,2
set6,2,2
rekomenden,2,2
paaaah,2,3
pengontrol,2,2
manjain,2,2
saranghaeyo,2,3
tlvon,2,3
bebaskan,2,2
liet,2,2
terpakainya,2,2
4star,2,2
kenape,2,2
berapanya,2,2
danyang,2,2
dhapus,2,2
statusx,2,2
madroji,2,3
dalalm,2,3
ikhlaskan,2,2
plah,2,2
resetnya,2,2
bray,2,2
mohom,2,2
menambang,2,3
functional,2,2
keniscayaan,2,3
bijaklah,2,2
depann,2,2
pembayaranku,2,2
mukti,2,2
ditambahkn,2,2
byrnya,2,3
featurenya,2,2
anan,2,2
kuwalitas,2,2
dipembayaran,2,4
passwoard,2,3
loging,2,2
kepet,2,2
niak,2,2
2hr,2,2
tabelnya,2,2
niihh,2,2
fullservis,2,3
similar,2,2
kirang,2,2
surih,2,2
intruksinya,2,3
perminggu,2,2
sebelumnyaa,2,2
slebih,2,2
lecil,2,2
dibarengin,2,2
afuan,2,2
goggle,2,2
solver,2,2
dijam2,2,3
wilyah,2,2
maasya,2,2
up3l,2,3
trimaks,2,2
tungakan,2,2
pangling,2,2
semongko,2,3
kisruh,2,2
mla,2,2
pssword,2,3
sisipkan,2,3
vesi,2,2
urung,2,2
terverikasi,2,3
ella,2,2
tujuanya,2,2
4rumah,2,2
sugguh,2,3
lkukan,2,2
kelarin,2,2
hilng,2,2
mewakilkan,2,2
diiklankan,2,3
trnsfer,2,3
berapun,2,2
pasw,2,2
diselesaika,2,3
membantukan,2,2
alhandulillah,2,5
udab,2,2
rezkinya,2,3
isoh,2,2
dihiraukan,2,3
minin,2,2
meliht,2,3
hardcopy,2,2
grstis,2,3
paktor,2,2
mngrti,2,3
maurole,2,2
mboh,2,2
penggunany,2,2
memamg,2,3
bpknya,2,2
gocap,2,2
grtisan,2,3
pagipun,2,2
alhamduliillah,2,4
outomatis,2,2
selajutnya,2,4
pswd,2,2
mnyampaikn,2,5
udag,2,2
900k,2,2
rp0,2,2
setrumnya,2,3
sampaikn,2,2
dtmbah,2,3
hsil,2,2
baaik,2,3
karyawati,2,2
ela,2,2
luncurnya,2,4
virtualaccount,2,3
kecematan,2,3
dmasukan,2,3
llg,2,2
wao,2,2
cabel,2,2
ditambal,2,3
afdol,2,3
drurat,2,2
rupiahnya,2,2
betuul,2,3
penginstalan,2,3
effektif,2,2
transactions,2,3
pulsax,2,2
bgat,2,2
bawha,2,2
udaj,2,2
ketemu2,2,2
redminote,2,3
menggerti,2,2
penjadwalan,2,3
menerangan,2,2
sfh,2,2
kmren2,2,3
dibeda,2,2
dikirain,2,2
uprage,2,3
4april,2,2
timenya,2,2
lapoe,2,2
vayar,2,2
zangat,2,3
pembacan,2,2
nurutin,2,3
dzalim,2,2
heeh,2,2
teuing,2,3
gilaakk,2,2
ngpa,2,2
duakali,2,2
lose,2,2
mncoba,2,2
v10,2,2
berja,2,2
adnan,2,2
sinergis,2,2
mengistal,2,2
stack,2,2
podol,2,2
nyakitin,2,2
androit,2,3
mnyalahkan,2,3
belain,2,2
pintain,2,2
dllu,2,2
ndut,2,2
maen2,2,2
900vol,2,2
hese,2,2
updatetannya,2,3
bederang,2,2
ikone,2,2
pmrintah,2,2
beset,2,2
ditempatku,2,2
taunan,2,2
z1,2,2
mmpu,2,2
mane,2,2
suplay,2,2
dimintakan,2,2
ndroo,2,3
huhuhuu,2,3
hasinya,2,2
iklhas,2,2
ihklas,2,3
angel2,2,2
jaringane,2,2
uangel,2,2
bky,2,2
peringan,2,2
6sore,2,3
ktc,2,2
penyegelan,2,3
sebwlum,2,3
lampux,2,2
tongas,2,2
jakpus,2,2
memuwaskan,2,4
kedepann,2,2
darungan,2,2
dansopan,2,3
kka,2,2
scooter,2,2
selku,2,2
dokumennya,2,2
kenalkan,2,2
sebulannya,2,2
antiran,2,2
fraktis,2,3
caturnya,2,2
bubarin,2,2
faedah,2,2
omdo,2,2
astga,2,2
akuin,2,2
ngebukanya,2,2
entut,2,2
kanpan,2,2
molo,2,2
lawong,2,2
daia,2,2
tuhh,2,2
jink,2,2
hrsny,2,2
contah,2,2
maken,2,2
glenmore,2,2
a51,2,2
tertipkan,2,2
sgn,2,2
ngalami,2,3
butun,2,2
bebannya,2,2
seha,2,2
baa,2,2
lagike,2,2
ngunut,2,2
memmuaskan,2,3
rp200,2,2
teraik,2,3
seharu,2,2
ojok,2,2
gaakan,2,2
bihun,2,2
citereup,2,3
suak,2,2
menyebabkn,2,3
diponsel,2,2
sbuk,2,2
kalua,2,2
buwang,2,2
herankan,2,2
bandingan,2,2
dpake,2,2
conteng,2,2
mngalami,2,2
padam2,2,2
selidiki,2,2
2xx,2,2
suudzon,2,3
meriksa,2,3
mate,2,2
dowbload,2,3
didonwload,2,4
dmikian,2,2
keslahan,2,2
padalhan,2,3
syaiful,2,2
info2nya,2,3
seep,2,2
widih,2,2
2xlipat,2,3
husunya,2,2
tertanggani,2,3
tamban,2,2
sudqh,2,3
gra2,2,3
darting,2,2
ksalahan,2,2
geo,2,2
migras,2,2
inhu,2,2
adala,2,2
trua,2,2
wlaupun,2,3
geboy,2,2
kenanga,2,3
ngasinan,2,3
tambha,2,2
rror,2,2
develope,2,2
pemakaina,2,2
hapuss,2,2
restore,2,2
sipel,2,2
fucek,2,2
ynag,2,2
trebaik,2,3
160volt,2,3
penalty,2,2
tekhniknya,2,3
delu,2,2
insyaa,2,2
dikomen,2,2
permohohonan,2,4
tercovered,2,3
dispensasi,2,2
selesay,2,2
setatusnya,2,3
panbill,2,3
gestur,2,2
dikomputer,2,3
tertulisnya,2,2
forclose,2,3
lge,2,2
nub,2,2
qc,2,2
gabis,2,2
ecek,2,2
huat,2,2
bertengger,2,2
pemancing,2,2
lsngsung,2,3
palid,2,2
jasi,2,2
mbelgedes,2,4
tampilkn,2,2
rooting,2,2
believe,2,2
worker,2,2
begok,2,2
seling,2,2
mnjaga,2,2
dilapngan,2,2
mundu,2,2
mrsa,2,2
menguntung,2,3
tutul,2,2
pencaloan,2,2
kunjungin,2,2
terapin,2,2
mobileproses,2,2
lupas,2,2
kehubung,2,2
pinter2,2,2
inetnya,2,2
bene,2,2
400rban,2,3
liris,2,2
sedihh,2,2
bebanin,2,2
gembok,2,2
betanya,2,2
gth,2,2
passwod,2,3
kemudhan,2,2
msu,2,2
cekik,2,2
kampret,2,2
metong,2,2
bdan,2,2
lampirin,2,2
luncurin,2,3
guanakan,2,2
pindah2,2,2
daigo,2,2
tirikan,2,2
cmb,2,2
kepd,2,2
haturkan,2,2
sebelomnya,2,3
taikin,2,2
mendapatka,2,2
kedinding,2,2
kug,2,2
telan,2,2
reina,2,2
relogin,2,3
membalikan,2,2
lockdown,2,2
dicatet,2,2
oemakaian,2,3
400ribu,2,2
deehh,2,2
emaik,2,3
shrusny,2,3
selulernya,2,2
trdaftar,2,2
pilin,2,2
featur2,2,2
mmemang,2,2
berdalih,2,2
sangatburuk,2,2
sesimple,2,3
perfek,2,2
brti,2,2
sakalangkong,2,4
ampon,2,2
oyes,2,3
dlaporan,2,3
mahalin,2,2
kerjalah,2,2
warbiyasah,2,4
koorporasi,2,4
dsbg,2,2
drimana,2,2
gledek,2,3
tagihanku,2,2
boongin,2,3
assu,2,2
430rb,2,2
prg,2,2
warungkiara,2,3
mmbrikan,2,3
perbuhan,2,2
mkirin,2,2
masalsh,2,2
dicocokkan,2,2
coustumer,2,3
kalai,2,2
pernag,2,2
kekuar,2,2
cpk,2,2
kolo,2,2
drastiss,2,2
50an,2,2
ganbate,2,3
perlihatkan,2,2
oprtor,2,3
52ribu,2,2
sagant,2,2
nayar,2,2
merecomendasikan,2,4
batanghari,2,2
suah,2,2
nhun,2,2
palai,2,2
mengucapkn,2,2
applkasi,2,3
apapu,2,2
gamasuk2,2,3
kealamat,2,2
sedikt,2,3
hujannya,2,2
sincron,2,3
diupdet,2,3
praltis,2,3
perkejaan,2,3
lasi,2,2
googel,2,2
wlopun,2,3
troos,2,2
sjahtera,2,3
sejelas2nya,2,4
komenya,2,2
nyusul,2,2
tmptnya,2,3
sedetail,2,2
bagussekali,2,3
kedatanganya,2,2
ketiks,2,2
ternyataa,2,2
pelnggannya,2,4
masakini,2,2
wouww,2,3
tehknologi,2,3
hanyar,2,2
atministrasi,2,3
perkembngan,2,3
maksimalnya,2,2
ksntor,2,3
usir,2,2
semingu,2,2
bagikami,2,2
6an,2,2
7an,2,2
piliha,2,2
dionline,2,2
tatang,2,2
tpt,2,2
berhasi,2,2
tigo,2,2
sundutan,2,2
komeng,2,2
diaskes,2,2
membabantu,2,3
failure,2,2
pswrd,2,3
waringin,2,2
cibeber,2,2
sigapan,2,2
dikena,2,2
penuruan,2,3
perlayanan,2,2
pleh,2,2
konvirmasi,2,2
gedor,2,2
buqt,2,3
indentitas,2,3
bawaannya,2,2
djuhendi,2,3
syamsudin,2,2
hagi,2,2
perjelaskan,2,2
ngepas,2,2
berkerjasama,2,2
voo4,2,3
nikolaus,2,3
pingir,2,2
verification,2,3
jnji,2,3
akhh,2,2
cemen,2,2
jgak,2,2
sbsr,2,2
mamin,2,2
mendisiplinkan,2,4
luncur,2,3
sejahtra,2,3
sangang,2,2
ditrima,2,3
dilama,2,2
lamakan,2,2
tipa,2,2
tanteku,2,2
jantungan,2,2
ulc1,2,3
digas,2,2
mantulity,2,3
beuli,2,2
kearea,2,3
geratisnya,2,3
amatt,2,2
kiya,2,2
carinya,2,2
loksi,2,2
gasampe,2,2
pembutan,2,2
pingpong,2,2
alsintan,2,2
sampora,2,2
2malem,2,3
mayong,2,2
netra,2,2
peelu,2,3
aph,2,2
lgh,2,2
saving,2,2
nunggi,2,3
spedometernya,2,4
prosen,2,2
terhutang,2,2
wify,2,3
malulah,2,2
teriima,2,2
plit,2,2
sorakan,2,2
dayapun,2,2
nyaranin,2,3
terhubungi,2,2
kangge,2,2
kelistrikanpln,2,3
nyampenya,2,2
tolo,2,2
dfn,2,2
pengrusan,2,3
berita2,2,2
bunk,2,2
tampiln,2,2
skian,2,2
laper,2,2
trying,2,2
sosialisasinya,2,2
gkda,2,2
screnn,2,2
mencocokan,2,2
almat,2,2
dberi,2,2
andainya,2,2
sukses2,2,2
deringnya,2,2
ngmng,2,3
ulng,2,2
uinstal,2,2
msntsp,2,3
10mnit,2,3
suke,2,2
upgrade2,2,2
nyong,2,2
langssung,2,2
ngapain2,2,2
sekalilagi,2,2
syukak,2,2
diikutin,2,2
laangsung,2,3
vertifikasi,2,2
mendapkan,2,2
pemilahan,2,2
a4,2,2
syarat2nya,2,3
tinggatkan,2,2
msukn,2,3
clara,2,2
tanggeung,2,3
puasanya,2,2
xixixixi,2,3
tranfaran,2,3
krmn,2,2
lach,2,2
downlad,2,2
suwer,2,2
massih,2,2
msj,2,2
propisi,2,2
kabupten,2,3
slmat,2,2
jorong,2,2
menyakinkan,2,2
nasbah,2,2
laim,2,2
amda,2,2
seumur2,2,2
kerek,2,2
perksa,2,2
kucinta,2,2
kembangan,2,2
duli,2,2
robotnya,2,2
loken,2,2
awit,2,2
anggo,2,2
adoh,2,2
limbung,2,2
baco,2,2
beropasi,2,3
dapat2,2,2
bagusn,2,2
dowonload,2,3
terutamanya,2,2
develover,2,2
diarahakan,2,3
maklar,2,2
menjelas,2,2
tantunya,2,2
hystori,2,3
gina,2,2
historical,2,2
terprcaya,2,3
merka,2,2
branda,2,2
melhat,2,2
menyurat,2,2
takperlu,2,3
jozzz,2,3
kpuasan,2,2
bbuat,2,2
semakun,2,2
gkada,2,2
r3,2,2
memuasan,2,2
cacatan,2,2
mendapakan,2,3
downloud,2,2
louncing,2,3
kasig,2,2
diintegrasikan,2,4
asangat,2,3
perkembangkan,2,2
resolve,2,3
ngribetin,2,3
perguna,2,2
kotosh,2,2
jatuhny,2,2
barvo,2,2
cikakak,2,2
toker,2,2
mengcancel,2,3
kicil,2,2
sementra,2,2
bingang,2,2
apaini,2,2
oramg,2,2
bertransksi,2,3
urk,2,2
evisiensi,2,4
mutunya,2,2
prtahankan,2,2
melayankan,2,2
dnn,2,2
nelf,2,2
zoonk,2,3
membenahinya,2,2
dagat,2,2
mengasi,2,2
minta2,2,2
regionalnya,2,2
kirimnya,2,2
dikonter,2,3
euuyy,2,3
hala,2,2
menyalur,2,3
terimamasih,2,2
disedian,2,2
duplikasi,2,2
nyapa,2,2
ternaik,2,3
oken,2,2
manage,2,2
solusinyaa,2,2
gnakan,2,2
oftimal,2,3
rumahpun,2,2
memantaunya,2,2
welldone,2,3
kulitas,2,2
segingga,2,3
diresponse,2,3
tipuan,2,2
ramdhan,2,3
gkbisa,2,2
enggk,2,2
omel,2,2
opoo,2,2
sebua,2,2
acungin,2,3
smarthome,2,2
remainder,2,3
berkemajuan,2,2
whatsup,2,2
ngawor,2,2
payahnya,2,2
2nd,2,2
lamah,2,2
mudh2,2,2
gecek,2,2
kebanjiran,2,4
sofwernya,2,4
anjur,2,2
disiplinkan,2,2
bnya,2,2
technisi,2,2
elektonik,2,3
glm,2,2
seto,2,2
knt,2,2
terkelola,2,2
menyampaikn,2,4
sumberejo,2,2
darmaraja,2,3
mlz,2,2
sriamur,2,3
kepahiang,2,3
etikat,2,2
ovid,2,2
permasalahann,2,2
tenologi,2,2
masyarakay,2,3
disupport,2,2
12rb,2,2
perdalaman,2,3
kebanyak,2,2
hapemu,2,2
pmkaian,2,2
riwat,2,2
tiap2,2,2
terbenahi,2,2
penanggulangi,2,2
1mgg,2,3
roby,2,2
terkhir,2,2
potonya,2,2
groundnya,2,2
nancap,2,2
podo,2,2
cooker,2,2
kenyata,2,2
dideskripsi,2,2
telfon2,2,3
m3mbeli,2,4
dikalkulasi,2,3
disamarkan,2,2
perjan,2,2
bgis,2,2
kolot,2,2
ampu,2,2
plyannyaa,2,4
2digit,2,3
khususx,2,2
dperbarui,2,3
tmbhan,2,3
mncul2,2,3
berita2nya,2,3
katrok,2,2
ngacir,2,2
belym,2,2
tambahkn,2,2
nomot,2,2
enggaknya,2,2
proggres,2,3
perushaan,2,3
tr0,2,2
tr901,2,3
tr1,2,2
netek,2,2
berkecukupan,2,2
terclose,2,3
plum,2,2
tkutnya,2,2
pemerinta,2,2
ngambang,2,3
menanyai,2,3
recommen,2,2
msayarakat,2,3
bertanya2,2,2
nlfn,2,4
penerengan,2,2
mampuh,2,2
smuax,2,2
skng,2,2
neglasari,2,3
upgarade,2,3
cukuik,2,3
berap,2,2
peak,2,2
nagihnya,2,3
menyusakan,2,2
stelh,2,2
habisi,2,2
solnya,2,2
gluduk,2,2
inggin,2,2
mles,2,2
bleng,2,2
sebentarnya,2,2
yk,2,2
rebes,2,2
6600va,2,3
telpin,2,2
nolongin,2,3
ruksak,2,2
tre,2,2
wlo,2,2
indak,2,2
sgitunya,2,3
sampng,2,2
responce,2,2
semonga,2,3
alee,2,2
bulik,2,2
bangeed,2,2
inernet,2,2
rmudah,2,2
supangat,2,2
sangkut,2,2
badi,2,2
mobo,2,2
menjijikan,2,2
trputus,2,2
cilongok,2,3
apeksnya,2,3
bejam2,2,3
pemberiahuan,2,2
tmksih,2,3
300kwh,2,3
gundala,2,2
2pk,2,2
laor,2,2
pmsemoga,2,2
tsk,2,2
cling,2,2
usulkan,2,2
rimah,2,2
kelang,2,2
secerah,2,2
bp2,2,2
fastrespond,2,3
gitulah,2,2
impact,2,2
satux,2,2
adminx,2,2
godean,2,2
storan,2,2
kertapati,2,2
bsk2,2,3
trngah,2,3
peranap,2,2
dilain,2,2
dony,2,2
jangkuan,2,2
nyariin,2,2
sedikit2,2,2
menggubakan,2,3
kelarnya,2,2
restonya,2,2
merepon,2,2
muku,2,2
sampekan,2,2
cuacanya,2,2
ubh,2,2
aksenya,2,2
hbungi,2,2
tabe,2,2
compalin,2,2
nyatidak,2,2
diedukasi,2,2
kasihn,2,2
bantarbolang,2,4
edarkan,2,2
aporan,2,2
soalya,2,2
riview,2,2
polewali,2,3
penganguran,2,3
maneh,2,2
pantengin,2,3
nyewa,2,2
11t,2,2
bengek,2,2
patumbak,2,3
knytaan,2,3
leihitu,2,3
suspend,2,2
cruw,2,2
kerenya,2,2
holis,2,2
jlskan,2,3
kasihi,2,2
menterinya,2,2
dilampung,2,2
setial,2,2
manthab,2,2
suseno,2,2
robinson,2,2
saur,2,2
dinomor,2,2
17jam,2,2
kelistrikankan,2,2
dibaikin,2,2
subana,2,2
hariini,2,2
75k,2,2
penanangan,2,3
lebig,2,2
another,2,2
adill,2,2
memusingkan,2,2
kamikaze,2,3
andalin,2,2
martoba,2,2
mandaftar,2,3
magrib2,2,2
sbln,2,2
negara2,2,2
magicom,2,2
kos2an,2,3
santunnya,2,2
munkin,2,2
salag,2,2
menguntukan,2,2
20jt,2,2
beliung,2,2
nuduh,2,2
10juta,2,2
30jt,2,2
sewenang,2,2
wenang,2,2
blah,2,2
anggri,2,2
fauzy,2,2
volsentase,2,4
kepadaman,2,2
derah,2,2
dikabupaten,2,2
kuburaya,2,2
kebaikannya,2,2
petuhas,2,3
mka,2,2
terpasangnya,2,2
repotlagi,2,2
tertanggapi,2,3
cukk,2,2
semangaatt,2,4
pihk,2,2
dungkek,2,3
layanani,2,2
mutet2,2,3
kaporan,2,2
penanam,2,2
4juta,2,2
jelex,2,2
bagamana,2,2
lapuk,2,2
dowanload,2,3
ame,2,2
ayohh,2,2
nulisnya,2,2
sudang,2,2
digembok,2,3
kecatat,2,2
gka,2,2
aturnuhun,2,3
segerombolan,2,2
opnum,2,2
nyampaikan,2,3
ketentuannya,2,2
brengsekk,2,2
trpotong,2,2
selanjutny,2,5
omelin,2,2
pikirnya,2,2
kuisnya,2,2
lainnyah,2,2
rantauprapat,2,3
mengaktivasi,2,2
jazakumulloh,2,3
memadahi,2,2
lgsug,2,3
tabalong,2,3
gassan,2,2
pemograman,2,2
saluutt,2,3
cuak,2,2
tetal,2,2
ucapkn,2,2
pemaaman,2,3
lihatnya,2,2
khisusnya,2,4
lanjutny,2,2
trada,2,2
onan,2,2
ganjang,2,2
kayanan,2,2
definitely,2,3
rwnya,2,2
kam8,2,2
jdwal,2,2
dijalur,2,2
dbatalkan,2,2
sambar,2,2
lebihnya,2,2
baitanu,2,3
bedasarkan,2,3
aammiin,2,4
panjan,2,2
pascabyr,2,3
keselnya,2,2
mmbli,2,3
mesuji,2,2
arau,2,2
kenyamaan,2,2
forza,2,2
tamansari,2,2
bjw,2,2
jerit,2,2
bypass,2,2
keruwetan,2,3
teriyaki,2,2
bluetoot,2,3
tingkan,2,2
adilan,2,2
doyong,2,2
samber,2,2
jam5,2,2
mokasih,2,2
meringakan,2,3
megadukan,2,3
plen,2,2
yolanda,2,3
wooi,2,2
tolitoli,2,3
markottoopp,2,4
canggh,2,3
kebutuham,2,2
semangt,2,3
tranaksi,2,2
agil,2,2
introspeksi,2,2
siepp,2,3
banak,2,2
sumberanyar,2,3
mudi,2,2
multipayment,2,3
harunya,2,2
laporab,2,2
terumata,2,3
jawabnnya,2,2
imsak,2,2
bengking,2,2
rell,2,2
mikail,2,2
samlai,2,2
terlelap,2,2
tedy,2,2
bagu2,2,3
updtae,2,3
memuaskaan,2,4
5star,2,2
sado,2,2
serapah,2,2
setip,2,2
helo,2,2
dipedalaman,2,4
prawoto,2,2
haddeh,2,3
hoaks,2,2
dapatka,2,2
terintegritas,2,4
16jam,2,2
bartim,2,2
adehh,2,2
bantunya,2,2
samagat,2,3
mwmang,2,3
akhr,2,2
reu,2,2
sembawa,2,2
trcinta,2,2
sekreng,2,2
antrii,2,2
alhamdulilkah,2,3
tidar,2,2
pemnayaran,2,3
kreatornya,2,3
disurvey,2,3
mauk,2,2
pitar,2,2
mahakam,2,2
ngeclick,2,3
sawahlunto,2,4
seharusny,2,3
kedepany,2,2
panggilannya,2,2
warkop,2,2
pengunduh,2,2
dilkukan,2,3
lais,2,2
lagai,2,2
tapih,2,2
telfonnya,2,3
bapak2nya,2,3
dropdown,2,2
mln,2,2
mesin2,2,2
maikn,2,2
mnambah,2,2
rianto,2,2
sebulum,2,2
memgecek,2,3
memgajukan,2,4
mojo,2,2
lokasiku,2,2
smpurna,2,2
musola,2,2
seroja,2,3
pakuan,2,2
sayo,2,2
trnyt,2,3
alangka,2,2
kongsleting,2,4
temporary,2,3
handalan,2,2
dipasangin,2,2
pengguanaan,2,3
niatlah,2,2
ngemis2,2,3
darimananya,2,2
katingan,2,2
rintis,2,2
kepeluan,2,3
lae,2,2
kontaknya,2,2
4hr,2,2
briefing,2,3
verygood,2,3
disekolahkan,2,2
kolaps,2,2
kerjan,2,2
kibot,2,2
t41,2,2
mangadukan,2,3
solusimya,2,3
kalibawang,2,2
tinjak,2,2
diksih,2,2
semahal,2,2
wokehh,2,3
mangu,2,2
likes,2,2
kamk,2,2
simsalabim,2,4
dbayar,2,2
distabilkan,2,3
templer,2,2
bantuaanya,2,3
kodisi,2,2
lantor,2,2
otang,2,2
gerakin,2,2
ditangai,2,3
wkkw,2,2
kgi,2,2
temakasih,2,3
samatiga,2,2
batuannya,2,2
luliang,2,3
diaudit,2,3
arde,2,2
dimintanya,2,2
3mnt,2,3
cinangka,2,3
portabel,2,2
aluh,2,2
frindly,2,3
baim,2,2
terimakaasih,2,3
denganpln,2,3
kodya,2,2
prmasalahan,2,2
mrngatasi,2,3
mojang,2,2
ketemunya,2,2
tsel,2,2
kotos2,2,3
okkee,2,3
odong,2,2
ramat,2,2
sputar,2,2
andmin,2,2
gayss,2,2
lemburan,2,2
bualn,2,3
bingungnya,2,2
kakaak,2,2
menukan,2,2
instalansi,2,2
mempuaskan,2,2
marabahan,2,2
lqngsung,2,4
memakain,2,2
kecamtan,2,3
peelen,2,2
sebelu,2,2
membut,2,2
terpasangkan,2,2
nggawe,2,2
panyabungan,2,4
klk,2,2
inginku,2,2
katsiron,2,2
sngatt,2,2
dibebani,2,2
dianggapi,2,2
sampainya,2,2
ngawurr,2,2
manggi,2,2
memencet,2,3
galing,2,2
sklai,2,2
pelunasannya,2,2
keuangannya,2,2
fahrul,2,2
twrus,2,2
seperrinya,2,3
devloper,2,3
udah2,2,2
moden,2,2
dibandingan,2,2
ych,2,2
formulirnya,2,2
ngrespon,2,3
ketahan,2,2
wundulako,2,4
miriss,2,2
limitnya,2,2
perkerjanya,2,2
ditnya,2,2
nyoe,2,2
njeglek,2,3
barmanfaat,2,2
keleletan,2,2
gabisaa,2,3
truzz,2,3
katannya,2,2
tapaktuan,2,2
sibi,2,2
indragiri,2,3
korbanin,2,2
mengangani,2,3
bufering,2,2
adah,2,2
bilan,2,2
giritengah,2,2
sesabar,2,2
dipemberitahuan,2,3
dowd,2,2
sega,2,2
jam8,2,2
dtambahkan,2,2
dbilang,2,2
guaa,2,2
balung,2,2
diatap,2,3
ekses,2,2
hanguss,2,2
berkembnag,2,3
dselesaikan,2,3
mintol,2,2
kehandalannya,2,3
bwah,2,2
suksed,2,2
mirip2,2,2
kesuwen,2,3
mrespon,2,3
baraqah,2,2
pengguana,2,3
berandanya,2,2
sada,2,2
digalakkan,2,2
topdeh,2,3
insyaalloh,2,2
useable,2,2
wuuzz,2,3
terisolir,2,3
swaktu2,2,4
gampang2,2,2
pertahanankan,2,2
2orang,2,2
pusla,2,2
balas2,2,2
metet,2,2
kepenuhan,2,2
rayo,2,2
rejang,2,2
goodpln,2,3
memeudahkan,2,2
melejit,2,2
okesip,2,2
mndaptkan,2,4
tampernya,2,2
mapping,2,2
oge,2,2
insyal,2,2
mnylsaikan,2,4
rugilah,2,2
kekna,2,2
bermasala,2,3
termksih,2,3
gampa,2,2
jailolo,2,2
downloadlah,2,2
melakukakn,2,3
selarang,2,2
sebiji,2,2
nusantaraku,2,2
tulisam,2,2
evalusi,2,2
runtut,2,2
mendapatakn,2,2
forceclose,2,3
legi,2,2
nyarinya,2,2
alkhamdulillaah,2,5
omm,2,2
gasspoll,2,3
bilg,2,2
nja,2,2
berdayakan,2,2
persyaratanya,2,2
kmdn,2,2
exim,2,2
aras,2,2
saua,2,2
tkasih,2,2
munggunakan,2,2
ngorbanin,2,3
tokens,2,2
sdgs,2,2
super2,2,2
downloan,2,3
kbetulan,2,2
pembelihan,2,2
bosq,2,2
klarifikasinya,2,2
sejarang,2,2
serra,2,2
menyamapaikan,2,3
sipplah,2,3
melancar,2,2
jangakauan,2,3
jha,2,2
pulga,2,2
klancaran,2,3
bebrpa,2,3
mnggunkn,2,3
indoneaia,2,3
shngga,2,3
ilfill,2,3
konfirmasikan,2,2
kits,2,2
konektifitas,2,3
jaih,2,2
yut,2,2
behasil,2,2
jaan,2,2
suatau,2,2
sevice,2,2
vcc,2,2
sewakamera,2,3
cakep2,2,2
faizin,2,2
mellui,2,2
bgmana,2,2
kedeoan,2,3
delet,2,2
alkhmdulillah,2,5
lisstrik,2,3
semikin,2,2
loading2,2,2
taggap,2,2
20ribuan,2,3
hehehehehe,2,2
semus,2,2
seratusan,2,2
donlowad,2,3
makelar,2,2
ajiib,2,2
sangaf,2,2
tembusan,2,2
diprovide,2,3
3hp,2,2
mereka2,2,2
mksr,2,2
points,2,2
rusakk,2,2
aplikisi,2,2
manambah,2,3
melui,2,2
alhamdulilahh,2,2
apdetan,2,3
begi,2,2
ingatin,2,2
alhamdlilah,2,4
toked,2,2
sinih,2,2
ungulan,2,2
sitimewa,2,3
plih,2,2
secapat,2,2
menggakses,2,3
letoy,2,2
qda,2,2
kecilan,2,2
persolan,2,2
gembell,2,2
moline,2,2
sajim,2,2
wani,2,2
kapiran,2,2
dibanggakan,2,3
ekselent,2,3
srhingga,2,3
hermansyah,2,2
nopo,2,2
pemangilan,2,3
gamana,2,2
prosese,2,2
kepolosok,2,3
masalanya,2,2
tebak2,2,2
hadeewh,2,3
dhh,2,2
hate,2,2
linstrik,2,3
mambuat,2,2
mnfaat,2,2
monel,2,2
mikirr,2,2
gari,2,2
penyedian,2,2
everyday,2,2
lauanan,2,2
cindaga,2,2
melalukakan,2,3
historikal,2,2
swacamenya,2,3
gaberguna,2,3
khusu,2,2
gantengg,2,2
tukan,2,2
hehehee,2,2
wadul,2,2
kesimpulanya,2,2
urusnya,2,2
whatapp,2,2
800k,2,2
kartunya,2,2
123nya,2,2
robohnya,2,2
mending2,2,2
nyolok,2,2
manah,2,2
sitiap,2,2
alhdulillah,2,3
sebagaianya,2,2
nembuat,2,2
tegalrejo,2,2
mbanya,2,2
pencat,2,2
dlln,2,2
tisak,2,2
kusuka,2,2
awalna,2,2
minjam,2,2
membari,2,2
maos,2,2
90rb,2,2
telat2,2,2
komplen2,2,3
toloong,2,3
kurusan,2,2
jjuga,2,2
pengurasan,2,2
maximalkan,2,2
namba,2,2
s3moga,2,4
rt1,2,2
pgwai,2,2
iconectnya,2,3
nysel,2,2
outlet2,2,2
thebes,2,2
amaat,2,2
tersa,2,2
mengetahi,2,2
memasukkn,2,3
rekeningnya,2,2
ucapin,2,2
mantaph,2,2
turuti,2,2
tba,2,2
centrenya,2,2
cucian,2,2
mentab,2,2
mengais,2,2
kiometer,2,2
nasalah,2,2
dilangkah,2,2
tjd,2,2
rusakan,2,2
yuhu,2,2
sift,2,2
imandi,2,2
listrinya,2,3
takes,2,2
melakukuan,2,3
engagement,2,3
amprah,2,2
sekaranga,2,2
masse,2,2
konsumem,2,2
bgtss,2,2
pekerjaann,2,2
zemua,2,3
menggubris,2,3
lwh,2,2
intansi,2,2
scepatnya,2,3
leces,2,2
mlbb,2,2
mangtab,2,2
pahmi,2,2
josspar,2,3
ruar,2,2
exsis,2,2
peln,2,2
dapar,2,2
tangguan,2,2
butu,2,2
attitudenya,2,4
perbaiakn,2,3
pokonyamah,2,3
karepmu,2,3
aimas,2,2
ngurangin,2,3
jangkawan,2,2
mambayar,2,2
mengecekan,2,2
motoling,2,2
mangkrak,2,2
digang,2,2
nosuap,2,2
miara,2,2
sayangya,2,2
temang,2,2
bbn,2,2
berlelah,2,2
selaesai,2,3
menau,2,2
uhm,2,2
diiklan,2,3
waku,2,2
wolojita,2,3
nhe,2,2
pnggantian,2,2
autodebit,2,3
jatibening,2,3
extrem,2,2
downliad,2,3
tydak,2,2
9pagi,2,2
kongslet,2,3
nahkan,2,2
luemot,2,3
laksanan,2,2
sula,2,2
pengananan,2,2
tlpnnya,2,2
kabutuhan,2,2
hrgai,2,2
jossgandos,2,4
mengajuakn,2,3
ngacau,2,3
ceppat,2,2
jossa,2,2
ditndak,2,3
kacrut,2,2
balsannya,2,3
ngebetulin,2,3
giniin,2,2
paik,2,2
ekh,2,2
ayokk,2,2
diksi,2,2
kilir,2,2
trema,2,2
bsru,2,2
ntapp,2,2
tada,2,2
saklarnya,2,2
tawarin,2,2
sangai,2,2
kaltimtara,2,2
sebentar2,2,2
dipusat,2,2
korupsinya,2,2
peeubahan,2,3
doorprice,2,3
dptr,2,2
berimprovisasi,2,3
kehitung,2,2
dipinggir,2,2
menafkahi,2,2
diikutkan,2,2
kamprett,2,3
akuntable,2,2
perhtian,2,2
remind,2,2
harapn,2,2
fiturnyapun,2,3
kopok,2,2
rintik,2,2
asang,2,2
ucp,2,2
tersinkronisasi,2,4
ibuu,2,2
diperlengkap,2,2
beesstt,2,3
ampenan,2,2
180rb,2,2
berkt,2,2
0pn,2,2
ndaftar,2,3
trtera,2,2
dirapikan,2,3
sisa2,2,2
membyr,2,2
haruku,2,2
tambelang,2,2
berez,2,2
nelponnya,2,2
menanganinnya,2,2
dbn,2,2
pdnya,2,2
budal,2,2
klungkung,2,4
kopinya,2,2
tondano,2,3
deden,2,2
bual,2,2
tkang,2,2
sokaraja,2,2
berguba,2,2
sndirinya,2,3
2jm,2,3
diulasan,2,2
pertahankn,2,3
aktraktif,2,3
drp,2,2
copat,2,2
mdh2,2,3
padhaal,2,3
sebelumnua,2,3
sedetik,2,2
berberapa,2,2
tumpu,2,2
biasany,2,2
seteah,2,3
sudaah,2,2
jikalaupun,2,2
bersipat,2,2
campus,2,2
surati,2,2
terkandala,2,3
dipingpong,2,3
gto,2,2
teraktual,2,2
5detik,2,2
reponsnya,2,3
kgiatan,2,3
codenya,2,2
kadaluawarsa,2,2
musirawas,2,3
rubahdaya,2,2
sepwrti,2,3
harud,2,2
mamakai,2,3
aplkikasi,2,4
smalam,2,2
rp10,2,2
ceking,2,2
malag,2,2
difilter,2,3
donggala,2,2
waingapu,2,3
gobel,2,2
bikn,2,2
abru,2,2
bagaimn,2,2
ketila,2,2
mgk,2,2
afs,2,2
terawas,2,2
stl,2,2
lambreta,2,3
thnkyou,2,3
banggett,2,3
kdpannya,2,3
dipembelian,2,3
infinity,2,2
responsiff,2,2
pelawak,2,2
melakui,2,2
kesangkut,2,4
pentunjuk,2,2
dikrjkan,2,4
a5s,2,3
setel,2,2
perkeja,2,2
pemasanagn,2,3
nenangani,2,2
launnya,2,2
nguntungin,2,3
tmbahkan,2,2
kemuning,2,2
pengisin,2,2
perbln,2,2
prmintaan,2,3
dalamya,2,2
unduan,2,2
poka,2,2
bakongan,2,2
capel,2,2
begitupula,2,2
sru,2,2
kekntr,2,3
difitur,2,2
shopi,2,2
gagngguan,2,4
jamane,2,2
troubl,2,2
adq,2,2
abangda,2,2
jedag,2,2
jedug,2,2
melayni,2,2
batuanya,2,2
200mbps,2,3
contack,2,2
apk2,2,2
prbulan,2,2
bersebrangan,2,3
perlebar,2,2
ptus,2,2
atawa,2,2
menyamankan,2,3
kapook,2,2
transfaransi,2,3
mencatata,2,2
memperibet,2,3
wcs,2,2
nepotisme,2,2
cuco,2,2
smuany,2,2
mempasilitasi,2,2
onlime,2,3
pohon2,2,2
ssusah,2,2
anteng,2,2
aplud,2,2
survai,2,2
nindak,2,2
fiature,2,2
dikasihnya,2,2
alhamdulila,2,2
oegawai,2,3
kapoknya,2,2
manstap,2,3
disela,2,2
mobilet,2,2
berhububgan,2,4
anjer,2,2
gaskeuun,2,3
dluu,2,2
ngape,2,2
terllu,2,2
bangedd,2,3
pnpln,2,3
kegunan,2,2
onde,2,2
tagline,2,2
terobosan2,2,2
berhub,2,2
suoer,2,3
nyusahkan,2,2
berhalangan,2,2
tnyt,2,3
dikantong,2,3
aplikan,2,2
ngelu,2,2
kesiagaan,2,3
kesalahaan,2,2
keritik,2,2
singaraja,2,3
terkotak,2,2
nyalan,2,2
dimonitoring,2,3
econnect,2,3
missed,2,2
gilasih,2,2
hafid,2,2
paluta,2,2
muhsin,2,2
ngabean,2,2
pemadama,2,2
capeh,2,2
dptin,2,2
grogot,2,2
klr,2,2
pengatasi,2,2
makk,2,2
peraduannya,2,3
mbay,2,2
tangaani,2,3
transparasi,2,2
nando,2,2
eiih,2,3
pemakamanpun,2,2
semekin,2,2
mantabz00ss,2,4
snin,2,2
120rb,2,2
proma,2,2
aplikaisi,2,3
previkasi,2,2
terbelit,2,2
merima,2,2
ewes,2,2
angine,2,2
motoris,2,2
masalaah,2,2
cepay,2,2
nyepam,2,2
danaa,2,2
bangkir,2,2
mengestimasi,2,2
plengan,2,2
dodik,2,2
vcr,2,2
ngeten,2,2
meakses,2,2
pokox,2,2
bekrja,2,3
jta,2,2
mudh2n,2,3
pertanyan,2,2
ddi,2,2
warukawung,2,3
ngbantu,2,3
gangangguan,2,3
ngaguar,2,3
datai,2,2
nirui,2,2
meters,2,2
emal,2,2
understanding,2,2
karja,2,2
huaa,2,2
citapen,2,2
erisco,2,3
asyiik,2,3
tnk,2,2
paok,2,2
bojo,2,2
laporankan,2,2
masalan,2,2
kecew,2,2
spotnya,2,2
lmayan,2,2
manna,2,2
ngetrip,2,2
dibatalakan,2,3
penjilat,2,2
amembantu,2,3
mengetikan,2,2
pningkatan,2,2
eperti,2,3
massee,2,2
bisq,2,2
ktemu,2,2
90k,2,2
katenye,2,2
dibales2,2,3
oenggunaan,2,4
mejawab,2,3
abdate,2,2
nelvon,2,3
mengefisien,2,2
kota2,2,2
plyannga,2,4
layang2,2,2
150k,2,2
applicasi,2,3
koneksikan,2,2
ajb,2,2
nangaroro,2,3
nagekeo,2,3
nyg,2,2
kae,2,2
dukunganmu,2,2
ngebacot,2,3
byarnya,2,2
dibolak,2,2
gido,2,2
sawitto,2,2
jlaskan,2,2
segat,2,2
plya,2,2
dulur2,2,3
ramahnya,2,2
spanjang,2,2
lanang,2,2
sangatv,2,2
sadayana,2,2
hadoohh,2,3
kudet,2,2
ckr,2,2
buaguus,2,3
allamin,2,2
makarti,2,2
punyan,2,2
bangaet,2,3
ganjar,2,2
lewiliang,2,3
mengatasih,2,2
penida,2,2
yanf,2,2
walletnya,2,2
pakeknya,2,3
no1,2,2
amiga,2,2
tanggpan,2,2
menggunanakan,2,2
ktiga,2,2
bedeng,2,2
styap,2,2
donesia,2,2
pelasanaan,2,3
instaled,2,2
terimaksasih,2,3
mengonrol,2,3
bgts,2,2
oga,2,2
olyannya,2,3
memamng,2,3
grapyak,2,2
ditansfer,2,3
keprofesionalannya,2,4
bangunlah,2,2
debestt,2,3
penambaan,2,3
kewarung,2,2
sayangg,2,2
diperbagus,2,2
cekrek,2,2
kastamer,2,2
rudd,2,2
mantapan,2,2
dapatmembantu,2,3
lnl,2,2
pjg,2,2
permintaannya,2,2
penertib,2,2
besarannya,2,2
semdiri,2,2
manfaatx,2,2
nyy,2,2
pokus,2,2
konsmn,2,2
berkokok,2,2
ayana,2,2
aat,2,2
seisi,2,2
cepatkan,2,2
penagannya,2,3
oihak,2,2
plyamnnya,2,3
gamasuk,2,2
fup,2,2
mobilio,2,2
pelnaggan,2,3
sutami,2,2
masyarakaat,2,3
sehinnga,2,3
sejahterakan,2,2
trmkh,2,3
hehhehe,2,2
pidi,2,2
pengusian,2,2
dimudahkn,2,3
suma,2,2
misscom,2,2
beking,2,2
surono,2,2
jugabaik,2,2
katane,2,2
14hari,2,2
sepengatahuan,2,4
berpagar,2,2
vasilitas,2,2
nunjukin,2,3
eroro,2,2
atasnama,2,2
teralisasi,2,2
keluluhan,2,3
penjelasnnya,2,3
masadepan,2,3
dipermudahlah,2,3
leidong,2,3
memdapat,2,2
mengirit,2,2
memuncul,2,2
pelicinnya,2,3
dikudus,2,3
nginjek,2,2
merlin,2,2
gerin,2,2
nyambungan,2,2
sawitnya,2,2
ketambahan,2,3
cimacan,2,3
trsansaksi,2,4
waspadalah,2,2
disgopay,2,3
moving,2,2
memekai,2,2
pangi,2,2
penyelesai,2,2
ngebenerin,2,3
tetjadi,2,2
manis2,2,2
pembayaranx,2,2
garus,2,2
00an,2,2
dgunakn,2,3
keunggulanya,2,2
terimkaasih,2,3
haya,2,2
solasi,2,2
tarif2,2,2
penjelasnya,2,2
tmbahin,2,3
dideket,2,2
harga2,2,2
rw1,2,2
pembaruannya,2,2
ditalangin,2,3
ragil,2,2
redeb,2,2
antisipasinya,2,2
tepon,2,2
ssuai,2,2
grecepp,2,3
kaluar,2,2
lampun,2,2
fpt,2,2
bermasal,2,2
udelnya,2,2
loncatan,2,2
jayabaya,2,2
sekarang2,2,2
liner,2,2
srba,2,2
maknyuss,2,3
dibgi,2,2
kuranji,2,2
seharii,2,2
butuhan,2,2
apeksi,2,3
pengurusanya,2,2
baung,2,2
pekerjaanku,2,2
menyelesaikn,2,4
manffat,2,3
0elayanan,2,4
dalampelayanan,2,3
malalayang,2,2
nelponin,2,2
doangg,2,2
worthit,2,3
afbb,2,2
memnbantu,2,3
ketiban,2,2
unlimitid,2,3
lnya,2,2
mengelolah,2,2
sedangakn,2,2
gambus,2,2
prores,2,2
padem,2,2
biayany,2,2
mengginakan,2,3
pemasangangan,2,2
mssyarakat,2,4
kda,2,2
ngalih,2,3
pasangn,2,2
perfom,2,2
leni,2,2
beurusan,2,2
trangsaksi,2,3
rp500,2,2
turi,2,2
tugaskan,2,2
terkhusunya,2,4
dafta,2,3
bikinn,2,2
terhubungnya,2,2
medio,2,2
vvf,2,2
kitb,2,2
hutuh,1,2
hujat,1,2
ditembus,1,2
ekskul,1,2
diwakilin,1,2
f1,1,2
picu,1,2
manolas,1,2
gateli,1,2
statprob,1,3
tmk,1,2
toyo,1,2
denki,1,2
yups,1,2
copotan,1,2
kawe2an,1,4
kanibal,1,2
14v,1,2
sedarah,1,2
dinamonya,1,2
rembet,1,2
meralat,1,2
geoscientist,1,5
utilize,1,3
wireline,1,2
rocks,1,2
breakdown,1,2
greenline,1,2
menbeli,1,2
payah2,1,2
dide0an,1,4
kenapatidak,1,2
masuuk,1,3
paati,1,2
outdated,1,3
komuter,1,2
guyz,1,2
iwin,1,2
penyelesan,1,2
masalahanya,1,2
plynanya,1,3
terperiksa,1,2
serevr,1,3
semangatpun,1,2
bocor2,1,2
respinsif,1,3
nmah,1,2
hubungj2,1,3
upc1,1,3
taukan,1,2
s3dwng,1,5
silaban,1,2
magdyno,1,3
kontrolnya,1,2
kendalinya,1,2
56rbu,1,3
chairani,1,2
rachmatullah,1,3
kagaknya,1,2
jasdam,1,2
sennag,1,2
kedepana,1,2
tensai,1,2
sangatu,1,2
sangtbantu,1,3
menggunakam,1,2
apl9kasi,1,4
endors,1,2
gakkan,1,2
kondisisi,1,2
r1tm,1,3
memby,1,2
repond,1,2
hilmi,1,2
mendedikasi,1,2
mempermudhkn,1,3
ngawuur,1,3
dtgkatkan,1,3
makasich,1,2
brtanggung,1,2
likupang,1,2
furqon,1,3
semak8n,1,3
yoman,1,2
taghihn,1,3
sanpai,1,3
lengkapidiri,1,2
sumen,1,2
pengelolanya,1,2
gorengpun,1,2
summary,1,3
pengaduanlayanan,1,2
jelase,1,2
stmpat,1,2
dinanti,1,2
ngacung,1,3
ngidul,1,2
sekaili,1,3
jargonnya,1,3
1500an,1,2
jam22,1,2
thatt,1,2
ninih,1,2
powerbeyondgeneration,1,7
teeniest,1,3
jolma,1,2
syncronisasi,1,4
updatepun,1,2
waja,1,2
kaputing,1,2
pembayarnya,1,3
theng,1,2
detektor,1,2
tawab,1,2
mbulet2,1,4
nyetingnya,1,2
koorsinasi,1,3
rupiahpun,1,2
rekk,1,2
smat,1,2
becomes,1,3
dengan2,1,2
bagar,1,2
manyarah,1,2
godok,1,2
idikan,1,2
sinan,1,2
pcl,1,2
kalidoni,1,3
kenang2an,1,4
hlg,1,3
lagu2,1,2
ngruh,1,2
nyebapin,1,3
babl,1,2
membatnu,1,3
jojong,1,2
h1,1,2
tolerir,1,3
h2,1,2
rizkinya,1,2
3mnit,1,3
peliharan,1,2
terkakhir,1,2
digambar,1,2
intiny,1,2
gangguansemakin,1,3
dehc,1,2
puxa,1,3
menyantumkan,1,3
manggala,1,2
meghadirkan,1,3
keprabayar,1,3
budayakan,1,2
pdkopi,1,2
melu,1,2
nehemia,1,2
kelopo,1,2
mantaphh,1,2
bergemilang,1,3
ndakk,1,2
menuny,1,2
laghi,1,2
toer,1,2
truus7,1,4
semnagta,1,3
bersyurkur,1,4
toolong,1,2
samja,1,2
alkasi,1,2
20rumah,1,2
seumpamanya,1,4
atasn,1,2
koreksinya,1,2
beterima,1,3
disekojo,1,2
nimpa,1,2
pergi2,1,2
nsb,1,2
tergacorr,1,3
penzalim,1,3
satulah,1,2
biasain,1,2
nio,1,2
buek,1,2
nomplok,1,3
dlmengatasi,1,3
makas,1,2
terimakan,1,2
kgunaan,1,3
keguanaanya,1,4
kotfindi,1,3
wownya,1,2
doesn,1,3
difficult,1,3
sebernarnya,1,3
hente,1,2
msangat,1,2
andan,1,2
ayook,1,2
membai,1,2
diseragamkan,1,3
kamsia,1,2
pmsnya,1,2
maanfaatnya,1,3
berputus,1,2
yanbungnya,1,3
urusanmu,1,2
keunggulanku,1,2
palmerah,1,2
bynk,1,2
rejomulyo,1,3
kelsen,1,2
distel,1,2
boknya,1,2
varese,1,2
bareto,1,2
robalalamin,1,3
antau,1,2
terbaeq,1,3
korfinadi,1,3
tinggali,1,2
maca,1,2
pelatan,1,2
urama,1,2
pbob,1,2
menmberi,1,3
mmbntukami,1,4
dgat,1,2
pengting,1,2
dugan,1,2
lnagsung,1,3
kawulur,1,2
massarakat,1,3
kerns,1,2
fengsu,1,2
uurusan,1,3
agresip,1,2
pakenjeng,1,4
terputu,1,2
kusaeri,1,3
mekai,1,2
timik,1,2
motifasi,1,2
kordinatnya,1,3
wahhb,1,2
kegagalanmu,1,2
barii,1,2
kko,1,2
nyape,1,2
linerpln,1,3
postu,1,2
persilatan,1,3
ganjal,1,2
devdjayanda,1,5
konekan,1,2
bloutuch,1,3
mhi,1,2
melayaniku,1,2
baguskan,1,2
penagduang,1,4
sementaran,1,2
surantab,1,3
kerjone,1,2
mbe,1,2
ajing,1,2
bintanga,1,2
menyarah,1,2
halenyampaikan,1,4
10siang,1,3
dilinkungan,1,3
melaksanakn,1,3
pertahnkan,1,4
mbr,1,2
pakal,1,2
malinau,1,2
kudownload,1,2
0agi,1,2
atopun,1,2
sala1,1,2
gentleman,1,3
monbil,1,2
bojongsarinya,1,3
mmeberi,1,3
bluethoot,1,4
posma,1,2
kedaerah2,1,3
kursinya,1,2
estiminasi,1,2
m3njadi,1,4
nginstalnya,1,3
kongkalikong,1,3
jlsnya,1,3
asalamuaikum,1,4
rambai,1,2
jgt,1,2
miscomunocationya,1,6
untukj,1,2
memperhemat,1,3
setann,1,2
masryakat,1,3
sebeleh,1,2
disebelh,1,3
disumur,1,2
pukul15,1,2
pukul20,1,2
interbis,1,2
kik,1,2
callservicenya,1,5
gadged,1,2
weeiizz,1,4
berlampu,1,2
meteranmelalui,1,3
dapps,1,2
tthanks,1,3
mnyuruh,1,3
mrelapir,1,3
kebawahnya,1,2
apik2,1,2
pastengah,1,3
tolongbuat,1,2
halang,1,2
keberkahannya,1,2
c32n,1,3
jurusambung,1,2
biarpelanggan,1,4
kecewe,1,2
instalisirnnya,1,3
ribet2an,1,3
mengurusinya,1,2
berbelanjapun,1,2
memudkn,1,2
mantrap,1,2
cirkle,1,3
bertrimakasi,1,4
tigl,1,2
sentum,1,2
zekali,1,2
pndftran,1,4
pnranggn,1,3
maksude,1,2
milineal,1,3
informa,1,2
memnudahkan,1,4
andim,1,2
jahatpun,1,2
kondisilah,1,2
ciloknya,1,2
mantabzzz,1,3
mengenaik,1,2
konfimasikan,1,3
57juta,1,2
1300nya,1,2
babatsupat,1,4
keceptan,1,3
1lg,1,3
masszzeehh,1,4
rsioaw,1,3
ingih,1,2
thangks,1,3
suen,1,2
bhabo,1,3
wida,1,2
menju,1,2
visitasinya,1,2
memilihi,1,2
metir,1,2
perode,1,2
mandastana,1,3
sbar,1,2
maksum,1,2
usulnya,1,2
cl6,1,2
schneider,1,3
dalamrngatasi,1,4
sebagia,1,2
nyampein,1,2
gilirian,1,2
etitude,1,3
hanoto,1,2
cipocok,1,2
apknx,1,3
klai,1,2
mnabantaun,1,4
udak,1,2
idr1750,1,3
sartifikat,1,2
atasnaplikasi,1,4
sengajanya,1,2
screeshot,1,3
yachh,1,2
tanggu,1,2
sebelume,1,2
broohh,1,2
quiz,1,2
hendle,1,2
ssan,1,2
spen,1,2
dany,1,2
bry,1,2
selesae,1,2
sekarangpun,1,2
tolongla,1,2
seperkian,1,3
syarial,1,2
tresno,1,3
bekembang,1,2
waz,1,2
tansfer,1,3
jelsakan,1,3
semngatss,1,4
suia,1,2
jozgandos,1,4
trimakterimakasi,1,5
layananyaasi,1,3
salang,1,2
beben,1,2
profesial,1,2
snang,1,2
terhadapat,1,2
gokey,1,2
blz2,1,3
bener2vkecewa,1,5
nisma,1,2
petamanya,1,3
kelama,1,2
braga,1,2
berbatas,1,2
kalurahan,1,2
gooday,1,2
sediakn,1,2
boar,1,2
behadiah,1,2
yudo,1,2
besuk,1,2
minthul,1,2
kasasinya,1,2
berjejaring,1,3
mubarok,1,2
diyoutube,1,4
donlodnya,1,4
gubrak,1,2
tvon,1,2
petua,1,2
rattingnya,1,3
loveyou,1,2
ogie,1,2
atmawijaya,1,2
dikarena,1,2
pembayarannyapun,1,2
accessing,1,2
glp,1,2
kemudahana,1,2
sriusaan,1,3
hadirny,1,2
ditindaklanjutinya,1,2
btl2,1,3
setian,1,2
masukan2,1,2
menangganinya,1,2
plyannza,1,4
150volt,1,3
foonrc,1,4
keringetan,1,2
ngejetrek,1,3
perpect,1,2
playannua,1,3
irwandi,1,2
benat,1,2
selaw,1,2
keberada,1,2
bravopln,1,4
pelanganapapun,1,3
traspqrqn,1,6
hotpangidoan,1,4
plyyannya,1,3
danrespon,1,3
bisau,1,2
double2,1,2
sekg,1,2
peloran,1,2
tanahku,1,2
mnyangkut,1,4
profesioanl,1,3
nyatanta,1,3
tqpi,1,2
nekan,1,2
tombel,1,2
syaifudin,1,2
alahamdulilah,1,4
recommeded,1,3
ternganga,1,3
makaciih,1,3
eke,1,2
manfaatya,1,2
berkomplain,1,3
2xli,1,3
triks,1,2
smkn2,1,2
isto,1,2
olok,1,2
notikasi,1,2
menyertainya,1,2
untuknpelanggan,1,4
migrasikan,1,2
taliban,1,2
promosiin,1,2
dilapori,1,2
pembayarantagihan,1,3
memudahkanpelanggan,1,4
kerjasamany,1,2
hanyasaja,1,3
petanahan,1,2
abimana,1,2
plynnnha,1,4
yantekbprabu,1,5
2mtsen,1,3
php2an,1,3
pendokumentasi,1,3
uapik,1,2
milenials,1,2
bingiittss,1,4
bentul,1,2
bisamembantu,1,3
isinyo,1,3
mentrack,1,3
cecah,1,2
misalkn,1,2
klee,1,2
alhamdulill,1,2
benernih,1,3
nipunya,1,2
tambahkanlah,1,2
alhmdlilah,1,4
smnya,1,2
pnymbungan,1,3
silahlan,1,2
kuharap,1,2
meningat,1,2
moro2,1,3
telahmenbantu,1,4
mawadah,1,2
pertemukan,1,2
demikan,1,2
malemm,1,2
pembayun,1,2
kamsahamnida,1,4
kvzoiv,1,3
dilokasinya,1,2
opsionalkan,1,3
lebibh,1,3
otomatisn,1,2
ancient,1,3
segalaurusan,1,2
candu,1,2
makyoss,1,3
ouuouuhihuhu,1,6
knowthat,1,3
mengidupkan,1,2
ganggunya,1,2
ditimpa,1,3
agustian,1,2
ancrit,1,2
randudongkal,1,4
arminya,1,2
bintangrating,1,3
memudhakan,1,3
boboboy,1,2
brakot,1,2
isiulang,1,2
aliandoss,1,3
duitpulsa,1,3
mobll,1,2
dinstal,1,2
10kali,1,2
5pln,1,3
nagada,1,2
tiss,1,2
cintaa,1,2
sarehat,1,2
labanan,1,2
penting2nya,1,3
japlak,1,2
rejosalam,1,3
patangkai,1,2
wilaheng,1,3
sekaring,1,2
bawono,1,2
tumpangi,1,2
barun,1,2
uktuk,1,2
watnya,1,2
goob,1,2
trrnyata,1,3
pembayaram,1,3
0etugas,1,3
insa,1,2
3nusa,1,2
karihkil,1,3
ciseeng,1,3
lumauan,1,2
mendpaatkan,1,3
nyelesaikan,1,3
cuitan,1,2
baiasa,1,2
mmprsempit,1,3
perkemba,1,3
menanganani,1,3
maulidin,1,2
keetika,1,2
ndg,1,2
mangerti,1,3
dunakan,1,2
santiang,1,2
sprtnya,1,3
tidaka,1,2
pembengkakakan,1,3
saranghae,1,2
kegiatan2,1,2
inline,1,2
instalan,1,2
kalie,1,2
reliefe,1,2
hahahahh,1,2
tenta,1,2
tanyai,1,2
meperbanyak,1,3
bikiin,1,3
anjeun,1,2
aplikasibyg,1,3
nengatasi,1,2
hasrul,1,2
gacho,1,3
weel,1,2
maubeli,1,2
tidaak,1,3
harsunya,1,3
mnanyakan,1,2
kosim,1,2
120k,1,2
asumsinya,1,2
wadauw,1,2
woha,1,2
sesah,1,2
wokowoe,1,4
bagamna,1,3
swarga,1,2
loka,1,2
ampiksii,1,3
bluethot,1,3
dpusat,1,2
reschedule,1,4
kemanakah,1,2
takon,1,2
diremes,1,2
liaarr,1,2
permasyalahan,1,3
percakapannya,1,2
payaman,1,2
bualnnya,1,3
bentangan,1,2
dusu,1,2
hidupan,1,2
menunjan,1,2
5api,1,2
bannernya,1,2
tersegel,1,3
emunah,1,3
disosialisasi,1,2
andari,1,2
hao,1,2
keren2an,1,3
natar541,1,4
sebagainyajadi,1,2
karnas,1,2
biasanye,1,2
ke123,1,2
ifes,1,2
tgpinang,1,2
kemudaha,1,2
harhanya,1,2
sukapun,1,2
menggunsksn,1,3
ive,1,2
diringkas,1,3
kapsula,1,2
masyalloh,1,3
repsol,1,2
karean,1,2
rbet,1,2
dimarahi,1,2
budman,1,2
gundal,1,2
resfek,1,3
icca,1,2
mengilang,1,2
sertkan,1,2
komonen,1,2
rahah,1,2
pegel2,1,3
banker,1,2
dijawabnya,1,2
tambahn,1,2
sahrul,1,2
psht,1,2
ngetrep,1,2
tersedi,1,2
mpun,1,2
bumn2,1,2
petirnya,1,2
disa,1,2
menjukan,1,2
m0balle,1,4
sukkaa,1,3
meluncurr,1,2
palor,1,2
tahan2,1,2
smbrang,1,3
memberibpelayanan,1,5
keterengannya,1,3
ngatif,1,2
krm2,1,3
malingnya,1,2
beest,1,2
maenin,1,2
kompetible,1,2
lvn,1,2
trkan,1,2
krayon,1,3
membantusemogha,1,4
wohh,1,2
riah,1,2
karan,1,2
skdar,1,2
jowono,1,2
junjungan,1,3
digitalis,1,2
makyuss,1,3
pengembangaan,1,2
laksakan,1,2
jumarni,1,3
ngrasain,1,3
yqin,1,3
alairan,1,2
byarpet,1,3
meangakses,1,3
kualitasny,1,2
ceritain,1,2
klah,1,2
resmin,1,2
kamitelah,1,2
aplikasibinin,1,3
tecnologi,1,3
ngadatnya,1,3
yubarikkum,1,4
kandui,1,2
grogol01,1,2
batudaa,1,3
sportnya,1,2
gadibales,1,3
memperpaiki,1,3
nmanya,1,2
pmbrian,1,3
knyamanan,1,3
melalalui,1,3
diasaat,1,2
mncri,1,2
dawam,1,2
alhmadulillah,1,5
keitung,1,3
errol,1,2
safetynya,1,2
penanganannyasangat,1,2
sabtunya,1,2
listening,1,2
olivia,1,2
atts,1,2
basamo,1,2
pelann,1,2
amnh,1,2
mmah,1,2
jln2,1,2
cgk,1,2
applaus,1,3
peruban,1,2
kebijaksanaannya,1,2
digitial,1,2
dirangkum,1,2
dianaktirikan,1,3
karangjaya,1,2
barnes,1,2
nainaban,1,3
200m,1,2
80m,1,2
dtglah,1,2
meupdate,1,2
dibayarnya,1,2
wanes,1,2
khoiran,1,2
wouw,1,2
keselamatankerja,1,2
trhormat,1,3
brkembang,1,3
okokokok,1,3
kke,1,2
watugede,1,3
dskitar,1,3
erator,1,2
saiapa,1,2
krugian,1,2
tlt,1,2
mendpt,1,2
aplijadutdk,1,5
jaminn,1,2
bia5a,1,3
bejad,1,2
tannga,1,3
penlanggan,1,3
ixfncg,1,4
kitta,1,2
sopandan,1,2
kodennya,1,2
berbungan,1,2
nuofut,1,3
satujam,1,2
masukinya,1,2
gellap,1,2
corrective,1,3
akti,1,2
gugurudug,1,3
sarimanah,1,3
intinyaapelalayanan,1,4
cicalengka,1,4
terimakish,1,3
penatua,1,2
ngejeplak,1,3
berlarut2,1,2
hubumgi,1,3
whatshap,1,3
dame,1,2
pengdanx,1,3
sarangeoohh,1,3
yapi,1,2
qount,1,2
bahandang,1,2
jenengan,1,2
diperksa,1,2
pemadamam,1,2
ketmpt,1,3
sabut,1,2
dambakan,1,3
rongsok,1,3
banyaknpromo,1,3
zulkarnain,1,4
waooww,1,3
kongkrit,1,2
150ribu,1,2
70ribu,1,2
37ribu,1,2
50ribunya,1,3
pringga,1,3
janu,1,2
yahaha,1,2
sepenggal,1,3
moi,1,2
loos,1,2
daay,1,2
knp2,1,2
jagakarsa,1,3
samas,1,2
rasuna,1,2
kurangtepat,1,3
menotifikasi,1,3
dilpangan,1,3
diharapkann,1,2
teremok,1,3
experiencenya,1,2
dirata,1,2
dullah,1,2
raci,1,2
iaa,1,2
diabayar,1,2
pemakenya,1,2
staus,1,2
cahyoo,1,3
dikalteng,1,3
dikota2,1,2
jawabmu,1,2
tggu2,1,3
babatu,1,2
dikencangkan,1,2
kecamatannya,1,2
temanya,1,2
axsis,1,2
jarinagn,1,3
makih,1,2
himbara,1,3
respn,1,2
berakit,1,2
kehulu,1,2
caro,1,2
karajo,1,2
pengalamanku,1,2
mnjelaskan,1,3
dtggng,1,3
onlan,1,2
smbng,1,3
bandongan,1,2
jjadi,1,2
ftjoal,1,3
prc,1,2
siank,1,2
magi,1,2
swardi,1,2
tugumulyo,1,3
sangakt,1,2
f3,1,2
tdie,1,2
9asang,1,2
oktaviansyah,1,3
riung,1,2
brqyc7,1,4
watutura,1,2
tungu,1,2
bnis,1,2
bekaerja,1,4
sebagaimna,1,3
sumberagung,1,2
memilukan,1,2
organiknya,1,2
jaminannya,1,2
u2,1,2
mndekatkan,1,3
iyakan,1,2
gantilah,1,2
pardasuka,1,3
owesome,1,3
mematau,1,2
atx,1,2
mahel,1,2
pelusuk,1,2
marali,1,2
guntara,1,2
0sb,1,2
ditrnsfer,1,4
pembertahuan,1,3
cetter,1,2
mengirin,1,2
bernang,1,2
yayan,1,2
menmang,1,3
gilan,1,2
bbtp,1,2
pttzhn,1,3
pncerahan,1,3
mengelabui,1,3
kuerenn,1,3
mursil,1,2
akrif,1,2
kostomer,1,2
serfis,1,3
sepenuhhati,1,2
lelek,1,2
rmb,1,2
kede,1,2
mweheheh,1,3
petahanan,1,3
tundak,1,2
uwuwu,1,3
terbaikl,1,2
perubaan,1,2
kelncaran,1,3
jos2,1,2
terapdet,1,3
suksesl,1,2
sabak,1,2
fantastic,1,3
yulita,1,2
clash,1,2
mengandalak,1,2
knpaa,1,2
lembaaga,1,3
ksusahan,1,2
puuaass,1,3
berbiaya,1,2
tagih2an,1,4
mentongki,1,3
memntu,1,3
dilengkaoi,1,3
arjasa,1,2
pasam,1,2
akhmadi,1,2
mukroni,1,3
nari,1,2
kemudahanutk,1,2
monilesemoga,1,3
ondeh,1,2
padiah,1,2
menyedian,1,2
kawatnya,1,2
ngurusinnya,1,2
40k,1,2
indrlaya,1,3
inginkan3,1,2
kici,1,2
jbl,1,2
pekir,1,2
bagin,1,2
0ermasalahn,1,5
tempecara,1,2
gelis,1,2
kaba,1,2
bribet,1,2
habiz,1,2
layannanny,1,4
yaarobbal,1,3
aalamin,1,3
sekalikeren,1,2
gando,1,2
pelannya,1,2
daynya,1,2
kebetuhan,1,3
gunakaan,1,3
malasnya,1,2
failit,1,2
marin2,1,3
terlunasi,1,3
caem,1,2
urc3,1,3
center123,1,2
waji,1,2
nlfon,1,3
30rbu,1,3
suu,1,2
kml,1,2
berinofatif,1,3
reponya,1,2
februai,1,2
deselesaikan,1,3
pangkasannya,1,2
petahankan,1,3
titid,1,2
jangnan,1,2
golewa,1,2
kredibilitasnya,1,2
sudalarang,1,3
sukawening,1,3
updatelagi,1,2
aier,1,2
koperaktif,1,2
pdengan,1,2
komam,1,2
bbk,1,2
malasari,1,2
cimaung,1,3
supa,1,2
dobel2,1,3
chmaym,1,3
perumpaan,1,3
teblokir,1,2
maszzehh,1,3
meregristasi,1,3
sukak2,1,3
depositenya,1,2
kebangaan,1,3
pemecutan,1,2
perlayan,1,2
manteepp,1,3
biayane,1,2
pusinghggnghhgh,1,6
nyoates,1,3
materil,1,2
menagan,1,2
ddll,1,2
tangkapin,1,2
welplayed,1,3
patent,1,2
uey,1,2
aranya,1,2
maanntull,1,4
diseputar,1,2
sekapok,1,3
adaktif,1,2
nganggon,1,2
gammppaanngg,1,5
luuaammaa,1,5
ppuuooll,1,4
nggaguan,1,3
endorse,1,3
disuasana,1,3
pinky,1,2
pesa,1,2
dansemakin,1,3
monit,1,2
deach,1,2
bertambahn,1,2
jayan,1,2
feedbeck,1,3
64ribu,1,2
rapikan,1,2
dmanapun,1,3
iconup,1,2
tampilann,1,2
indicative,1,2
memumudahkandlm,1,5
sajira,1,2
permission,1,2
babang,1,2
dibwh,1,2
cepatmenanggapi,1,4
udxsna,1,3
slur,1,2
riel,1,2
uprated,1,2
seriuskan,1,2
penggrapan,1,3
estimasih,1,2
dipenuhinya,1,2
m23,1,2
2b,1,2
bertranformasi,1,3
maron,1,2
synergi,1,2
efy681,1,4
jikalo,1,2
meletup,1,3
pmkn,1,2
blnan,1,2
abr4yz,1,5
menghindaru,1,2
wishes,1,2
melaporakn,1,2
kapannya,1,2
dsediakan,1,2
gumun,1,2
mendugaduga,1,3
thong,1,2
phang,1,2
hamper,1,2
hln76,1,3
due660,1,4
kecetak,1,2
2cbjak,1,4
onkos,1,2
setem4,1,3
perjalannya,1,2
diiskan,1,2
nomoer,1,3
memudahkankami,1,2
berbmangoaat,1,4
telp2,1,2
pengunan,1,2
nyelesekan,1,3
dicustomer,1,3
ibfec1,1,4
slesaii,1,3
keluhi,1,2
sedankan,1,2
rp48,1,2
sudaa,1,2
eihh,1,2
trcium,1,2
idolaa,1,2
menyakitimu,1,2
kursornya,1,2
rosmalawati,1,3
satuang,1,2
merekomedasikan,1,4
kesetabilannya,1,3
ghassan,1,3
axeopt,1,3
mups,1,2
lbeih,1,3
nox,1,2
ressi,1,2
blajar,1,2
yotube,1,3
matrei,1,2
pelaporangangguan,1,4
musalla,1,3
ketidakpahaman,1,2
friendli,1,2
peryaratan,1,2
capcha,1,2
vitur2nya,1,4
mngirim,1,2
selesaii,1,2
hafus,1,2
terpasng,1,3
bunyai,1,2
ngehambat,1,2
keude,1,2
ributt,1,2
lumyaan,1,3
munjungan,1,3
dlulu,1,2
terindentifikasi,1,3
pengirman,1,2
dept,1,2
sening,1,2
munjul,1,2
dftarnya,1,3
daftrkan,1,4
rajek,1,2
bress,1,2
infodan,1,2
bilabong,1,3
byarr,1,2
1mggu,1,3
hutangnya,1,2
contactus,1,2
indetifikasi,1,3
diantipasi,1,3
tingakatkan,1,3
syaikutin,1,3
bznyzk,1,5
manyalasaikan,1,3
iconcashnya,1,3
bantuang,1,2
angota,1,2
kerenyes,1,3
surpey,1,3
xkutlx,1,4
dibekasi,1,2
membantukalo,1,2
cepatkalo,1,2
loguot,1,3
pett,1,2
mbikin,1,2
dipinjemi,1,3
bergambung,1,3
ibzyze,1,3
riscon,1,2
padjajaran,1,3
sesal,1,2
krenyes,1,3
mengaktivkan,1,3
kesa,1,2
ikram,1,2
cbg,1,2
bira,1,2
makassr,1,3
punyalah,1,2
dimlm,1,2
yeaayy,1,3
gengalgaman,1,4
menggalami,1,3
maridan,1,2
suwa,1,2
marahi,1,2
200kva,1,3
unisntall,1,4
oal,1,2
lpjkn,1,3
cwek,1,2
pegengaduan,1,3
crx,1,2
pengancaman,1,3
dengarkanlah,1,2
fasrespons,1,3
ywboec,1,4
ljprmv,1,5
krux,1,2
sempaja,1,2
klola,1,2
mkssr,1,3
gamppang,1,2
rppesponnypa,1,5
bermaat,1,2
bnyaak,1,3
oerhitubgn,1,5
barokallahfiikm,1,6
caster,1,2
apliksasiplnobile,1,6
nyembah,1,2
tangai,1,2
juhar,1,2
cleepp,1,3
dimudah,1,2
ook,1,2
wtgveh,1,4
trlebih,1,2
berinivasi,1,3
bemtuk,1,2
soiusi,1,3
ttel,1,2
bwetransakai,1,4
dsk,1,2
seing,1,2
bermaafaat,1,3
mudarat,1,2
nyambungbke,1,3
native,1,2
hika,1,2
zplokai,1,4
gznvgusn,1,6
wuuu,1,2
appx,1,2
rabun,1,2
taniwel,1,2
ifo,1,2
mbik,1,2
susahnyaa,1,2
kmatian,1,2
respectnya,1,3
kabe,1,2
mentalnya,1,2
silhakan,1,3
hamidullah,1,2
donggo,1,2
pembelajan,1,2
ha2kql,1,4
kasih4,1,2
drung,1,2
9menit,1,2
bingungan,1,2
kerusaakan,1,3
zplikaxi,1,4
malakalah,1,2
kamajuan,1,2
luarbiasahh,1,3
mengatar,1,2
bez,1,2
maturnuhun,1,3
smenit,1,3
trlbih,1,3
terrbaaiik,1,4
terlngkap,1,3
alung,1,2
sekarsng,1,3
diresponlaporan,1,3
cheung,1,2
9thn,1,2
dikroscek,1,3
dientry,1,2
perika,1,2
varsi,1,2
terhububg,1,4
mantabbpp,1,3
inactive,1,3
lodin,1,2
laporpke,1,3
padet,1,2
diakai,1,2
updare,1,2
bermemfaat,1,3
teruama,1,3
ngimana,1,2
clint,1,2
memungkan,1,2
nggka,1,2
terbarumu,1,2
lanjutakan,1,2
tingkankannuntuk,1,5
mengantarkannya,1,2
pafahal,1,3
kerasi,1,2
nyatransaksi,1,3
ditakutkan,1,2
jamanis,1,2
accses,1,2
terblok,1,2
ditugumulyo,1,4
lowding,1,2
tetulis,1,2
tugas2nya,1,3
jid,1,2
akhmad,1,2
jazuli,1,2
dajukan,1,2
membentak,1,2
ngakalin,1,2
600k,1,2
kubangsari,1,3
meyerentakan,1,4
fahru,1,2
arwan,1,2
21jam,1,2
29juni,1,3
cita2,1,2
sehun,1,2
nganggung,1,2
jjka,1,2
berkeja,1,2
melayaani,1,3
isbi,1,2
sitaro,1,2
kemedia,1,2
2pash,1,3
pemerataannya,1,2
ayu2,1,2
sajatak,1,2
telat2bayar,1,3
terbain,1,2
purnamasari,1,2
sabilina,1,3
sikron,1,2
asalam,1,2
mualaikum,1,3
conon,1,2
sxdeot,1,4
kwitansinya,1,3
interner,1,2
3pash,1,3
bekedip2,1,4
mengatasiya,1,2
berpatokan,1,3
cekkan,1,2
asbesnya,1,3
miter,1,2
sopasti,1,2
dengm,1,2
operasiin,1,2
yangs,1,2
padahalan,1,2
ditekel,1,2
dftarkan,1,3
bknya,1,2
updaet,1,3
sanxing,1,3
mules,1,2
hahhaha,1,2
plystore,1,3
tetpi,1,2
memersulit,1,3
alaan,1,2
mengecewahkan,1,3
mahon,1,2
leat,1,2
kecalon,1,2
kedaung,1,2
kaliangke,1,3
wiliyah,1,2
17desember,1,3
cacher,1,2
diuprade,1,3
suranto,1,3
kalitan,1,2
kertonatan,1,3
kartosuro,1,3
brt,1,2
bagkan,1,2
parahny,1,2
ddesa,1,2
senangnyaa,1,2
franciscus,1,2
ngatri,1,2
giliranya,1,2
ahirnyasi,1,3
menghati,1,2
323a0sj,1,5
covered,1,2
p1ln,1,3
masyarakkat,1,3
bused,1,2
ditilep,1,3
lupa2,1,2
biaso,1,2
borosnya,1,2
autobayar,1,2
poaitif,1,3
bekerha,1,3
pekrjaan,1,3
atasai,1,2
syalom,1,2
keluyuran,1,3
cibolang,1,3
penalarannya,1,2
27vjuni,1,4
diawasin,1,2
planing,1,2
attas,1,2
mennjadi,1,3
penguapannya,1,2
sahutan,1,2
myiconplus,1,3
boyok,1,2
jujun,1,2
kompit,1,2
alamii,1,2
tanggihan,1,2
juuwwooss,1,4
selesesai,1,3
dakan,1,2
bayarku,1,2
brahrang,1,2
kantil,1,2
oenino,1,3
sangguo,1,3
ksibukan,1,3
alses,1,2
gangsingan,1,3
12374ui,1,3
2238ggq,1,4
tilp,1,2
tanggapam,1,2
metera,1,2
kasdim,1,2
goegle,1,3
acep,1,2
daeraj,1,2
diakomodi,1,3
mengunduhnya,1,2
ois,1,2
eren,1,2
penjol,1,2
lamax,1,2
segel2,1,2
disikapi,1,3
mokat,1,2
rwyt,1,3
wantap,1,2
strok,1,2
ternatif,1,2
pukil,1,2
guruh,1,2
nyusaahiin,1,4
bagaimnan,1,3
berkontrubusi,1,3
sangabermamfaat,1,5
mepelajarinya,1,4
segalahnya,1,3
ngampel,1,3
plosorejo,1,3
espres,1,2
counter2,1,2
dkembalikan,1,2
tagh,1,2
4aja,1,2
ataz,1,2
bsama,1,2
gelanggang,1,3
petunjukny,1,2
keedulian,1,2
massenger,1,2
sempurnah,1,2
kemukakan,1,2
nariknya,1,2
ngereload,1,3
nyakin,1,2
nf,1,2
trdkat,1,3
daftranfer,1,4
intek,1,2
tekok,1,2
ugak,1,2
kejelasn,1,3
seusuai,1,3
bondong,1,2
listrikl,1,2
kersik,1,2
dismpaikan,1,3
langsungble,1,2
menjajah,1,2
dimeteranku,1,4
kentor,1,2
basahh,1,2
pramu,1,2
perabasan,1,2
refresentatif,1,4
jidad,1,2
praktekan,1,2
hyundainya,1,2
menatasi,1,2
kutanya,1,2
fga,1,2
pembelanjaan,1,3
orgna,1,2
tryata,1,2
terwadahi,1,3
secarateknologi,1,3
bekomunikasi,1,2
33nya,1,2
kduaany,1,3
memprorioritas,1,3
6tahun,1,2
fotoinnya,1,2
vrivarinya,1,4
nomo,1,2
terbeik,1,3
sangatbermanfaat,1,3
ngerefund,1,3
refund2,1,3
kemjuan,1,2
bejaya,1,2
sekaliuntuk,1,2
berkabar,1,2
petugasjuga,1,2
berbayarnya,1,2
nyeblak,1,3
menghendel,1,3
terdonlot,1,3
terosoban,1,3
kasadoannyo,1,4
semenitan,1,2
refress,1,2
berintergrasi,1,4
atmitrasinya,1,3
memfitnah,1,2
gemess,1,2
jfi,1,2
freenya,1,2
apek,1,2
tabaekk,1,3
keeratan,1,3
diumumin,1,3
darlan,1,2
tweeter,1,2
ooy,1,2
bangguus,1,3
penanmbahan,1,4
des21,1,2
temgah,1,3
hpir,1,2
bda,1,2
reward2nya,1,3
ngmgn,1,3
berprasangka,1,3
sayadlm,1,3
conto,1,2
tnyak,1,2
unable,1,2
lapon,1,2
sekekali,1,2
penugasaan,1,2
dmnnya,1,2
pegawaian,1,2
sdhlah,1,2
samaada,1,2
minding,1,2
direferensikan,1,3
pedam,1,2
beebeda,1,3
membayakan,1,2
krasak,1,3
perubaham,1,3
sopheepay,1,3
gadung,1,2
bahapal,1,2
zolim,1,2
cybersecurity,1,4
hci,1,2
sedangakan,1,2
pelayanannyabertambah,1,3
berkenang,1,2
raktis,1,2
azaes1,1,4
3bintang,1,2
sendrii,1,3
bgusin,1,2
tandai,1,2
teknollogi,1,3
mempre,1,2
kulur,1,2
dibukan,1,2
menuru,1,2
mesyarakat,1,2
iiya,1,2
hadiahny,1,2
dimahalin,1,3
dihandel,1,2
bamget,1,2
perapian,1,2
cipunagara,1,4
virtualpun,1,2
ojn,1,3
berkeperluan,1,3
kepulerluan,1,3
menganani,1,2
menilainya,1,2
rohmat,1,2
timaacih,1,4
tozz,1,2
depik,1,2
mengdongload,1,3
cegep,1,3
tagar,1,2
dibegitukan,1,3
membanytu,1,3
apiks,1,2
113c,1,2
750rupiah,1,3
budhe,1,2
informasix,1,2
tlu,1,2
2desember,1,3
3desember,1,3
10desember,1,3
citerup,1,3
gives,1,2
setrik,1,2
berhentiin,1,2
kreo,1,2
lnfiro,1,3
buangetz,1,3
kupun,1,2
pralatan,1,3
tebakannya,1,2
ocee,1,2
tatapnya,1,2
nyoba2,1,2
panas2,1,2
bruntung,1,3
digitan,1,2
bukti2nya,1,3
sentrakota,1,2
perbaikaan,1,4
okpfzj,1,5
adasedikit,1,2
amadi,1,2
konfrim,1,2
kuakhiri,1,3
asmkm,1,2
notlong,1,2
uala,1,2
ampasnya,1,2
bzmsnx,1,5
ilee,1,2
edih,1,2
pbr,1,2
captcha,1,3
cobuq8m,1,5
infomasinya,1,2
yeris,1,2
rooms,1,2
organizing,1,2
housekeeping,1,3
activities,1,2
communications,1,2
reservations,1,2
committee,1,3
camtumkan,1,3
okkey,1,2
jugs,1,2
bonnus,1,2
fi4smv,1,4
tournament,1,3
awokawokawok,1,6
selakian,1,3
challenging,1,3
lihat2,1,2
setera,1,2
huhuhuh,1,3
wqkudt,1,5
akhirrunisa,1,3
peranya,1,2
2dulu,1,3
bagoos,1,3
tekemuka,1,2
anggoro,1,2
penyebanya,1,2
pikah,1,2
roda4,1,2
diperkotaan,1,2
tjcihb,1,4
jacyaz,1,3
xeetj3,1,4
semvak,1,3
kerijec,1,3
dmsukin,1,3
dtolak,1,2
promoan,1,2
uemgwe,1,4
satisfactory,1,5
halalkan,1,2
meruba,1,2
paporit,1,2
terrlalu,1,2
mensikapi,1,2
pemanjangan,1,2
dikandangin,1,3
mohonkan,1,2
singat,1,2
plnm9bile,1,5
623edaq,1,4
menapa,1,2
enaugh,1,3
petugasn,1,2
alliaskx,1,4
sudahmenjadi,1,2
kemaju,1,2
olesh,1,2
sudah2jm,1,4
mensejahterahkan,1,3
considered,1,3
interesting,1,2
menggapainya,1,2
dipenanganan,1,3
207a,1,2
lmbt,1,2
konunikasi,1,3
pelanganggan,1,4
tkyu,1,2
memudaahkannu,1,4
puucciing,1,3
mklum,1,2
halis,1,2
ampernya,1,2
melengkap,1,2
bujang,1,2
gadot,1,2
direport,1,2
sistemmu,1,2
130a,1,2
tulah,1,2
piyan,1,2
murid2,1,2
26hari,1,2
disolusikan,1,3
uruskan,1,2
mentalidade,1,3
terputar,1,2
promoting,1,2
inovasimu,1,2
datanhkekantor,1,5
lqodta,1,4
lamaaa,1,2
cabuutt,1,3
involved,1,3
budgetary,1,2
josstoll,1,3
memberian,1,2
pelanggan2nya,1,3
kpai,1,2
kopai,1,2
jatm,1,2
migunani,1,3
sedoyo,1,2
ydah,1,2
tulisannyakecil,1,2
tengukadangbinfonya,1,6
masayrakat,1,3
tanggah,1,2
laporagangguan,1,4
senjak,1,2
memersiapkan,1,2
52a,1,2
superaplikasi,1,2
maakk,1,2
diobrak,1,2
abrik,1,2
sudara,1,2
didalm,1,2
adminplnmobile,1,5
ringis,1,2
decision,1,2
confident,1,2
ability,1,3
since,1,2
enable,1,2
render,1,2
jumblahnya,1,3
urah,1,2
nfo,1,2
salkomsel,1,3
ongguen,1,3
jieh,1,2
meluncurka,1,2
kamisebagai,1,2
5jutaan,1,3
nyelesai,1,3
reviwe,1,3
praktizz,1,3
kumudahan,1,2
sahrun,1,2
saldio,1,3
pemangganan,1,3
peringga,1,3
gmnh,1,2
terpebih,1,2
konfirmsi,1,3
mtrnya,1,2
mantaft,1,2
namaun,1,2
hehhe,1,2
alliasix,1,3
wargo,1,2
kengulan,1,3
terdigitalisasi,1,3
konfirminy,1,3
ngeleg2,1,3
teyus,1,3
hihiw,1,2
berseluncur,1,2
pardede,1,3
memakasi,1,2
pkx,1,2
transansi,1,2
komlek,1,2
mengutukan,1,2
menenga,1,2
inibisamembantu,1,4
registers,1,2
wonderful,1,2
telukdalam,1,2
mesara,1,2
ilangan,1,2
juned,1,2
terlayan,1,2
alzen,1,2
peluangnya,1,2
intar,1,2
ancar,1,2
ginting,1,2
sidabutar,1,3
bonus2nya,1,3
cooyy,1,3
mamayo14,1,3
terlenkap,1,3
penggaduh,1,3
sebaiknnya,1,2
rameh,1,2
memgisi,1,3
unch,1,2
memepermudahpembelian,1,5
pemberitahuan2,1,2
memreka,1,3
kelancran,1,3
terbacanya,1,2
tampila,1,2
pejuang2,1,2
berbagaai,1,3
nanggepinnya,1,4
melakuksn,1,3
menindis,1,3
aplikadunya,1,3
veri,1,2
ima,1,2
tangapannya,1,3
sdan,1,2
sayabagga,1,3
carakerja,1,2
152volt,1,3
3thn,1,2
kesediaanya,1,2
menanggunglangi,1,3
ppiln,1,2
segaligus,1,3
kominkasi,1,3
sanqat,1,2
recommanded,1,4
rijal,1,2
directory,1,2
a04e,1,3
boleh2,1,2
9jul,1,2
umtk,1,2
berkhir,1,2
rp9500,1,3
peformanya,1,3
serverx,1,2
fardiansyah,1,3
apelnya,1,2
digebrak2,1,4
hancuur,1,3
apilaksi,1,3
teko,1,2
bisain,1,2
komisioning,1,2
salkosal,1,3
mungurus,1,2
sanngat2,1,4
jederr,1,3
hhmm,1,2
kembalai,1,2
muhdah,1,2
suroh,1,2
memberangkatkan,1,2
komsel,1,2
mukhlason,1,3
apikk,1,2
brangkat,1,3
bwgitu,1,3
fiur2nya,1,4
pembalikan,1,2
kwota,1,2
surveyornya,1,2
huftt,1,3
mengkelik,1,3
mohun,1,2
pemateri,1,2
pondoh,1,2
216volt,1,3
immediately,1,4
cabangkurang,1,3
perbaru,1,2
kinfirmasi,1,4
funsinya,1,2
aplikasihnaya,1,3
dancuk,1,3
swangan,1,2
nyama,1,2
crpt,1,2
mautidak,1,2
monie,1,2
bnyk2,1,2
ptgsny,1,3
0kee,1,3
unyk,1,2
kareba,1,2
lumpu,1,2
permalsahan,1,3
logi,1,2
pemebritahuan,1,3
khususunya,1,2
tenik,1,2
transpotasi,1,2
yxq,1,3
ebiling,1,2
ramesh,1,2
berbeli,1,2
rugirugirugii,1,6
agas,1,2
sunggung,1,2
apsca,1,3
plesungan,1,3
ombo,1,2
xt,1,2
gampak,1,2
bukaknya,1,3
mnampilkan,1,2
wayar,1,2
binatang2,1,2
cex,1,2
propil,1,2
kejujurannya,1,2
reviewe,1,2
penguanaan,1,2
langasung,1,3
jatih,1,2
utamakanlah,1,2
pikiran2,1,2
sdri,1,2
hihii,1,2
personalisasi,1,2
23x,1,2
behubungan,1,2
tercakupi,1,2
jangndihapus,1,4
brakhir,1,3
brsubsidi,1,4
mnghbngi,1,4
difokusin,1,3
manjaga,1,2
24hours,1,3
mnengah,1,2
kayapa,1,2
bqin,1,3
masyalah,1,2
langanan,1,2
kucilkan,1,2
uruan,1,2
12jtan,1,3
penopangnya,1,3
diarsipkan,1,3
kecewan,1,2
aiksix,1,3
pugu,1,2
tanete,1,2
bulukumpa,1,3
ucapkanlah,1,2
ilaha,1,2
ilallah,1,3
muhamadar,1,2
hadus,1,2
freezing,1,2
sengatan,1,2
amsiong,1,3
menyimoan,1,3
yyaa,1,2
tempernya,1,2
angin2an,1,3
tgll,1,2
5januari,1,3
bertedung,1,2
tollong,1,2
aksii,1,2
berterimajaish,1,3
pertahannkan,1,4
merada,1,2
diatribusi,1,3
prgram,1,2
lamu,1,2
maicon,1,2
skitr,1,2
occur,1,2
sinyall,1,2
gaq,1,2
berima,1,2
usualy,1,2
mendapatksn,1,3
h0ras,1,3
ransaksi,1,2
harganyapun,1,2
musda,1,2
mantap0p,1,3
muare,1,2
kecamata,1,2
dilasanakan,1,3
cemter,1,2
ssmmkin,1,3
doanload,1,3
menghubngkan,1,4
meterawal,1,2
penetuan,1,2
bojongbaru,1,2
ikang,1,2
dhuhur,1,2
komut,1,2
70kwh,1,3
ngene,1,2
ancene,1,2
dungakno,1,3
akhlat,1,2
memudahkanbdan,1,3
dimanja,1,2
motovasi,1,3
kebasen,1,2
bungung,1,2
lebiu,1,2
custemernya,1,4
igun,1,2
pememangnya,1,3
ganya,1,2
gahar,1,2
josz,1,2
perhitunganya,1,2
selles,1,2
kirmin,1,2
c19,1,2
lakukn,1,2
penanganana,1,2
tanyaa,1,2
bogem,1,2
update2an,1,3
diupdate2,1,2
tuturmu,1,2
dijanji2kan,1,4
terujud,1,2
suguh,1,2
nontunai,1,3
dipelusuk,1,2
kedinas,1,2
ermanfaat,1,2
ungga,1,2
48mp,1,2
mengoptimal,1,3
aetelah,1,2
ein,1,2
besseres,1,3
leben,1,2
gunany,1,2
220an,1,2
mengetahuin,1,2
wankawan,1,3
ditagan,1,2
depanmu,1,2
pengelolamu,1,2
menjwab,1,3
lopar,1,2
congratzz,1,3
110volt,1,3
cakupannya,1,2
mambo,1,2
buluk,1,2
dados,1,2
kucurkan,1,2
mangat,1,2
tuntun,1,2
setiapp,1,2
tengahh,1,2
pngadilan,1,2
tampan2,1,2
intormasi,1,4
susuatu,1,2
blabla,1,3
amplopan,1,2
boten,1,2
idham,1,2
manise,1,2
passnya,1,2
kareha,1,2
sasih,1,2
dibutuhakan,1,3
kedepen,1,3
ngeneki,1,3
danke,1,2
tokenlistrik,1,3
tedekat,1,2
pembangkita,1,2
kedungkandang,1,3
pancatatan,1,3
meolah,1,2
jarr,1,2
tokenpulsa,1,3
iven,1,2
ketuk2,1,3
sumpeh,1,2
wujutkan,1,4
cerobong,1,2
sentuh2,1,2
mwmbuat,1,3
samawa,1,2
rea,1,2
respekt,1,2
mksie,1,2
ahmadanton,1,3
arianto,1,2
menerangin,1,2
donlout,1,3
ampilkasih,1,4
penutupnya,1,2
syms,1,2
cepag,1,2
berpakain,1,3
laporan2ku,1,3
400v,1,2
sosih,1,2
mozaik,1,3
daptkan,1,3
dipagar,1,2
cipir,1,2
flm,1,2
trmikasih,1,3
sgat2,1,3
ampee,1,2
neeh,1,2
kondiang,1,3
ditanyak,1,2
tinjauannya,1,2
sauda,1,2
jatinunggal,1,2
wado,1,2
daripaada,1,3
separohnya,1,3
merepotkn,1,3
dicontrol,1,2
kamiseminggu,1,4
tanggainin,1,3
diperbaharuinya,1,2
seteh,1,2
pagihari,1,2
memphotonya,1,3
membukakan,1,2
berang2,1,3
digawangi,1,3
gamesnya,1,2
ordernya,1,2
gqmpqng,1,5
aktftas,1,4
menelpone,1,2
menjulnya,1,3
pengoperasional,1,2
plnhandal,1,3
qnet,1,2
agaak,1,2
inofativ,1,3
bguna,1,2
redeemed,1,3
tetannga,1,3
cancam,1,2
mengiformasikan,1,2
g00d,1,3
martketplace,1,3
efekrif,1,2
menghidari,1,3
penyebaranya,1,2
sulit2,1,2
allhmdllh,1,4
masalajh,1,3
leok,1,2
kerugiannya,1,2
amin2,1,2
terhung,1,2
kerjane,1,2
rt4,1,2
15aftil,1,3
puenak,1,2
dianfakakan,1,3
didapatnya,1,2
baserah,1,2
berpuluh2,1,3
detile,1,2
geresik,1,2
tawaf,1,2
felienty,1,3
roekman,1,3
mudahbcepat,1,3
sedrhana,1,3
mndiri,1,2
tanggalny,1,2
uprgade,1,4
atos,1,2
berintegrasi,1,4
kelilauw,1,3
sttusnya,1,2
byt,1,2
ketepatanya,1,2
mintip,1,2
sinkili,1,2
ditmpat,1,3
teten,1,2
makjreeng,1,4
menyalaahh,1,2
listrikkuhh,1,3
tutoring,1,2
adalm,1,2
kare,1,2
pengetahuann,1,2
sekalicepat,1,2
julaan,1,2
konglomerasi,1,2
meulmuaskan,1,4
telorkan,1,2
actifitas,1,3
bianget,1,2
ismono,1,3
obrigado,1,4
abepura,1,2
bermusyawarah,1,2
boarding,1,2
ampermeter,1,2
jelaass,1,3
kepulanggannya,1,4
rw8,1,2
banua,1,2
mengaturnya,1,2
dikibulin,1,3
gunainya,1,2
bosskuuhh,1,3
dilapagan,1,2
gemgam,1,2
tnp2k,1,4
aidi,1,2
zaenudin,1,3
mengnaikelistrikan,1,4
alpian,1,2
pedesan,1,2
tls,1,2
jazaakumulloh,1,4
sebagae,1,2
ammiinn,1,3
smuga,1,2
i3,1,2
lwbp,1,3
simbolnya,1,2
diintal,1,2
heumptdz,1,5
mskan,1,2
bpt,1,2
prosedure,1,2
tglnya,1,2
amprahan,1,2
servisannya,1,2
aidil,1,2
kwanyar,1,2
membenti,1,2
dipunyai,1,2
pengangajuan,1,3
smartpay,1,2
seputan,1,2
pmbritahuan,1,3
lahawla,1,3
kuwwata,1,3
secapek,1,3
burnai,1,2
niknya,1,2
mellaui,1,2
speedomer,1,2
webset,1,2
terlealisasi,1,3
pelajarana,1,2
syekalee,1,3
cingcong,1,3
marsmallow,1,3
coveragenya,1,3
tulian,1,2
bokek,1,2
100v,1,2
2x10mm,1,4
mwnjadi,1,3
menyalam,1,2
primax,1,2
terkandali,1,3
dtulis,1,2
illabillahil,1,4
aliyyil,1,3
adzim,1,2
wihelmus,1,3
cubo,1,2
keefisienan,1,3
biker,1,2
bobrow,1,2
berebeda,1,3
clearen,1,2
kontor,1,2
masalahistrik,1,2
terlesesaikan,1,4
dintoken,1,3
tepatwaktu,1,2
nusiwe,1,3
interneti,1,2
terpaksalah,1,2
rawapanjang,1,2
bertranaqkai,1,5
lqin,1,3
saatpengisian,1,3
malan,1,2
relefan,1,3
tenkyou,1,3
telanj,1,2
mengingotmash,1,4
pipetnya,1,2
hairan,1,2
qualified,1,2
knoledge,1,4
listrikmkin,1,3
keliristikan,1,3
tanggalcepat,1,2
mencptqkqn,1,6
biasaya,1,2
gppa,1,2
olehh,1,2
pdan,1,2
iurannya,1,2
biasaaa,1,2
manjaa,1,2
300ribuan,1,3
intregasi,1,2
ngeremes,1,3
hikss,1,2
diretas,1,2
terproteksi,1,3
negok,1,2
ywd,1,2
nahbuat,1,2
berbekas,1,3
kesimpen,1,3
dekati,1,2
yaya,1,2
alhamdulilillah,1,4
kpla,1,2
kwilyhan,1,3
raba,1,2
ones,1,2
berbage,1,2
berteleh2,1,3
kelasan,1,2
ketimpah,1,2
lempuing,1,3
aluang,1,2
sesingkat,1,3
wkaka,1,2
semangat2,1,2
andanya,1,2
setro,1,2
baikbagi,1,2
infasi,1,2
hinggabtgl,1,3
merekomendasikn,1,4
pensortiran,1,4
nyenmembantu,1,4
pegawain,1,2
ttngga,1,3
bingiittzz,1,4
ngehek,1,2
perunbahan,1,3
sabuah,1,2
tergacor,1,3
aneg,1,2
mudahi,1,2
berea,1,2
huodrm,1,4
pamijahan,1,3
dope,1,2
dipostingan,1,2
terukje,1,3
dikehidupan,1,2
kecepatanya,1,2
dapatinnya,1,2
denganplnmobil,1,4
rappa,1,2
kompetitornya,1,2
zett,1,2
ofc,1,2
ktd,1,2
suwir,1,2
baratnya,1,2
simulasipasang,1,2
diitung,1,3
dirmhku,1,3
kedpnnya,1,3
terakhirnyalah,1,2
30h,1,2
smeentara,1,3
ngerinya,1,2
sapoe,1,2
brayan,1,2
seponsor,1,2
dines,1,2
handai,1,2
tolan,1,2
insentive,1,3
manfaatt,1,2
ikut2,1,2
pnyambunga,1,3
serienya,1,2
langsur,1,2
ditton,1,2
berketerangan,1,3
supriyanto,1,2
kuamang,1,3
pndingin,1,3
elktro,1,3
satuhal,1,2
assallammuallaikum,1,5
bajubang,1,2
sorang,1,2
klistrkn,1,3
dkb,1,2
baggus,1,2
bukankaleng,1,3
mqu,1,2
gadiisin,1,3
bertelepon,1,2
dibyar,1,2
kadluarsa,1,3
teletong,1,3
lapanagn,1,3
susuh,1,2
ditambahkab,1,2
menomorsatukan,1,4
uprgrade,1,3
sukimin,1,2
prafi,1,2
kedekat,1,2
pastas,1,2
intrnetnya,1,3
fremanisme,1,4
kadalwarsa,1,2
kituh,1,2
toili,1,2
firee,1,2
rupi,1,2
ahay,1,2
regarding,1,3
adding,1,2
hahahahaahaha,1,2
sukajaya,1,2
satabil,1,2
trslsikn,1,4
slurh,1,3
keganti,1,2
lainkali,1,2
moralnya,1,2
semkn,1,2
emaill,1,2
sebby,1,2
ceepat,1,2
diidupinnya,1,4
dibanting,1,3
tolongperbaikimetersaya,1,6
namasyamaun,1,4
rkening,1,2
produsi,1,2
kremus,1,2
mendudkung,1,4
apapa,1,2
meer,1,2
alhamdhulilah,1,5
menurutsaya,1,2
mangtaffzz,1,4
30mtr,1,3
jalaan,1,2
ambik,1,2
mgisuper,1,3
1hp,1,2
caritanya,1,2
sangatluas,1,2
terdirinya,1,2
telaat,1,2
pertangungjawaban,1,4
lumatan,1,2
sybpke,1,3
dinotifikasinya,1,3
alangsung,1,2
nov22,1,2
berkabel,1,2
kepagi,1,2
deathline,1,2
gbs2,1,3
pulsnya,1,2
asesoris,1,2
kuhapus,1,2
ccnym1,1,4
reka2,1,3
bayarpun,1,2
kebanting,1,3
parapelanggan,1,4
pertngl,1,3
memanfa,1,2
atkan,1,2
tertanya,1,2
iniiah,1,2
featurnya,1,2
gress,1,2
berputar2,1,2
dikonfirm,1,3
nobtoken,1,3
kondumen,1,2
lasso,1,2
lrbi,1,3
pangenan,1,2
kehadalan,1,2
manarik,1,2
nerangi,1,2
mappakoe,1,3
pnybab,1,2
bulananya,1,2
merchandice,1,2
menjalaninya,1,2
digariskan,1,2
80juta,1,2
cendung,1,2
senusantara,1,3
mengbiskan,1,3
trampak,1,3
pemberitahuanx,1,2
warbiyasa,1,4
userselft,1,3
apresian,1,2
konsisi,1,2
bangunjiwo,1,3
oer,1,2
asalahn,1,3
suksees,1,3
membermudah,1,2
1maret,1,3
marketpalace,1,3
telisi,1,2
sebelumbya,1,3
manikandan,1,2
warbyasah,1,3
terbaaiikk,1,3
rajabasa,1,2
terrlalluu,1,4
penyelesaiyan,1,3
bagiartha,1,3
andansari,1,3
kutuh,1,2
kintamani,1,3
kenafa,1,2
mobaoile,1,4
mebuka,1,2
peningkatanya,1,2
walhamdulillah,1,2
jazakallahu,1,3
9mbps,1,3
reached,1,3
ssdah,1,2
bintuni,1,2
semuasemakinmuda,1,5
tertetera,1,3
pwri,1,2
dirimah,1,2
terunyu,1,3
unyu,1,2
buatnpembayaran,1,5
fuadsw,1,2
diakumulasi,1,3
seesai,1,2
jayakan,1,2
dicetakpun,1,2
matipun,1,2
penyampayan,1,3
berujun,1,3
noomor,1,2
cumasaran,1,2
slese2,1,3
komunikasindo,1,3
penukarang,1,3
ecommercenya,1,2
memdudahkan,1,4
iput,1,2
pormohonan,1,3
estes,1,2
fetch,1,3
mengkayakan,1,2
seberida,1,2
diverifikasinya,1,2
srkarang,1,3
terthebestt,1,4
menggukana,1,3
flast,1,2
sihnya,1,2
bisasaya,1,2
ag2ak,1,3
porte,1,2
rukem,1,2
program2nya,1,3
pocernya,1,2
penarkan,1,3
larna,1,2
bgr,1,2
pakning,1,2
arifuddin,1,2
ditanganani,1,2
menggunggah,1,3
parahlah,1,2
surgaku,1,2
informasiya,1,2
diingetin,1,3
ppin,1,2
bertransaks,1,2
mugi2,1,3
membaui,1,2
susamebantu,1,4
abangkhuu,1,3
propertiesnya,1,2
gayang,1,2
malahbalik,1,2
penangananaplikasinya,1,3
diguunakan,1,4
mengkhawatirkn,1,3
diprioritasin,1,4
danpromo,1,2
mamfaatkan,1,3
jarimu,1,2
distiap,1,2
ches,1,2
kadalursa,1,3
tumijaya,1,2
stelahsy,1,3
nyeselpasang,1,2
btull,1,2
berkutnya,1,2
riyawat,1,2
yasudahlah,1,3
dilembaran,1,3
covering,1,2
chaat,1,2
apani,1,2
joyo,1,2
ngepost,1,2
custcare,1,3
penjamperan,1,3
netralnya,1,2
ibadatan,1,2
baisanya,1,3
nyetrum2,1,3
cocoklah,1,2
rahmatullaahi,1,4
barokaatuh,1,3
hardian,1,2
28mei,1,2
21mei,1,2
bapakmu,1,2
zainudin,1,2
tahaun,1,2
bragam,1,2
aseliembantu,1,4
juah2,1,3
ceklekan,1,3
dperhatikan,1,2
crosscek,1,2
kurik,1,2
fositif,1,2
oarah,1,2
kacaunya,1,2
penannganan,1,4
bucin,1,2
bday,1,2
gumilir,1,2
jeder,1,2
kanigaran,1,3
30detik,1,2
menyelesakan,1,3
coeg,1,2
chromeos,1,2
cwok,1,2
rebih,1,2
tiba2x,1,3
dbayarkan,1,3
kelebihanny,1,2
sekarangasoh,1,3
brumbungan,1,3
gending,1,2
trnafer,1,3
iebih,1,2
diberitahuhu,1,2
markert,1,2
hamli,1,2
nisp,1,2
klainya,1,2
sobri,1,2
banna,1,2
perbatesan,1,3
seengga,1,3
fahan,1,2
revaluasian,1,3
dijangkakan,1,3
doag,1,2
triadi,1,2
kampunglama,1,3
syahriah,1,2
badol,1,2
pjtk,1,2
tutukembong,1,4
begus,1,2
extender,1,2
agree,1,2
perbatas,1,2
nahak,1,2
teruntukpln,1,4
persiapakan,1,3
vague,1,2
replex,1,2
grenda,1,3
anjlog,1,2
dilauncing,1,3
menulus,1,2
agritan,1,2
biakan,1,2
gesits,1,2
ruah,1,2
selesnya,1,2
mempertahkan,1,2
serfice,1,3
sloganya,1,2
josee,1,2
tunggin,1,2
90vac,1,3
120vac,1,3
balikinnya,1,2
kerjadian,1,2
listtikmeter,1,3
telpone,1,2
jorojos,1,4
tetapu,1,2
akitif,1,2
seringa,1,2
apaansi,1,2
kelamaa,1,2
keybotnya,1,4
trnsformasi,1,3
porses,1,2
zaki,1,2
sampk,1,2
puruk,1,2
cahu,1,2
disama,1,2
anamah,1,2
penyuling,1,2
sks01,1,2
dicolong,1,2
bosm,1,2
harj,1,2
jobnya,1,2
sedikitt,1,2
kepasan,1,2
uraa,1,2
penyok,1,2
purifikasi,1,2
dkan,1,2
repaponnya,1,4
bagj,1,2
birokratnya,1,2
kridibel,1,3
responsivitasnya,1,4
handoko,1,2
berkahilah,1,2
bjm,1,2
sharus,1,2
ngacoo,1,3
penangung,1,2
terlove,1,2
olyyannya,1,3
mghadapi,1,3
andaangka,1,2
apl9kasinya,1,4
pokoklah,1,2
agik,1,2
2200kwh,1,3
uyu2,1,3
ranubedali,1,4
ranuyoso,1,3
bringinan,1,3
krjaannya,1,3
korespondesi,1,3
trevone,1,3
keperluannya,1,2
rencanya,1,2
pemelihan,1,3
menguba,1,2
samiasih,1,3
pemasangalistrik,1,4
berkualita,1,3
invonya,1,2
tranver,1,2
berusaya,1,3
janteun,1,2
hoyong,1,2
memulas,1,2
7erbaik,1,4
beraifat,1,3
maauk,1,3
plr,1,2
gilimanuk,1,3
chase,1,2
nganguk,1,3
rmhnkita,1,3
genggamn,1,2
gaspoll,1,3
mazzseeh,1,4
mojosongo,1,3
silusi,1,2
capenya,1,2
melilitkan,1,3
mendaftr,1,3
koordinatku,1,2
tercoreng,1,2
tualang,1,2
5tahun,1,2
aplisakinya,1,4
sakiy,1,2
os11,1,2
melambai,1,2
mmbagongkan,1,4
ktax,1,2
kartux,1,2
2sore,1,3
sediihh,1,3
priy,1,2
perkawis,1,2
pob,1,2
cerdasnya,1,2
klaripikasi,1,3
kamrin,1,2
tingkahmu,1,2
juntrungannya,1,4
gimama,1,2
berkopenten,1,3
kkaa,1,2
mengefesien,1,4
awokwok,1,4
kecamatanlawang,1,3
oposional,1,3
merincikan,1,3
mencekam,1,2
sperangkat,1,2
sako,1,2
kupin,1,2
lsis,1,2
tmbhin,1,3
tenggangan,1,2
kebobolan,1,3
tahuninformasi,1,2
dityo,1,2
dibaja,1,2
mendapatan,1,2
sepertia,1,2
psang2,1,3
buet,1,2
keungulannya,1,4
bhaca,1,2
kipasnya,1,2
mobile2,1,2
teriring,1,2
749rb,1,3
selesaikn,1,2
dro,1,2
200rp,1,2
lidya,1,2
30thn,1,2
gandrung,1,2
hubdam,1,2
xvii,1,2
transasaksi,1,4
yp,1,2
ditambahlan,1,2
pedindang,1,3
nri,1,2
disamain,1,3
rempahan,1,2
peyek,1,2
avshhit,1,3
pemberitahuaanya,1,4
sharlok,1,2
mangisi,1,2
sikasih,1,2
gamal,1,2
rahmaningsih,1,2
sumantri,1,2
brojonegoro,1,4
pens,1,2
willayah,1,2
penangananannya,1,2
wilda,1,2
petugasramah,1,3
hitoris,1,2
flas,1,2
bebar2,1,3
beaya,1,2
corporasi,1,2
diswacamp,1,4
dikenakn,1,2
zaelani,1,3
sumardi,1,2
botoreco,1,3
20rp,1,2
40rp,1,2
lamput,1,2
peringatannpulsa,1,4
asla,1,2
mulaikum,1,2
munawar,1,2
arum,1,2
succesfully,1,4
pudur,1,2
terakhi,1,2
negrii,1,2
ssds,1,2
axx,1,2
ssx,1,2
tlsn,1,2
ciater,1,2
pegimana,1,2
89mbps,1,3
thakyou,1,3
bantunnya,1,2
pwrlu,1,3
simlpe,1,3
crud,1,2
tld,1,2
turin,1,2
terkdang,1,2
beginikan,1,2
semampunya,1,3
berbesar,1,2
larangannya,1,2
siplin,1,2
variannya,1,2
kasongan,1,2
diterpa,1,2
dbutuhkan,1,3
p3tug,1,3
snya,1,2
campuri,1,2
memoir,1,2
mempedulikan,1,2
awwam,1,3
tahuannya,1,2
kunduran,1,3
listrikkami,1,2
infrmasi,1,4
maenan,1,2
tbahkan,1,2
kerjainnya,1,2
peembelian,1,3
katogori,1,3
cmna,1,2
arahakan,1,2
00rb,1,2
gakmudeng,1,3
ngepong,1,2
50menit,1,2
cange,1,2
mengayom,1,2
mangngi,1,3
sukaesih,1,3
inshallah,1,3
fadillah,1,2
komunkatif,1,3
pandapotan,1,3
maszehh,1,3
lemoodd,1,3
berjatuhan,1,2
kabel2nya,1,3
rafia,1,2
00sampai,1,2
00blom,1,3
inibisa,1,2
aba2,1,2
penyeselan,1,3
sekayu,1,2
alhhamdulillah,1,2
akhrnya,1,3
diwilayahku,1,2
jingan,1,2
tukarkannya,1,2
ardan,1,2
dyanya,1,2
renspontip,1,4
srver,1,2
ahkhirnya,1,3
3rumah,1,2
3meteran,1,3
mancakup,1,2
busetdah,1,3
gingormsi,1,3
mogae,1,2
lahusa,1,2
dibodohkan,1,2
dijumpain,1,2
ngebleng,1,2
dipasangan,1,2
dgnapd,1,3
iyus,1,2
sipai,1,2
reviewer,1,2
rully,1,2
evinda,1,3
afrijoni,1,3
comservice,1,4
menyelasikan,1,2
auoto,1,2
ancurnya,1,2
pesang,1,2
silahturahmi,1,4
hub123lagi,1,3
kecamatanya,1,2
kartan,1,2
meghadap,1,2
masszeeh,1,3
ujb,1,2
maszlee,1,3
lambar,1,2
jyaa,1,2
bkinin,1,3
syanu,1,2
realokasi,1,2
ronsokan,1,3
attention,1,3
sambungbaru,1,2
ubahdaya,1,2
wonge,1,2
munggah,1,3
meteseh,1,3
64rb,1,2
contohlah,1,2
vivoy19,1,3
nuter2,1,3
defenisi,1,3
downloader,1,2
20km,1,2
daripd,1,2
suksesi,1,2
pengaplikasikannya,1,2
saad,1,2
muaantul,1,3
nyamann,1,2
mengunakann,1,2
bongak,1,2
gelumbang,1,2
keduman,1,2
mkh,1,2
baruy,1,2
silo,1,2
nyalo,1,2
hoaxs,1,2
kijing,1,2
sbgmna,1,3
manatau,1,3
sglnya,1,3
gratification,1,3
kema,1,2
ekonomisnya,1,2
lebihmaju,1,3
mashaallah,1,4
25feb,1,3
soslusi,1,3
pasirlangu,1,3
dulamayo,1,3
konpensasinya,1,4
pengerjan,1,2
sherlock,1,2
banter,1,2
menjancokkan,1,3
telepas,1,2
renta,1,2
parem,1,2
lembga,1,2
mble,1,2
pantut,1,2
ancungi,1,2
megandung,1,3
pkrjaannya,1,4
suripto,1,3
kedonganan,1,3
salehoo,1,2
ngeregistrasi,1,4
mmeperhatikan,1,3
kesesuaiaan,1,3
wonokromo,1,3
disurabaya,1,2
rarudet,1,3
murube,1,3
syumuuk,1,3
mnggunkan,1,3
memban5u,1,3
yandong,1,2
diaspirasikan,1,3
s3mua,1,4
tambhakan,1,3
xxl,1,2
cs2na,1,3
sb4q,1,3
ceritamu,1,2
terelalisasi,1,2
hotmat,1,2
trtangangani,1,4
zagzeg,1,4
wiyung,1,2
nofita,1,3
dimadura,1,3
direkayasa,1,2
bisuak,1,2
petgasya,1,3
disetarakan,1,2
zn,1,2
ayip,1,2
bobotsari,1,2
pasangtrmpat,1,4
panjng,1,2
1tahunan,1,3
mariawati,1,2
ditlpon,1,3
soulmate,1,3
xnqaty,1,4
diintergrasikan,1,3
membuthkan,1,3
berkirim,1,2
trpat,1,2
senangku,1,2
banggaku,1,2
diteruskn,1,3
rangkasbitung,1,3
terealisir,1,2
mencri,1,2
bhabinkamtibmas,1,5
lutju,1,2
trbkti,1,3
mmiie7,1,4
plnmobille,1,3
konsument,1,2
miraj,1,2
topu,1,2
rudhi,1,2
sumarorong,1,3
bpln,1,2
nlf,1,3
tombil,1,2
tanjungpandan,1,3
haekesak,1,3
djami,1,2
tebat,1,2
urusanndi,1,3
menjlskan,1,3
selsekan,1,3
sigal,1,2
diitangani,1,3
beratus,1,2
sangadt,1,3
ijabah,1,2
gimanasi,1,2
ssemoga,1,2
brtugas,1,2
sumtra,1,2
integratif,1,2
negerii,1,2
badanya,1,2
dikirimkam,1,2
biae,1,2
guriih,1,3
dja,1,2
tergganggu,1,4
keguna,1,2
hilubungi,1,2
mudah3an,1,3
caranyah,1,2
mantepdeh,1,3
jemen,1,2
melali,1,2
sangut,1,2
till,1,2
mnrut,1,2
2juta100,1,3
mixte,1,2
nyahh,1,2
ahsanal,1,3
selaran,1,2
kaumgen,1,2
tugasanya,1,2
booing,1,3
kemuadian,1,3
hatga,1,2
becusan,1,2
5starnya,1,3
catleya,1,3
penelusran,1,2
calonnya,1,2
trimakaasih,1,3
maryana,1,2
allhamdulliah,1,4
oooh,1,2
twa,1,2
allowed,1,3
dengancepat,1,2
mantaaftt,1,3
benyamin,1,2
pandango,1,2
bantan,1,2
seharian2an,1,3
semalam2an,1,3
bingungkan,1,2
lolosin,1,2
ksb,1,2
dispen,1,2
terselaesaikan,1,4
keerom,1,3
keceoatan,1,3
bayk,1,2
bluto,1,2
peroduktif,1,3
mulur,1,2
disaldo,1,3
matiss,1,2
orannya,1,2
kepanasen,1,3
semuanyalah,1,2
meninjaklanjuti,1,4
berpatipasi,1,3
10atau,1,2
sekendaknya,1,3
umt,1,2
ditambaj,1,3
tukndpatkan,1,4
kabupate,1,3
marahh,1,2
trdpt,1,3
ditelpon2,1,3
degna,1,2
rukmamantap,1,4
dapatmemudahkan,1,3
kelugan,1,3
denganpetugas,1,4
fahlevi,1,3
syarifuddin,1,2
aajaa,1,3
seepp,1,2
ikalnnya,1,3
menyari,1,2
riwaya,1,3
maksunya,1,2
mangalami,1,3
menatu,1,2
slmet,1,2
kawanya,1,2
dimengwrri,1,4
nyambar,1,3
diantarkan,1,2
akson,1,2
vro3,1,3
karaya,1,2
noerdin,1,3
pandji,1,2
tpu,1,2
disehatkan,1,2
diluaskan,1,2
kelehulan,1,3
imron,1,2
palung,1,2
ngetahui,1,3
aqun,1,2
mikta,1,2
aktivate,1,2
tunda2,1,2
makmun,1,2
guntoro,1,2
anggraini,1,3
ucapakn,1,2
penylesaian,1,3
lemat,1,2
nebeng,1,2
suaif,1,2
syafuan,1,3
terdownload,1,2
layayanan,1,2
220vac,1,3
aspik,1,2
yangt,1,2
bertimah,1,2
subcon,1,2
masyarakata,1,2
tritama,1,2
romadon,1,2
mengataka,1,3
dialiri,1,2
reffral,1,3
nganten,1,2
angara,1,2
token2,1,2
trimsk,1,2
prin,1,2
sampau,1,2
boster,1,2
wantok,1,2
mendonlot,1,3
agarplangan,1,3
ktrpln,1,3
partnershipln,1,3
mksnpln,1,4
15mnit,1,3
sanyan,1,2
lutfa7,1,3
mengecek2,1,2
zwgpfl,1,4
keprinter,1,3
dahkan,1,2
semingguskali,1,3
kehidupanku,1,2
menguduh,1,2
terhidar,1,3
maratua,1,2
jnt,1,2
jhon,1,2
susis,1,2
memanage,1,2
duitpun,1,2
jakenan,1,2
bernaung,1,2
prby,1,2
brkmbng,1,4
kalangat,1,3
iniuntuk,1,2
kandi,1,2
matix,1,2
kmis,1,2
sembentar,1,2
dipaksain,1,2
mngambil,1,2
wanokaka,1,3
skrn,1,2
oocch,1,3
wiralaga,1,3
tidaklama,1,3
teriakkadsi,1,3
teah,1,2
masalahnyapun,1,2
rowosari,1,2
hss,1,2
pengaturan2n,1,3
tukpara,1,2
ncbuy,1,3
pulsany,1,2
ongkosnya,1,2
sehrsnya,1,3
kompling,1,2
brkandala,1,3
mubeng,1,2
ubaid,1,3
bagsus,1,2
trpecah,1,2
cukupbantu,1,3
lonsumen,1,3
fiik,1,2
banjarmasim,1,3
maudi,1,2
310rb,1,2
710rb,1,2
hfmslx,1,4
rumpin,1,2
cimohong,1,2
tndk,1,2
squad,1,2
alkazi,1,3
stabiliser,1,2
opr,1,2
gagdet,1,3
tol9ng,1,3
kebupaten,1,2
lengakap,1,3
sellow,1,2
urussan,1,2
nensi,1,2
remondasi,1,3
kaperyogian,1,4
ngisikan,1,2
lkami,1,2
membabu,1,2
dlanjutkan,1,2
dga,1,2
informatip,1,3
banji,1,2
tindakn,1,2
pemonopoli,1,4
balikbak,1,2
ksealahan,1,3
ktis,1,2
baan,1,2
oeekam,1,3
padliansyah,1,3
nntn,1,2
meubel,1,3
lagiperiksa,1,4
cocoknya,1,2
mensos,1,2
sialisasikan,1,2
danmerygikan,1,4
hoaax,1,3
kmen,1,2
rahmadsyah,1,3
bikinkesel,1,3
easiest,1,3
paragajen,1,3
cibeureum,1,3
alhamdulilh,1,2
capex,1,2
mencurangi,1,2
ketanggapannya,1,3
kurangya,1,2
callcentre,1,3
mendigan,1,2
pengunguman,1,3
rubuhin,1,3
trend2,1,2
ttau,1,2
kuaktifkan,1,4
rumitt,1,2
brbicara,1,3
15ribu,1,2
kolsenter,1,3
dikedepannya,1,4
cilawu,1,3
galgal,1,2
scrool,1,2
renungi,1,2
ternilai,1,2
sebobrok,1,3
unnamed,1,3
pinangan,1,2
tajir,1,2
disinkronisasikan,1,4
editedke,1,3
bersakutan,1,3
krukut,1,3
cepat2nya,1,3
khoyr,1,2
loketa,1,2
tinkat,1,2
desian,1,2
abot,1,2
ketertinggalannya,1,3
emaskan,1,2
jawakan,1,2
dinusantara,1,3
sertah,1,2
leburkan,1,2
mokad,1,2
compo,1,2
hanua,1,2
complain2,1,3
beko,1,2
dikerumuni,1,3
infprmasi,1,4
rasakn,1,2
menlpon,1,3
sanksinya,1,2
meyukai,1,2
respona,1,2
ngesupport,1,2
permslhn,1,3
muni,1,2
tatitutatut,1,4
ledalede,1,3
luambat,1,2
lifehack,1,3
teknsi,1,2
hyg,1,2
acountnya,1,3
meengetahui,1,4
belitang,1,2
profrsional,1,3
akaln,1,2
tedonlod,1,4
mncegah,1,2
tuntunannya,1,2
kendalax,1,2
didonlot,1,3
barukah,1,2
gagap,1,2
dit4,1,2
puasa2,1,2
mbaca,1,2
occhh,1,2
seruh,1,2
nebangin,1,2
mutakhirkan,1,2
fapi,1,2
5klo,1,2
aamiinyaarobbalallamiin,1,7
sistemsibuk,1,3
fulus,1,2
around,1,2
bondo,1,2
laporanku,1,2
kebanyakkan,1,3
linkapa,1,2
angger,1,2
tenanan,1,2
panjnag,1,2
murha,1,2
pekengkap,1,2
singkir,1,2
lapakan,1,2
gintung,1,3
ambono,1,2
mbelin,1,2
berlulang,1,2
sopaan,1,2
kenyalu,1,2
jango,1,2
janapria,1,3
tinyurl,1,4
udari,1,2
kock,1,2
garten,1,2
sevagai,1,2
lpolrr,1,3
kurg3,1,3
abreg,1,2
sayalebih,1,2
600rbuan,1,3
sofan,1,2
dimeternya,1,3
mas2nya,1,3
datenya,1,2
menangaini,1,2
ocehin,1,2
byiiaarr,1,4
12an,1,2
srkg,1,2
pulsapun,1,2
diberbaiki,1,2
03wib,1,3
penganti,1,2
kerabang,1,2
10menitan,1,3
kritikannya,1,2
kitika,1,2
300rbu,1,3
ahdan,1,2
appriciate,1,3
plnobie,1,3
sangtat,1,2
200kwh,1,3
petunnjuk,1,3
narif,1,2
kliru,1,2
belisa,1,2
ditempak,1,2
konsumen2,1,2
tibah,1,2
plngobile,1,4
mmbalas,1,2
terentang,1,3
seja,1,2
pertingkatkan,1,4
omonganya,1,2
ngrendahin,1,4
cepatan,1,2
penggunakannya,1,2
mempernyaman,1,3
mursyid,1,3
10wib,1,3
bnxk,1,3
oel,1,2
selesaiakan,1,2
azwana,1,2
mriyan,1,3
kretek,1,2
seblum2nya,1,4
nunggak2,1,4
penananganannya,1,4
khari,1,2
akakan,1,2
sukadiri,1,2
kulonuwon,1,3
walinagari,1,3
capta,1,2
berteletele,1,3
listyanti,1,2
otw2,1,3
peragaan,1,2
ivon,1,2
mokok,1,2
keyboarnya,1,3
kefua,1,2
dank,1,2
mengkonfirmasikan,1,2
lamou,1,2
laparpun,1,2
bguz,1,2
menggunkn,1,2
kruskn,1,3
verivikaisiya,1,5
aduuhh,1,2
mebbdr,1,3
1mb,1,2
diselidik,1,2
pemeriksaannya,1,2
filtering,1,2
pangalengan51,1,4
sayange,1,2
semidang,1,2
paedah,1,2
samuri,1,2
tulisanperiksa,1,4
lebarkan,1,2
menggratiskannya,1,3
kedownload,1,2
jabarin,1,2
kegigihan,1,3
10mb,1,2
ditentuin,1,3
memperjual,1,2
bersubisidi,1,4
lagilah,1,2
aplikasinmudah,1,3
indodana,1,3
ketiika,1,2
munggu,1,2
ntek,1,2
purut,1,2
lumbang,1,2
kepp,1,2
familia,1,2
lambanapu,1,2
harusembuang,1,3
pegawi,1,2
trsb,1,2
sdhcukup,1,2
mempuyai,1,3
sebg,1,2
pelvic,1,3
naikn,1,2
bolrase,1,2
named,1,2
galar,1,2
takeout,1,2
wasyukurillah,1,4
biarlebih,1,2
kinrja,1,3
atsi,1,2
nyerang,1,2
penanaganan,1,3
amoacd,1,3
sumtim,1,2
percayaan,1,2
loskan,1,2
batujamus,1,3
balaidesa,1,3
kuto,1,2
terkaait,1,3
serempak,1,2
programernya,1,2
demeter,1,2
memudahknpelanggan,1,6
penymbang,1,3
kramanya,1,2
registered,1,2
berariasi,1,2
seai,1,2
seluluruh,1,3
srus,1,2
menyanyampaikan,1,4
kvar,1,2
befungsi,1,2
gajiny,1,2
sebenarya,1,2
pengasihannya,1,2
publikkan,1,2
sehinggo,1,2
hasilnyo,1,3
klarivikasi,1,5
sbuah,1,2
haseehh,1,3
proritas,1,3
opone,1,2
recover,1,2
mnjangkau,1,3
sidokerto,1,3
kalibalangan,1,2
kegian,1,2
telahmembantusaya,1,4
normalisasi,1,2
diciba,1,2
panjaitan,1,2
hanaya,1,2
semuaenjadi,1,3
profesionalan,1,2
pndapat,1,2
ditongkatkan,1,3
nays,1,2
sendangmulyo,1,3
dikediri,1,3
pemasalah,1,2
megabus,1,2
64gb,1,2
abangkuuhh,1,3
bebelan,1,2
boda,1,2
beserak,1,3
sengsaranya,1,2
petugaslah,1,2
memasangkan,1,2
masib,1,2
5ribuan,1,3
icconent,1,3
persons,1,2
steng,1,2
taspen,1,2
menyeleseikan,1,3
ofiice,1,3
balata,1,2
ngapus,1,2
pemberintahuan,1,3
suds,1,2
pegawaai,1,3
lagaknya,1,3
laporankeluhan,1,3
padamkam,1,2
babyblues,1,4
chetting,1,3
sigaluh,1,3
prapat,1,2
jugaenanyakan,1,3
dipajak,1,2
pengnalan,1,3
bergu,1,2
kemungkinan2,1,2
males2an,1,3
paringi,1,3
ples,1,2
doly,1,2
shedule,1,3
ketidakstabilan,1,2
akun3,1,2
sumberharjo,1,2
pakontaki,1,3
teraebut,1,3
silahkah,1,2
diunekno,1,4
ssk,1,2
ralah,1,2
ungah,1,2
rejoso,1,2
plesure,1,3
kecekatannya,1,3
sbssidi,1,3
karren,1,2
selo,1,2
wkwwk,1,3
seren,1,2
sanagtbmudah,1,4
suprianto,1,2
exampel,1,3
takokak,1,3
mentediakan,1,2
respi,1,2
nagreg,1,2
gampar,1,2
cuga,1,2
blakangan,1,3
bergandengan,1,3
memandukan,1,2
bersua,1,2
monon,1,2
dipercayalah,1,2
memangang,1,2
tnbh,1,2
andalkn,1,2
kebar,1,2
nungu2,1,3
begita,1,2
ratau,1,2
pleasee,1,2
joman,1,2
mlhat,1,2
samle,1,2
terlalui,1,2
klasifikasinya,1,2
mengaupdate,1,3
dilatasi,1,2
mevertivikasi,1,4
pebuatan,1,3
dmaksud,1,2
pegae,1,2
pateninterus,1,3
labangka,1,3
kewaktu,1,3
puisa,1,2
segaka,1,2
splikaxih,1,4
mengangkangi,1,4
pelaporanpun,1,2
upin2,1,3
ipin,1,2
trannsaksi,1,3
mengacau,1,2
parabotan,1,3
sebelah2,1,2
memutasi,1,2
diduplikat,1,4
cobek,1,2
masalai,1,2
klipang,1,2
mengethui,1,3
mobilyang,1,2
terttulis,1,2
mangpaatnya,1,3
sangatjauh,1,2
gangsing,1,2
bynak,1,2
panangan,1,2
kurangajar,1,2
tydack,1,3
ddipengaduan,1,4
penggantiaan,1,2
manajement,1,2
limpahan,1,2
selelsai,1,3
whahaha,1,2
satuu,1,2
ggogle,1,2
sebelelah,1,2
akali,1,2
mret22,1,3
kawannya,1,2
menelponi,1,2
500watt,1,3
2pcs,1,2
kaih,1,2
pencairannya,1,2
gemis2,1,3
brataksi,1,3
mlsh,1,2
trtntu,1,3
ulillah,1,2
terus2n,1,3
mataf,1,2
serper,1,2
cheklist,1,3
ciapus,1,2
terhap,1,2
ditest,1,2
mengimpormasikan,1,3
iconx,1,2
buxx,1,2
sbgnya,1,2
m20,1,2
mashaaallah,1,4
berbatu,1,2
salutlah,1,2
30mnit,1,3
giving,1,2
tokennlistrik,1,4
mantapjika,1,2
dijungjung,1,3
banyak100x,1,3
melimpahkan,1,2
nelpun,1,2
lpngan,1,2
biarkn,1,2
mencet2,1,3
darderdor,1,4
pautnya,1,2
jrang2,1,3
finalnya,1,2
nuranimu,1,2
mnkin,1,2
laporkangangguan,1,4
dikasihkan,1,2
r1900,1,3
pnglaman,1,3
container,1,2
45mnit,1,3
brikutny,1,4
400kwh,1,3
lakok,1,2
terbantudengan,1,2
usulin,1,2
10rbu,1,3
spacingnya,1,3
folowup,1,3
tidakkan,1,2
sikapi,1,2
zdhqxk,1,5
manut2,1,3
dipasulik,1,2
asafainah,1,3
twet,1,2
rumadaul,1,3
bruno,1,2
mnimbulkn,1,4
berwewenang,1,4
2s,1,2
berlama2,1,3
sameday,1,3
77rb,1,2
kmii,1,2
followup2,1,3
bug2an,1,3
ngegame,1,2
penugasanya,1,2
900rbu,1,3
buan,1,2
kampanyekan,1,2
korelasinya,1,2
beratin,1,2
kompetensinya,1,2
hark,1,2
dtik,1,2
supiandi,1,3
ygtidak,1,2
pndk,1,2
judge,1,2
disakral,1,3
miyer2,1,3
ydk,1,2
yglalu,1,2
tibba2,1,3
alu,1,2
mudek,1,2
teupin,1,3
rusep,1,2
kauman,1,2
rudianto,1,2
hadiansyah,1,2
sybsdh,1,3
diketerangannya,1,3
tridatu,1,3
tergajelas,1,3
semalu,1,2
incon,1,2
terimakasik,1,3
siswoyo,1,2
alfamrt,1,2
acessed,1,3
hehehhee,1,3
asda,1,2
pegawenya,1,2
inponya,1,3
sebagaipengguna,1,3
sayaketika,1,2
ditujuh,1,2
hellow,1,2
pengganan,1,2
sp5,1,2
palembaja,1,3
bind,1,2
wedhus,1,3
datangpun,1,2
kuningan03,1,2
lanjutakn,1,2
kenjungan,1,3
karenabiasanya,1,2
yangmenjaga,1,3
hoby,1,2
ceuk,1,2
acam,1,2
tinimbang,1,2
brou,1,2
p3mbelian,1,4
yhaa,1,2
htung2an,1,4
semoda,1,2
beuh,1,2
percma,1,2
nyatax,1,2
kumau,1,2
dodi,1,2
huraa,1,2
bintangku,1,2
plngann,1,3
blora573,1,3
seenakx,1,3
beneerr,1,3
bertan,1,2
dowenload,1,3
tekam,1,2
ningali,1,2
achirnya,1,3
listrikbatas,1,2
dayabiaya,1,2
tertotal,1,2
nyumbang,1,2
opname,1,2
udam,1,2
jadi2,1,2
selaulu,1,2
manhubugi,1,4
mudahenggunakan,1,4
kejambon,1,2
kewilayah,1,2
sevis,1,2
pungusaha,1,2
ngelolanya,1,2
diperubahan,1,2
nhrselin,1,3
diliatin,1,2
sekaliyan,1,2
suryanto,1,3
didari,1,2
pujut,1,2
siko,1,2
checklistnya,1,2
sampai2x,1,3
mempoto,1,2
lajim,1,2
crny,1,2
1r,1,2
2r,1,2
systm,1,2
bikinnlaporan,1,3
kalangann,1,2
phoknyaa,1,3
kerasmu,1,2
plyannanyaa,1,4
purworjo,1,3
bonang,1,2
kf,1,2
1kabupaten,1,3
1mobil,1,2
kasiraplikasi,1,2
tigabinanga,1,3
bisan4,1,3
bodohh,1,2
jajarantingkat,1,3
diumah,1,2
leweng,1,2
tmbhdaya,1,3
sibuk2,1,2
krakasan,1,3
responsib,1,2
jebluk,1,2
membantuatas,1,2
kepi,1,2
penuhkan,1,2
raono,1,2
gunane,1,2
kirdisasi,1,3
pagutan,1,2
v028,1,3
menghendakinya,1,2
dipenuhin,1,2
hdp,1,2
tr2,1,2
expektasi,1,3
rupiahh,1,2
jeprett,1,3
statistic,1,2
prgantian,1,2
dpermudah,1,3
npo,1,2
mmproses,1,2
srtoomnet,1,4
450a,1,2
kompain,1,2
dampakny,1,2
listrikpaska,1,3
berhubunga,1,2
perbaikanlah,1,2
kedungwuluh,1,4
pendusta,1,2
hizam,1,2
zami,1,2
kipet,1,2
greek,1,2
niku,1,2
00va,1,2
550m,1,2
9m200,1,3
caraasukin,1,3
idpln,1,3
s1teknik,1,3
220va,1,2
ditelponalasan,1,3
trsu,1,2
ngucap,1,2
kadur,1,2
suatu2,1,2
tusbung,1,2
komunal,1,2
tolonf,1,2
pngembang,1,2
sinkronisasinya,1,2
viewer,1,2
4dl,1,2
penambahn,1,2
ude,1,2
inputkan,1,2
nyengsarain,1,4
peres,1,2
vcs,1,2
menyusah,1,2
loginnlahi,1,4
masukinnuser,1,3
benahinlahj,1,5
kalimanah,1,2
sudahdi,1,2
nayatakan,1,2
bgtupun,1,2
tima,1,2
kekeliruannya,1,2
wzz,1,2
nenepi,1,2
dtarik,1,2
knaikan,1,2
digtal,1,2
cepatterimakasih,1,2
jangkaan,1,2
qurma,1,2
isenk,1,2
waloupun,1,3
sngat3,1,3
terdafar,1,3
baah,1,2
pembayaraannya,1,3
rejeck,1,2
gangguangangguan,1,4
memcepat,1,2
penjualny,1,2
olsmoga,1,3
larii,1,2
kapa,1,2
dturunkan,1,3
tmpku,1,2
terditek,1,2
subhannallah,1,4
megucapkan,1,2
kamisemuanya,1,3
profitt,1,2
konsulatasi,1,2
menciptkn,1,3
makasihya,1,2
rangit,1,2
semuamenhadi,1,4
folback,1,2
bangkes,1,2
trsisa,1,2
hrapan,1,2
sihal,1,2
nyetel,1,2
sesunguhnya,1,3
milda,1,2
dibentak,1,2
masyasarakat,1,3
1jaman,1,3
penelepon,1,2
pemberitahaun,1,3
250an,1,2
terusdi,1,2
mengece,1,2
wakan,1,2
somogede,1,3
pituruh,1,2
thxz,1,2
thumbnail,1,4
stromer,1,2
nyempatkan,1,2
sidamulya,1,4
pamarican,1,3
oukeh,1,2
jadiny,1,2
watusalam,1,2
sbnarnya,1,3
tiganya,1,2
kekurangn,1,3
ditmpilkan,1,3
krkurnag,1,3
lbr,1,2
mengathui,1,3
lembarpun,1,2
alatrusak,1,3
infoya,1,2
randublatung,1,4
senyum2,1,2
malam22,1,2
sisatoken,1,3
aghh,1,2
mpos,1,2
matot,1,2
banyarnya,1,2
dungs,1,2
nglewer,1,3
kutambah,1,3
telepun,1,3
situmulus,1,3
ketinggal,1,2
transfer2,1,2
menggunaknya,1,2
ngapak,1,2
unya,1,2
kotaan,1,2
bisakan,1,2
maizena,1,3
tnggu2,1,3
pilaa,1,2
downlodnya,1,4
b1ke,1,3
laangan,1,2
coperative,1,3
spanduk2,1,2
lolanya,1,2
keselurahan,1,2
servicio,1,2
licklider,1,3
leonard,1,2
kleinrock,1,4
baran,1,2
wardhana,1,2
onk,1,2
boyho,1,2
roberts,1,2
cerf,1,2
kahn,1,2
kao,1,2
penemuannya,1,2
thales,1,2
gracias,1,3
mejor,1,2
yahuut,1,3
noc,1,2
menggunung,1,2
dipikiran,1,2
apakaah,1,3
olaj,1,2
jebat,1,2
lawrence,1,3
sengguruh,1,2
penyanggah,1,2
demuk,1,2
pucanglaban,1,4
joba,1,2
voo3,1,3
dawnload,1,3
stumulus,1,3
5in,1,2
vaucher,1,3
berrapa,1,3
kputusan,1,2
jarangan,1,2
nko,1,2
magik,1,2
amok,1,2
berape,1,2
agek,1,2
memet,1,2
42jam,1,2
buyasuri,1,3
erorv092,1,4
bilahhilir,1,3
maping,1,2
pesangon,1,2
kasrun,1,2
padamana,1,2
knlh,1,2
ngeklaimnya,1,4
menyeleaikan,1,3
peneranganjaya,1,2
dibutuhken,1,3
plsanya,1,2
namti,1,2
ngimpi,1,2
biarantab,1,3
lamjut,1,3
dimake,1,2
bingung2,1,2
kabawetan,1,3
rempoa,1,3
03layanan,1,2
stopkontaknya,1,3
longok,1,2
lancaarr,1,3
terpelosok,1,4
playe,1,2
fasiliras,1,3
mengaggap,1,2
mnjegkelkan,1,5
adminfeenya,1,3
banaran,1,2
banyuputih,1,2
bintama,1,2
bebasin,1,2
pnjelsan,1,4
sihbini,1,3
ngantrinya,1,3
passoword,1,3
megulangi,1,2
31u5eno,1,4
mohong,1,2
prkataan,1,3
menyinggug,1,4
abada,1,2
alazim,1,2
nompang,1,2
diprinter,1,2
corporative,1,2
asril,1,2
given,1,2
3tahun,1,2
memperlancarkan,1,2
taranya,1,2
ditanggi,1,2
pannel,1,2
untukmasa,1,2
dumogi,1,2
laagh,1,2
connectivity,1,3
oada,1,2
keteranganny,1,2
mengantimeteran,1,3
reflek,1,2
tepet,1,2
emeng,1,2
penyamapian,1,3
parakan,1,2
seset,1,2
divise,1,2
tercantol,1,3
tergletak,1,3
meintas,1,3
memypaikan,1,3
ngejendol,1,3
oakan,1,2
habs,1,2
maanttaapp,1,4
citawa,1,2
nech,1,2
updrade,1,3
puputan,1,2
bayakan,1,2
umpama,1,2
pasongsongan,1,3
sarangnya,1,2
mapia,1,2
bloksongo,1,3
kotapinang,1,2
kasulitan,1,3
dkembangkan,1,2
terkdg,1,3
kruskan,1,3
kalibening,1,2
chekout,1,3
tempere,1,2
bannga,1,2
selesaipun,1,2
andung,1,2
lebeng,1,2
meraihkan,1,2
ngulangi,1,2
amplas,1,2
maasalah,1,3
memubmdahkan,1,4
ditulisnya,1,2
keudeh,1,3
meneror,1,2
mendigitalisasi,1,3
konsomen,1,2
ajung,1,2
mendedikasikan,1,2
besama,1,2
maket,1,2
kedeannya,1,3
ikutlah,1,2
ajeg,1,2
2021masih,1,3
diperpergunakan,1,4
bersa,1,2
metide,1,2
mengklaem,1,3
memgalami,1,3
apli6,1,3
dasbordnya,1,4
fiktik,1,2
pedekik,1,3
elektrikable,1,2
hahahhahaha,1,3
suvey,1,2
madam,1,2
setate,1,2
instruction,1,2
apaa2,1,3
gmanaa,1,2
aplikase,1,2
permohonnan,1,3
sistemny,1,2
dimusin,1,2
mberesin,1,3
trbarunya,1,3
loyalty,1,2
dikontrakan,1,3
terpinggirkan,1,4
beessaarr,1,4
emejing,1,3
kabarkan,1,2
sidikit,1,2
mendaftarka,1,2
mudahanya,1,2
awlnya,1,3
dowlndn,1,3
hexing,1,2
efisiennya,1,2
fiberoptic,1,3
masukke,1,2
whatever,1,2
cokok,1,2
dinotis,1,2
90menit,1,2
djaga,1,2
disinipun,1,2
beratkan,1,2
pengaitnya,1,3
melunasinya,1,2
persikasi,1,2
bukariwayat,1,3
tetdapat,1,2
dnk,1,2
polosok,1,2
terpncil,1,3
nyri,1,2
bagah,1,2
lamporan,1,2
dikampung2,1,4
adjustable,1,3
pendapatanya,1,2
memberikam,1,2
pspb,1,2
nontifikasi,1,2
nggenah,1,2
cekak,1,2
penangananyapun,1,3
berprilaku,1,2
misscall,1,3
senggaknya,1,2
memback,1,2
berjalang,1,2
adelliana,1,3
dirugi,1,3
evakuasinya,1,2
kerungan,1,2
tomo,1,2
sisumut,1,3
kotdinsxi,1,4
ngirimi,1,3
memikiki,1,3
ssperti,1,2
buly,1,2
alrm,1,3
prognosa,1,3
teruatama,1,3
pengupdatean,1,4
ditubuh,1,2
sehinggal,1,2
menerangai,1,3
stoomnet,1,3
kayknya,1,3
hehee,1,2
juka,1,2
kasikan,1,2
indonsia,1,3
slisih,1,2
tegangn,1,2
sekitarku,1,2
450wtt,1,3
mitode,1,2
mmakai,1,2
sjauh,1,2
nyalimu,1,2
blsn,1,2
detain,1,2
tangs,1,2
melintir,1,2
buncis,1,2
pleki,1,2
pliny,1,2
udaha,1,2
hanan,1,2
klobsdh,1,3
kelaur,1,2
copid19,1,3
pahadal,1,2
bakl,1,2
litu,1,2
bapaku,1,2
seagai,1,2
bosgul,1,3
nasukan,1,2
exciting,1,2
y91,1,2
ngtik2,1,3
tiggi2,1,4
mmbritahukan,1,3
memakek,1,2
mudahnmm,1,3
pml,1,2
terheded,1,3
rewerd,1,2
brs,1,2
parubahan,1,2
sebesar2,1,2
gakperlu,1,3
diperpjng,1,3
menggunanak,1,2
gadog,1,2
plabuhan,1,2
trobosan2,1,4
jadiya,1,2
cantum,1,2
dekatkan,1,2
lpornny,1,3
rasikin,1,2
devisi,1,2
belumnyala,1,3
kostnya,1,2
ikan2,1,2
kkeerreenn,1,4
wattsap,1,3
bejerja,1,3
alakah,1,2
gugle,1,2
subsudi,1,2
bermaamfaat,1,4
alansannya,1,3
hjn,1,2
clem,1,2
mesenger,1,2
pksr,1,2
daimon,1,2
hambar,1,2
pendeteksi,1,2
penomoran,1,3
kewell,1,2
selama2nya,1,3
ngebohongin,1,3
bnyakbkesulitan,1,5
bngsa,1,2
mngurangi,1,3
ponya,1,2
memperifikasi,1,2
ganyaut2,1,4
paakai,1,2
berasil,1,2
mesanger,1,2
beinovasi,1,3
kru2,1,2
personil2,1,2
limpahkan,1,3
sejiwa,1,2
ditercipta,1,4
persalahan,1,2
jikasewaktu2,1,4
mengeryi,1,2
kironyo,1,3
jenis2,1,2
resni,1,2
merekap,1,2
lakuka,1,2
mnggunakn,1,3
spekta,1,2
commrs,1,2
mengetatahui,1,4
sering2nya,1,3
programnnya,1,2
mananananana,1,4
mereport,1,2
fotopun,1,2
debaynya,1,3
oarang,1,2
trandisi,1,3
datengya,1,2
tbg,1,2
dipertahannkan,1,4
banggeett,1,3
terbaikn,1,2
bhagat,1,2
ancuurr,1,3
dirilisnya,1,2
komonikasi,1,3
kbrnya,1,3
hepy,1,2
memyediakan,1,4
pemaiakan,1,3
wajid,1,2
urusun,1,2
cipopokol,1,3
meningka,1,2
mrlspor,1,3
divirtualacount,1,5
yyy,1,2
loseconeck,1,3
nenggunakan,1,2
smi,1,2
danbtemukan,1,3
dingding,1,2
unia,1,2
tarum,1,2
mula2,1,2
perdaerah,1,2
memupus,1,3
dato,1,2
idiple,1,2
kaman,1,2
sinari,1,2
mnentu,1,2
carane,1,2
alamsah,1,2
lapangannnya,1,2
membbantu,1,3
planners,1,2
pencatatn,1,3
binding,1,2
kwitasi,1,2
sinergritas,1,3
sribawono,1,3
diperharui,1,3
apeka,1,2
rmah2,1,3
kamim,1,2
barubisa,1,2
100volt,1,3
penganggulangan,1,2
riwa,1,2
terbaiikkss,1,4
dmarketpleacenya,1,5
intsal,1,2
montong,1,2
sosoan,1,2
jaa,1,2
ngantuk2,1,2
habisa,1,2
dihirau,1,3
wss,1,2
leda,1,2
lede,1,2
sami,1,2
mawon,1,2
mengiklaskan,1,3
berkembamg,1,3
totalin,1,2
sella,1,2
perbannya,1,2
ngenteni,1,3
riwi,1,2
nyale,1,2
coa,1,2
malesan,1,2
ayi,1,2
pereng,1,2
cikawao,1,3
adminitrasinya,1,3
eksekusisinya,1,2
musirin,1,2
adatulisan,1,3
jatuk,1,2
ngaler,1,2
ngijinin,1,3
binyang,1,2
kansaya,1,2
membilangnya,1,3
nambahi,1,2
mmuachh,1,4
wijianto,1,2
faiz,1,2
pkokny,1,3
slet,1,2
godluck,1,3
spaya,1,2
ngeganggu,1,4
setju,1,2
pengaduanbtentang,1,3
sdh2x,1,3
dihungkan,1,2
2karna,1,3
betuli,1,2
komplang,1,2
pitam,1,2
menuhin2,1,3
teraweh,1,3
tadarus,1,2
intertet,1,3
gimananya,1,2
diraportnya,1,4
7bulan,1,2
denok,1,2
lcb,1,2
klampok,1,3
gntiin,1,3
sudar,1,2
tersolusi,1,2
ok1ey,1,3
bahanya,1,2
keperayaan,1,2
yayah,1,2
klar,1,2
mslahny,1,3
llistiterima,1,3
seletah,1,2
mahrib,1,2
dds,1,2
situnggaling,1,4
timut,1,2
mmmuuaannttaapp,1,6
moohon,1,2
jatijajar,1,3
sukarna,1,2
stn,1,2
terpsg,1,2
trpg,1,2
bintangi,1,2
tetsp,1,2
terpangkas,1,2
birman,1,2
connek,1,2
colokin,1,2
angell,1,2
gakjelas,1,2
kongkon,1,2
gayam,1,2
direcord,1,3
ketata,1,2
keperdulian,1,3
ditunggui,1,2
ahahaha,1,2
tandany,1,2
galur,1,2
mengaccsesnya,1,4
kayaknyaa,1,2
kebelakangnya,1,2
anjog,1,2
ngesuk,1,2
benerna,1,2
kebe,1,2
keblinger,1,3
mengunankan,1,2
pasg,1,2
lanjur,1,2
skses,1,2
dipinjamkan,1,2
naa,1,2
tirtorahayu,1,4
dpnnya,1,2
kdang2,1,3
beliaunya,1,2
beberaoa,1,3
teruse,1,2
tsdimakasih,1,4
samalanga,1,3
jutan,1,2
adji,1,2
disegera,1,2
kotasorong,1,3
lauching,1,2
bapaj2,1,3
berrtambah,1,3
ctnya,1,2
hpq,1,2
ngelayani,1,2
sitiasi,1,2
perjuangkan,1,2
bandwide,1,2
interkoneksinya,1,3
berkuakitas,1,4
trnfr,1,3
bingtangtang,1,3
nyediakan,1,2
perusahaanya,1,2
yangdibloker,1,3
peebaikan,1,3
oker,1,2
sebayak,1,2
bayaknya,1,3
pembatal,1,2
trgantung,1,3
meisi,1,2
c5,1,2
dibunyikan,1,3
saikan,1,2
hhuuzz,1,3
bagaiana,1,2
hunungi,1,2
jawabny,1,2
endingya,1,2
jadikami,1,2
pengadiannya,1,3
berbaiki,1,2
kmauan,1,2
perinternetan,1,4
zet,1,2
dllbiar,1,2
jnj,1,3
adda,1,2
adms,1,2
persayartan,1,3
bulujaran,1,2
tegalsiwalan,1,4
prlukan,1,2
mahnya,1,2
tepanya,1,2
brasa,1,2
malaj,1,2
yarobbal,1,3
fhm,1,2
mendetec,1,3
pncarian,1,3
kemudia,1,2
1karena,1,2
bakka2,1,3
bankbhaxa,1,4
tuhanlah,1,2
promote,1,2
mengkampanyekan,1,4
kulupakan,1,2
persoalkan,1,2
abdate2,1,3
pencerahanx,1,2
prabotan,1,2
pengusulan,1,2
rp527,1,3
dgr,1,2
puil,1,2
udach,1,2
kerusakkan,1,2
contohny,1,2
difocuskan,1,3
aledja,1,3
frezze,1,3
meat,1,2
simulatif,1,2
boi,1,2
menyeselesaikan,1,3
ngrasa,1,2
plitt,1,2
dowloud,1,2
dikerjkan,1,3
idanogawo,1,4
menggaungkan,1,2
hambaro,1,2
perngerjaan,1,3
penyelesaianpun,1,2
mobilexa,1,3
alaamiin,1,2
unut,1,2
mantuil,1,3
nuklida,1,3
disingkirkan,1,2
900r1t,1,4
tapigak,1,2
hx,1,2
tangan2nin,1,4
skalu,1,2
sarirejo,1,2
nglangon,1,2
pelabuhanratu,1,3
adaptip,1,2
tapiaplikasi,1,2
gcg,1,2
sayh,1,2
atera,1,2
kobia,1,2
sayang2in,1,3
soryy,1,2
jekk,1,2
kaliangkrik,1,4
sejuah,1,2
bagaemana,1,3
kakanya,1,2
tmen2,1,3
taikklahh,1,4
planku,1,2
aguarium,1,2
piliban,1,3
exelence,1,3
surfai,1,2
bomo,1,2
dangkak,1,2
mencik,1,2
dlo,1,2
bemasalah,1,3
cigalontang,1,3
xlhome,1,2
terhadapp,1,2
segarusnya,1,2
membandingan,1,2
economi,1,2
wookie,1,2
weleh2,1,3
goodlucky,1,4
malahn,1,2
masaka,1,2
segt,1,2
diyatakan,1,2
menghidupakan,1,2
pahandut,1,2
kesokan,1,2
rp202,1,2
jebret,1,2
soapn,1,3
sihlakan,1,3
tombol2nya,1,3
bandarlampung,1,3
laksanain,1,2
tersita,1,2
sanping,1,2
pegell,1,2
muntok,1,2
brsyukur,1,3
detik2,1,2
zulaini,1,2
berapak,1,2
stroe,1,2
dikerja2kan,1,4
nanganinya,1,2
akunsaya,1,2
mungking,1,2
tertimbun,1,3
tibanya,1,2
adisana,1,3
plabuan,1,2
servie,1,2
fuas,1,2
mendafatkan,1,3
pedulinya,1,2
dinyatan,1,2
kapujan,1,2
talah,1,2
haabis,1,2
dinisi,1,2
keke,1,2
mangkutana,1,3
profisional,1,3
semper,1,2
cilincing,1,3
semlam,1,2
luman,1,2
manyus,1,2
no2,1,2
responsibiliy,1,3
prioriyaskn,1,4
penyelesaianny,1,2
defolopmend,1,4
dudalam,1,2
malingkas,1,2
katya,1,2
melayanai,1,2
tmsk,1,2
menertibkan,1,2
overlod,1,3
flashnya,1,2
8hari,1,2
lajin,1,2
pendingnya,1,2
kaliabang,1,2
bekut,1,2
memverikasikan,1,3
rinya,1,2
bnjir,1,3
sukseess,1,3
pakau,1,2
submid,1,2
dibiasa,1,2
uangkan,1,2
dalamn2,1,3
alhmdlillah,1,5
v900,1,2
guyur,1,2
akuratannya,1,2
pormulir,1,3
terputus2,1,2
sendriri,1,3
parrah,1,2
blo,1,2
hilanh,1,3
jabwal,1,2
5x24,1,3
mersakan,1,3
jelasa,1,2
barhasil,1,2
samyang,1,2
menfotonya,1,3
dengankondisi,1,4
tegakkan,1,2
3k,1,2
kezaliman,1,3
allahuma,1,2
lika,1,2
timss,1,2
mangikahan,1,3
kelurah,1,2
punyakku,1,3
bln4,1,2
dannes,1,2
handset,1,2
musnahkan,1,2
3p,1,2
pengkhianat,1,2
cebongers,1,3
amatlah,1,2
130v,1,2
peraltan,1,2
trlmbat,1,3
sholli,1,2
laillahaillah,1,4
tecnisi,1,4
ngarepin,1,3
terintregasi,1,3
eam,1,2
mengoprasikanya,1,4
wassalamualaikum,1,4
simplifikasi,1,3
konfirmasibreset,1,3
berxx,1,2
ngitungnya,1,3
kejelesan,1,3
kegelepan,1,3
covi,1,2
borus,1,2
lsb,1,2
harur,1,2
muhun,1,2
klistriknx,1,5
byran,1,2
menejemennya,1,4
abdat,1,2
beluma,1,2
buyar,1,2
priuk,1,2
rekruit,1,3
astagfirulloh,1,4
onebitestring,1,4
adahya,1,3
slimfit,1,2
23maret,1,3
gayamsari,1,3
5lampu,1,3
1msn,1,3
2kipas,1,3
cengkalsewu,1,3
pengirimin,1,2
wilayah2,1,2
atnya,1,2
tetatap,1,2
kareana,1,3
idpelanggan,1,4
slmanya,1,3
berhubngan,1,3
cekmata,1,2
50x,1,2
runmah,1,2
crcs,1,2
siap2lah,1,3
belike,1,2
cilaku,1,2
dioper2,1,3
melaluinya,1,2
langgsung,1,2
kasaih,1,2
prhitungan,1,3
iklah,1,2
tavi,1,2
pndai,1,3
pelangaman,1,3
chaya,1,2
syapun,1,2
dilht,1,2
niche,1,2
effendy,1,2
bayarlistrik,1,3
disinih,1,2
yuhaeni,1,3
kuncul,1,2
list4ik,1,3
snyal,1,2
entr,1,2
alhmlldh,1,4
ulahan,1,2
sempurnanya,1,2
tersosialisasi,1,2
sungkan2,1,2
jikau,1,2
scrip,1,2
androin,1,3
jepretnya,1,3
75jt,1,2
yuyun,1,2
keujung,1,2
prosesnyapun,1,2
berkembag,1,2
pamanukan,1,2
ambar,1,2
mendapatjan,1,2
keambil,1,2
mencreate,1,3
pasangpun,1,2
plhn,1,2
pingganya,1,2
bilagan,1,2
pendatan,1,2
meningkatan,1,2
mencit2,1,3
ridhoi,1,2
prenduan,1,3
assalmu,1,3
bisalasong,1,3
diaploud,1,2
kcmtan,1,3
mnjlaskan,1,3
kcamatan,1,2
fagi,1,2
kuotaa,1,2
merode,1,2
tenisi,1,2
yangkee,1,3
byte,1,2
channy,1,2
okre,1,2
makyus,1,3
semprong,1,2
futureor,1,2
menciut,1,3
ciyee,1,3
sbner,1,2
paakk,1,2
responsable,1,2
ke2200va,1,4
dexh,1,3
apatah,1,2
kuciwa,1,2
nbisa,1,2
lindungilah,1,2
settingannya,1,2
cancelnya,1,2
ngarti,1,3
apane,1,2
ngokk,1,3
ditangain,1,3
tka,1,2
ekosistim,1,3
mobilesudah,1,2
berintraksi,1,3
m3mudahkan,1,4
jobbs,1,2
jeges,1,2
mereson,1,2
irwa,1,2
kallo,1,2
positip,1,2
prvinsi,1,3
mtambah,1,2
memambantu,1,4
meser,1,2
sajabana,1,3
boece,1,2
menharapkan,1,4
lesnya,1,2
kadipaten,1,3
ngalahi2in,1,5
tambahlan,1,2
sebenarx,1,2
oekayananx,1,5
bilangi,1,2
pnjlasan,1,3
tlogo,1,2
rt03,1,2
apabisa,1,2
mondok,1,2
bakid,1,2
melegkapi,1,3
tambhkan,1,3
hilanga,1,2
kesuliatan,1,3
brenti,1,3
ldh,1,2
impormasinya,1,3
manteman,1,2
nggap,1,2
jawan,1,2
matori,1,2
sewon,1,2
lhoh,1,2
semetara,1,3
mkain,1,2
tomihariono,1,3
3bulanan,1,3
pndftrannya,1,4
memasukka,1,3
komfirm,1,3
mendinganlah,1,2
pmbyaranya,1,3
noviyanti,1,2
batursari,1,2
balikx,1,2
suruhan,1,2
marom,1,2
uluan,1,2
mengagau,1,2
kepuwasan,1,3
vipnya,1,2
krangkeng,1,4
ngegunain,1,3
cinagara,1,3
fajri,1,3
sangtt,1,2
meredup,1,2
8malam,1,2
oeba,1,2
siklon,1,2
mendapata,1,2
angkuh,1,2
nurhaya,1,2
plbn,1,2
llayanan,1,2
baruwkwk,1,3
sssiihhuuyy,1,5
bgtt,1,2
weslah,1,2
daftra,1,3
selapan,1,2
dikeheningan,1,3
peralatanya,1,2
trash,1,2
tiitik,1,2
hirup,1,2
misimu,1,2
chiler,1,2
terproses2,1,3
lelahmu,1,2
taya,1,2
prpanjang,1,2
diliihat,1,3
siruh,1,2
cnth,1,2
mambari,1,3
kanaya,1,2
duniya,1,2
terselesaikanya,1,2
ditanangi,1,3
penanggal,1,2
sipemesan,1,3
merepoti,1,2
ngisiin,1,3
layanya,1,2
picturnya,1,3
pebritauhuanya,1,4
pembritauhuanya,1,4
ghatak,1,2
dipencarian,1,3
pemeritah,1,2
burek,1,2
mengklim,1,2
175v,1,2
apalag,1,2
prorgam2,1,4
dtelpon,1,3
paskan,1,2
ngdownload,1,2
vtsfksi,1,5
123sdh,1,3
malak,1,2
pulannya,1,2
carana,1,2
proggress,1,3
mumbai,1,3
00udah,1,2
trimanya,1,2
aannjiim,1,4
sbatas,1,2
bener2bisa,1,3
brilah,1,2
153ribu,1,2
dirumahkan,1,2
duhai,1,2
rappocini,1,4
babu,1,2
jwbnx,1,3
favorites,1,2
bijaknya,1,2
risdi,1,2
kofi,1,2
yaiyalah,1,3
iayalah,1,3
ngangkut,1,4
penanganananya,1,2
intrusi,1,2
tolinggula,1,3
terinstan,1,2
tersilet,1,2
kefoto,1,2
smpel,1,2
nampilkan,1,3
nggah,1,2
menghububgkan,1,5
pimpinanya,1,2
diramayana,1,2
membangtu,1,3
developper,1,2
luarbiaasahh,1,4
diperbaiaki,1,3
duer,1,2
tingi,1,2
kanpa,1,2
nanggungnya,1,3
sumpahi,1,2
digital2,1,2
pengmbang,1,3
copypaste,1,3
mnyulitkan,1,3
kananny,1,2
optmal,1,3
profilenya,1,2
pemberiannya,1,2
penyebannya,1,2
apliaksisudah,1,4
kontul,1,2
korannya,1,2
150m,1,2
mengikutin,1,2
mabokk,1,3
horang,1,2
kunjungn,1,2
officernya,1,2
720rb,1,2
beratanya,1,2
totalan,1,2
rp480,1,3
beraoa,1,3
sesuatuu,1,2
heng2nya,1,4
kdu,1,2
ngehapus,1,2
ime,1,2
barnabas,1,2
bili,1,2
kegundahan,1,3
dipager,1,2
renternir,1,3
kiritana,1,3
kambera,1,3
melonjaknya,1,2
semata2,1,2
14menit,1,2
itulaj,1,3
180k,1,2
biasnya,1,2
masyarahat,1,2
175rb,1,2
amanan,1,2
kekami,1,2
ledakin,1,2
diswastain,1,3
univeraitas,1,3
4biji,1,3
183rb,1,2
gusah,1,2
akhiry,1,2
jangalah,1,2
banyakknya,1,3
pengaduankami,1,2
mempermpermudah,1,3
explained,1,3
kmdhanbuntuk,1,5
miri,1,2
khoirul,1,3
ngebebanin,1,4
sebeel,1,2
ptogram2,1,3
remaking,1,2
menerpkan,1,3
technologies,1,3
deegan,1,2
enel,1,2
pemaikaian,1,4
nule,1,2
pusparahayu,1,3
reveiw,1,3
sebebas,1,2
maanntapp,1,4
ditagih2,1,4
atapun,1,2
kalian2,1,2
layank,1,2
ngongo,1,2
semuanx,1,3
luarbias,1,3
abdilah,1,2
manabi,1,2
compok,1,2
cikarageman,1,4
pesana,1,2
crome,1,2
apax,1,2
autentifikasi,1,3
direlease,1,3
cuh,1,2
590ribu,1,3
luph,1,2
senep,1,2
adkan,1,2
dbyarkn,1,3
papah,1,2
prmslahan,1,3
void,1,2
pemindaian,1,3
sesederhana,1,2
diangakat,1,3
pamoyanan,1,3
dikosongin,1,3
yasa,1,2
mndpt,1,3
ketiup,1,2
pakd,1,2
dtutup2in,1,5
sanny,1,2
bagus2nya,1,3
contohya,1,2
gemna,1,2
murahhloh,1,3
tikm,1,2
amaze,1,2
walaikum,1,2
wabarakatu,1,3
950rb,1,3
garatis,1,2
kayk,1,2
ginik,1,2
perckpan,1,3
gerahan,1,2
tariflistrik,1,3
pnjelasn,1,3
malangnya,1,2
cocokin,1,2
168rb,1,2
182rb,1,2
voic,1,2
diangkt2,1,4
diazab,1,2
diakhirat,1,2
meran,1,2
hostoris,1,2
sadiss,1,2
dpertahankan,1,4
1huruf,1,2
lonte,1,2
requirement,1,3
horree,1,2
dibaya,1,2
informasinyaa,1,2
embelnya,1,2
normah,1,2
magsudnya,1,4
digratis,1,2
c3,1,2
penhasilan,1,2
alaporan,1,3
pebeccek,1,3
benyak,1,2
emmak,1,2
rossa,1,2
mateh,1,2
dipaang,1,2
68rb,1,2
nervous,1,3
cutup,1,2
sinister,1,2
terkaik,1,3
andalakan,1,2
etalasi,1,2
kauleh,1,2
bedeh,1,2
vendor2,1,2
haurus,1,2
mehub,1,2
uwinfly,1,3
goda,1,2
mbnya,1,2
dwch,1,2
caen,1,2
sementa,1,2
gratissnyaa,1,3
dimedsos,1,3
membisu,1,2
guwa,1,2
uwow,1,3
cuihh,1,2
efektf,1,3
picek,1,2
ditempo,1,2
meureubo,1,4
kejual,1,2
keingingan,1,2
jaringaninternet,1,2
kemarim,1,2
dibisniskan,1,3
ngbrol,1,3
sekrol,1,2
cleare,1,2
biatanekerek,1,4
1box,1,2
1kg,1,2
capaek,1,2
disitus,1,2
dpun,1,2
prepare2,1,3
rincihan,1,2
kutipnya,1,2
160rban,1,3
790rban,1,4
seyelah,1,3
enknya,1,3
262rb,1,3
tetakhir,1,2
kompesasi,1,3
21hari,1,2
bakauheni,1,3
ketersediaannya,1,2
memadahkan,1,2
trisaksi,1,2
oglangan,1,3
takberguna,1,3
pendemik,1,2
kembangkn,1,2
sbnyak,1,2
pemetintah,1,3
karyaean,1,2
y12,1,2
easylife,1,2
abangkuuh,1,3
produck,1,2
aron,1,2
memperhambat,1,3
naikk,1,2
baleg,1,2
kokbegini,1,4
dialihan,1,2
dirotasi,1,2
jawaban2,1,2
strook,1,2
penyambunganya,1,4
570k,1,3
padahall,1,2
pernahh,1,2
dikeruk,1,2
duitx,1,2
mensubsidikan,1,3
dilampiri,1,2
dijajah,1,2
objective,1,2
aaauu,1,3
darstis,1,3
jbr,1,2
nakan,1,2
samawarea,1,3
petujuknya,1,3
statisk,1,2
mengkonek,1,3
esmosi,1,3
afala,1,2
crashes,1,2
729rb,1,3
799rb,1,3
940rb,1,3
seengganya,1,3
hadiahnyaa,1,2
okela,1,2
amc,1,2
beruban,1,2
bebunyi,1,2
suapan,1,2
indonesianya,1,2
klapanunggal,1,3
membabi,1,2
dibagi2,1,2
iih,1,2
3aja,1,2
fuul,1,2
sawojajar,1,3
jgnkan,1,2
shenzhen,1,4
danbaik,1,2
nyabut,1,2
rapelan,1,2
kbrin,1,2
terbca,1,2
kepiawaian,1,3
penempelan,1,3
digunakancepat,1,2
mobiletanpa,1,2
plyaannan,1,4
melengos,1,3
peecumaa,1,4
relife,1,2
greenville,1,2
mutika,1,2
preventing,1,2
bgo,1,2
baique,1,2
gaya2an,1,3
caei,1,2
sipenjaga,1,3
disayangi,1,2
semajin,1,2
vps,1,2
weeluri,1,3
serseran,1,3
saih,1,2
flashsale,1,3
magelung,1,3
l7,1,2
doak,1,2
rbt,1,2
smpek2,1,3
25rbu,1,3
bls2,1,3
tafakaruun,1,4
disetu,1,2
menyempan,1,2
didevice,1,3
ssmpai,1,3
pinternya,1,2
jjl,1,2
maaju,1,2
paswoodnya,1,3
penampakannya,1,2
dapay,1,2
mengahukan,1,2
21sept,1,3
aplikasibdiperbarui,1,5
terdaftarlah,1,2
dipipin,1,3
somprett,1,3
gebleg,1,2
ocom,1,2
anjimm,1,3
bugsnya,1,3
berhasil2,1,2
bloon,1,2
usui,1,2
banggain,1,2
baikny,1,2
sifatny,1,2
medengarkan,1,2
puradelta,1,3
abz,1,2
persiapannya,1,2
abuse,1,2
keburu2,1,2
halt,1,2
pdal,1,2
mndftr,1,3
aftar,1,2
dering,1,2
s3,1,2
6kwh,1,3
psword,1,2
ygs,1,2
ebelumnya,1,3
firclosr,1,4
bkanx,1,3
42kwh,1,3
185rb,1,2
backnya,1,2
apahan,1,2
msuk2,1,3
petisi,1,2
keliahatan,1,2
siphh,1,2
selirih,1,3
mundurr,1,2
tagiah,1,2
satuin,1,2
nginx,1,2
langkang,1,2
ditelaah,1,2
passwrd,1,3
didelet,1,2
nyesalkan,1,4
a6,1,2
andalaann,1,3
mobilpasang,1,2
alurny,1,2
langsungrespon,1,3
pikri,1,2
bygkn,1,3
namaya,1,2
mengatasin,1,2
kebanyakn,1,3
diemnya,1,2
pamempeuk,1,4
muaaach,1,3
75ribu,1,2
yyang,1,2
akar2,1,2
barulistrik,1,2
garti,1,2
sayngnya,1,3
mendin,1,2
setalh,1,2
direload,1,3
kerjasma,1,2
bedana,1,2
rempong2,1,3
varokah,1,2
kamfret,1,3
cri,1,2
untg,1,2
joke,1,2
disebutin,1,2
terpaka,1,2
jumari,1,2
parongpong,1,3
tergolog,1,2
gemblong,1,2
terkesima,1,3
kepatihan,1,2
buknnya,1,2
dibertahu,1,3
absurd,1,3
karu2an,1,4
sebelumdi,1,2
streess,1,3
peruntukannya,1,4
mia2,1,2
bocil2,1,3
bukane,1,2
sariwangi,1,2
tolnya,1,2
kurang2i,1,3
ngeupdate,1,2
dipenjuru,1,2
daftari,1,2
mempermudahnya,1,2
freze,1,2
dihujat,1,3
sekaraang,1,3
kambanglah,1,3
halaah,1,2
tidaknterhubung,1,4
krnapa,1,2
raring,1,2
koorperasi,1,4
lalupun,1,2
eleh,1,2
mndang,1,2
bersimpatik,1,3
teebuka,1,3
komti,1,2
fuckk,1,3
donwold,1,4
sringnya,1,3
menngecek,1,4
palumbon,1,3
geledek,1,3
mentah2,1,2
unek2,1,3
menadapat,1,2
a37,1,2
kemdaraan,1,3
memyambung,1,3
seranganmu,1,2
ciwaruga,1,3
uploadingnya,1,2
nyeselnya,1,2
copo,1,2
tercopy,1,2
pikirnlaah,1,4
kepadan,1,2
dijitalisasi,1,2
lampuny,1,2
diunistall,1,4
screennya,1,2
sje,1,2
mengececk,1,2
persilnya,1,3
smape,1,2
catar,1,2
banyaklah,1,2
perintah2,1,2
yambah,1,2
gape,1,2
yangmurah,1,2
capeek,1,2
salasatunya,1,3
duniaku,1,2
sukurmoanto,1,4
tejawab,1,2
libas,1,2
remah,1,2
unturk,1,3
delam,1,2
bbaik,1,3
dapett,1,2
sorkam,1,2
tiping,1,2
iis,1,2
cst,1,2
julid,1,2
novy,1,2
karangannya,1,2
bisin,1,2
te2p,1,3
pasarin,1,2
gentingnya,1,2
hbs2in,1,4
ciamikk,1,3
aaachh,1,3
kesononya,1,3
jaringanku,1,2
dbka,1,2
boho,1,2
tapiasuk,1,3
kebikjakan,1,3
cebong,1,2
gilaak,1,2
railor,1,2
soyo,1,2
raison,1,2
diweb,1,2
mele,1,2
ngbuka,1,2
mullu,1,2
pancingan,1,2
keq,1,2
internent,1,2
mengratiskan,1,3
dimnaa,1,3
kebijakn,1,2
rania,1,2
gae,1,2
abote,1,2
builder,1,2
ktrngannya,1,4
besae,1,2
lenglet,1,2
terdafrar,1,3
samoah,1,3
gsk,1,2
sempurnain,1,2
26wib,1,3
30sampe,1,3
jabotabek,1,3
istigfar,1,3
tlglah,1,2
baseh,1,2
kunyuk,1,2
sbernya,1,2
sehibungan,1,3
paling2,1,2
biayai,1,2
bukk,1,2
permainankah,1,2
dicobalagi,1,2
hasilnyaa,1,2
tersering,1,2
tadukan,1,2
donnkk,1,3
dwnload,1,3
mlebu,1,2
blumbang,1,2
tive,1,2
besat,1,2
menggratiskan,1,3
sangatendukung,1,3
manufui,1,2
5xx,1,2
bacaanya,1,2
tto,1,2
mbrikan,1,2
manyaran,1,2
tlogopacing,1,4
masyh,1,2
bantuak,1,2
singnal,1,3
penyangganya,1,2
rp144,1,2
185rban,1,3
terrbaeek,1,4
sendirii,1,2
pekerjaam,1,2
berwarawiri,1,4
15rban,1,3
rp100rb,1,3
10gb,1,2
estiminasinya,1,3
inihpealnggan,1,5
cesar,1,2
oas,1,2
ngakunya,1,2
tuhann,1,2
dibikinin,1,2
300m,1,2
400m,1,2
maintenen,1,2
eneh,1,2
rusaj,1,2
nhauser,1,3
baikin,1,2
asemm,1,2
hakguna,1,2
peruma,1,2
taiiku,1,2
6xx,1,2
trslsaikan,1,3
konsuil,1,3
ngadongdot,1,3
ribetribet,1,3
monyett,1,2
ngabis2n,1,4
emei,1,2
passwordku,1,2
jidak,1,2
ppju,1,2
krikilan,1,3
regritasi,1,3
ajuka,1,2
diblng,1,3
mebengkak,1,3
keganjalan,1,3
canggihan,1,2
rugoiiujjiiu,1,6
tidurdan,1,2
tdurnya,1,2
samsumg,1,3
30jam,1,2
kuhan2,1,3
sahkan,1,2
berfungsii,1,2
pemerintahh,1,2
kemarinn,1,2
450wt,1,2
assistent,1,2
samain,1,2
dilaporannya,1,3
costamer,1,2
gedhe,1,2
ersuli,1,3
taruhanya,1,2
koar2nua,1,5
ditv,1,2
mbagel,1,2
tuuh,1,2
s10,1,2
mksdny,1,3
wage,1,2
pnipuan,1,3
a8,1,2
tunggula,1,2
kthuan,1,3
njeng,1,2
sudahdipilih,1,3
asyudalah,1,3
bakarr,1,2
samapah,1,3
yangsalah,1,2
dimbangi,1,3
diperbaikibiar,1,2
hadepin,1,3
dararawet,1,3
jeleekkm,1,4
guoblog,1,3
dantae,1,3
snyl,1,2
lncr,1,2
900volt,1,3
keaeluruhan,1,5
buanyaak,1,3
smbung,1,2
viktor,1,2
latter,1,2
detaile,1,2
mondoteko,1,3
selesaika,1,2
gwencana,1,2
resgistrasi,1,3
pengarjaan,1,2
dimarketplacenya,1,4
eksekuasi,1,2
sngt2nbgus,1,5
dpm,1,2
kredensial,1,2
bottom,1,2
dikembangkann,1,2
reqfqw5l,1,7
dipeduliin,1,4
pile,1,2
terlovee,1,3
menginputkan,1,3
peoblem,1,3
cuing,1,2
sepetri,1,2
batujaya,1,2
batuceper,1,3
plawat,1,2
nginduk,1,2
ngambilin,1,2
mgga,1,2
cijantung,1,2
ekfek,1,3
tess,1,2
diamanatkan,1,2
kslhn,1,3
ktinggalan,1,4
juancok,1,2
sedino,1,2
ngutek2,1,4
kenek2,1,3
conecting,1,3
kontolsasi,1,3
kesahalah,1,2
taputar,1,2
gradenya,1,2
kebuka2,1,3
gundulmu,1,2
crushing,1,2
infone,1,2
kemaring,1,2
mbenzret,1,3
mukok,1,2
korupsiin,1,2
nampung,1,3
yatuhaann,1,3
bikinya,1,2
dimakassar,1,2
tena,1,2
wedos,1,2
somba,1,2
opu,1,2
susahkan,1,2
dimatika,1,2
11gb,1,2
belumlah,1,2
hahahha,1,2
kuroptor,1,3
ngglibet,1,3
jariangan,1,2
pedemo,1,2
terhdap,1,3
lmpirkan,1,3
lmq,1,2
bambank,1,2
setelag,1,3
anchor,1,2
ihlas,1,2
mkny,1,2
irit2,1,2
janganlan,1,2
ndue,1,2
kesalahan2,1,2
ntot,1,2
mberok,1,3
omongin,1,2
sibukk,1,2
buntang,1,2
ulangulang,1,2
tidapat,1,2
nggakbisa,1,2
percayanya,1,2
pakuniran,1,3
sundala,1,2
bate,1,2
cece,1,2
asaya,1,2
pemberitauannya,1,3
atasbantuannya,1,4
beteleme,1,3
beemanfaat,1,2
kesahalan,1,2
tambhin,1,2
asup,1,2
geu,1,2
pamulihan,1,3
tagihandi,1,2
become,1,2
1lwat,1,3
bwlum,1,2
tolonh,1,3
sanyangnya,1,3
tambahain,1,2
voltasi,1,2
punyah,1,2
tervavorit,1,4
goblo,1,2
ngantree,1,3
remm,1,2
sichh,1,2
riword,1,2
ayhku,1,3
dunlud,1,3
tdy,1,2
23an,1,2
unduhlah,1,2
dilakukamn,1,3
busett,1,2
terbangi,1,2
persiden,1,2
tilpun,1,2
hadden,1,2
silit,1,2
tmbahkn,1,3
brmutu,1,3
nch,1,2
biso2,1,3
pliiss,1,3
liburkan,1,2
kebug2,1,2
huum,1,2
kabehh,1,2
400av,1,2
900av,1,2
ngotrak,1,3
uppss,1,3
conec,1,2
meringankanya,1,2
oyoh,1,3
celeng,1,2
nganti,1,2
smlam,1,2
kebanyaan,1,3
mareng,1,2
darani,1,2
giye,1,2
asuka,1,2
tertingal,1,3
situl,1,2
inshaa,1,2
seikit,1,2
gerdu,1,2
ttttttt,1,3
oooooo,1,2
pppppppp,1,4
gimnana,1,3
teurus,1,2
qrain,1,2
shrian,1,2
amannya,1,2
knek,1,2
jdiny,1,2
ngehabisin,1,3
mubadzir,1,3
secakep,1,3
empurna,1,3
memtuskan,1,3
straming,1,3
undu,1,2
ngelesnya,1,3
berate,1,2
munyer,1,2
bling2,1,3
trsbut,1,2
51jefje,1,4
xsh,1,2
mbenjreet,1,4
pnjlsn,1,3
linggamulya,1,3
leuwisari,1,3
appan,1,2
berpaedah,1,3
intrnet,1,2
masup,1,2
lgii,1,2
doankk,1,2
ksinya,1,2
tsi,1,2
diakse,1,2
bahn,1,2
beroprasi,1,3
konect,1,2
fullbar,1,2
lesehan,1,2
tercakitty,1,3
andori,1,2
ssuatu,1,2
mlik,1,2
taiklah,1,3
heuh,1,2
hmmn,1,2
bertaun2,1,3
telatnya,1,2
aneehh,1,2
ambeyen,1,2
alnya,1,2
brkali,1,2
kosonglah,1,2
lainnga,1,3
950va,1,3
nggakebuka,1,3
kebuka2a,1,4
acan,1,2
muser2,1,3
fayah,1,2
portale,1,2
petugasan,1,2
dongok,1,2
dungul,1,3
gudal,1,2
ngasu,1,2
statistiknya,1,2
penyajiannya,1,2
terburu2,1,3
ynng,1,3
inisiasi,1,2
tje,1,2
inopatif,1,3
sebulumnya,1,3
salnya,1,2
saaran,1,2
sibuklah,1,2
selilah,1,2
belnja,1,3
puny,1,2
ap2,1,2
bangjo,1,2
reallisasi,1,3
seandai,1,3
skarn,1,2
uedann,1,3
thn2,1,2
lgy,1,2
geubleug,1,3
kampreet,1,3
lapangnya,1,2
segitu2,1,2
goodtools,1,4
foodtech,1,2
pebgajuana,1,4
nemulah,1,2
22an,1,2
didisconin,1,3
semlm,1,2
ngibulin,1,3
gemah,1,2
ripah,1,2
jinawi,1,2
listring,1,2
pangil,1,2
tanpa2,1,2
problim,1,2
lodong,1,2
mrmang,1,3
selalungunakan,1,4
h2c,1,3
40thn,1,2
tmbahan,1,2
bannget,1,2
sangap,1,2
pelaporam,1,2
menyambutnya,1,2
ratusa,1,2
jengel,1,2
oelolok,1,3
emberian,1,2
mersin,1,2
emaail,1,3
100meter,1,2
jokowii,1,2
kelancangannya,1,3
alhamdhulillah,1,6
silhkan,1,3
gembor2,1,3
kompotensi,1,2
mengagetkan,1,2
manusia2,1,2
peruntah,1,3
fivestar,1,2
minimalisasi,1,2
jazaakallahu,1,4
strumnet,1,3
oernah,1,3
abded,1,2
mucul2,1,3
dibalasnya,1,2
haraf,1,2
menengh,1,2
kbwh,1,2
kbnykn,1,3
blakng,1,3
mhm,1,2
brtanya,1,2
sabodo,1,2
emailnyalah,1,2
mnculnya,1,3
sebasar,1,2
dibilangkan,1,2
menutup2i,1,3
cuiih,1,3
sangatnlambat,1,4
plnmobel,1,3
hellooww,1,3
downdlod,1,3
dilhat,1,2
melaknat,1,2
hati2lah,1,3
quickresponnya,1,4
30gb,1,2
dibandar,1,2
applications,1,2
7januari,1,3
ggan,1,2
sleepcall,1,3
tetapp,1,2
okeeyy,1,3
brst,1,2
pro9,1,2
listeri,1,2
berualang,1,3
esia,1,2
ditendang,1,2
papalepapale,1,4
waslap,1,2
masukka,1,2
berprogress,1,3
berterimasih,1,2
ngatik,1,2
ngmbil,1,3
situh,1,2
betele,1,2
sealu,1,2
v4701,1,3
tingkati,1,2
insidental,1,2
kualitanya,1,2
gabole,1,2
3kalo,1,2
harinnya,1,2
bersatatus,1,3
mngunakan,1,3
ashuri,1,2
inpeksi,1,3
21an,1,2
bandwith,1,3
lapnya,1,2
bayur,1,2
sndrii,1,3
dengani,1,2
whatapps,1,3
ramai2,1,2
jia,1,2
nantu,1,2
in2,1,2
pkoky,1,3
dikertas,1,2
daian,1,2
keselokan,1,2
kopit,1,2
dihububungi,1,3
bugg,1,2
buakan,1,2
didonlod,1,4
tanggapanx,1,2
spserti,1,3
miangas,1,3
babibubebo,1,4
todate,1,2
ibh,1,2
cepattampupannya,1,5
menyambutan,1,2
mndaftar,1,2
wabarokaatuh,1,4
sumph,1,2
salabenda,1,3
mjn,1,2
whatssap,1,3
am8n,1,3
terkembangkan,1,2
pnjlasannya,1,3
maopun,1,2
meringanka,1,3
ttangga2,1,3
angkt,1,2
haruh,1,2
dinat,1,2
modeh,1,2
imformatif,1,3
pnyampaian,1,3
gogel,1,2
napakah,1,2
transpernya,1,2
dalot,1,2
diberika,1,2
1300k,1,2
stdmeter,1,3
malahh,1,2
mwncrett,1,4
75th,1,2
salain,1,2
afendi,1,2
admindnye,1,3
barudan,1,2
lilis,1,2
berlanggannan,1,3
memperhatiikan,1,3
tokenku,1,2
selevel,1,2
seperty,1,2
nonya,1,2
kotaagung,1,2
snape,1,2
tegeletak,1,3
yaaw,1,2
riwayt,1,3
levelnya,1,2
rekemonded,1,4
mmprluas,1,3
trkendala,1,4
uwuh,1,3
jdiblebih,1,3
40pm,1,2
10pm,1,2
mensejahteraan,1,3
dirot,1,2
kebijakan2,1,2
tertuliskan,1,2
gatis,1,2
ini2021,1,3
enang,1,2
edar,1,2
googlle,1,2
sukaresmi,1,3
2021ko,1,3
belan,1,2
bekang,1,2
ursulin,1,3
memeberika,1,3
ahyar,1,2
inin,1,2
pengelolah,1,2
penjelasaanya,1,3
silahul,1,2
xacti,1,3
coalnya,1,2
skrag,1,2
verifikasi2,1,2
pnonton,1,2
slowwllyy,1,4
plnmobeil,1,4
terobos,1,2
hallah,1,2
tonjolkan,1,3
bdrlampung,1,4
somay,1,2
gelandangan,1,2
angkuh2,1,3
pejelasanya,1,3
dowondlowd,1,4
aplikasuli,1,3
upaya2,1,2
10mlm,1,3
jangat,1,2
relavan,1,2
memfaat,1,2
brn,1,2
mejile,1,2
korusi,1,2
trlaporakan,1,4
langkaplancar,1,3
buluspesantren,1,3
rutian,1,2
ditunju,1,3
nyambut,1,3
noroot,1,3
effortnya,1,3
bagipara,1,2
kubang,1,2
llampu,1,2
10jempol,1,3
sebagusnya,1,2
besties,1,2
selenggarakan,1,2
sayavtincak,1,4
setenagh,1,3
kuranng,1,3
ketikannya,1,2
meteranlah,1,2
sebesarnya2,1,3
kedepnnya,1,3
slap,1,2
slup,1,2
punjul,1,2
sampia,1,2
eeehh,1,2
900kh,1,2
exs,1,2
perlancar,1,2
pegwai,1,2
meksi,1,2
dahal,1,2
teksnya,1,2
terexpand,1,4
virtualacount,1,3
tenggangnya,1,2
390rb,1,3
680rb,1,3
dipaste,1,2
candirenggo,1,3
nunjukkin,1,3
bintang5,1,2
pemanggan,1,3
bulam,1,2
dadn,1,2
maeen,1,2
beratraksi,1,3
sanjungi,1,2
brusaha,1,2
tuhaan,1,2
bgg,1,2
disoppeng,1,3
mamaku,1,2
alluka,1,2
adai,1,2
13jam,1,2
statik,1,2
ikonnya,1,2
cooming,1,3
downrate,1,3
ngsh,1,2
ngtik,1,2
terkumplit,1,3
kmblikan,1,3
agax,1,2
bagiamana,1,2
bc4,1,2
gadikasih,1,3
pembeliat,1,2
dibenahin,1,2
iforgot,1,3
4l4y,1,4
graris,1,2
demibtahun,1,3
tote,1,2
100persen,1,3
error2an,1,3
kaakk,1,2
takterhubung,1,4
walaw,1,2
berartikan,1,2
disembunyiin,1,3
tinah,1,2
proxynya,1,2
ligkup,1,2
ycab,1,2
stimulan,1,2
desembar,1,2
surety,1,2
excellance,1,2
muslihat,1,2
sterus,1,2
bongko,1,2
revamp,1,2
stastus,1,3
permohonanya,1,2
butuk,1,2
byaar,1,3
dmatiin,1,3
jarkasih,1,3
penyembah,1,2
rancah,1,2
kelempar,1,2
utamaa,1,2
ditrafo,1,3
keprofesionalan,1,4
pelangagan,1,3
kunyang,1,2
gerakkan,1,2
tawu,1,2
hmat,1,2
alna,1,2
6bln,1,2
pimpinannya,1,2
djancookk,1,4
hambhank,1,3
esih,1,2
cabe2n,1,3
100rbuan,1,3
duuh,1,2
passphoto,1,3
verfifikasi,1,3
kelaar2,1,3
prefect,1,2
comingsoon,1,3
heuhh,1,2
mengituki,1,3
manjang,1,2
surem,1,2
advise,1,2
masabodoh,1,4
informaai,1,3
amoun,1,3
embel2nya,1,4
nyusruk,1,3
setlh,1,2
jalok,1,2
haee,1,2
validkan,1,2
disubmit,1,3
mematung,1,2
reverse,1,2
besic,1,2
permanent,1,2
danfiturnya,1,3
negera,1,2
skedar,1,2
memunggu,1,2
dikantongi,1,3
cek2nya,1,3
k3majuan,1,4
s3belumnya,1,4
ditampilkannya,1,2
paswodnya,1,4
smpah,1,2
daann,1,2
trkhir,1,3
awalnyaa,1,2
menamban,1,3
ancuur,1,3
angillee,1,3
wls,1,2
versii,1,2
hinaan,1,2
atpn,1,2
l0jelek,1,4
asongan,1,2
akayak,1,2
brkn,1,2
terlihatnya,1,2
ticketing,1,2
formatexception,1,5
kampang,1,2
bmun,1,2
maap2,1,2
maupake,1,3
sambirang,1,3
menjak,1,2
seketeng,1,3
angeli,1,2
tinggu,1,2
ditinggu,1,2
jawabam,1,2
riwyat,1,3
secutity,1,3
satang,1,2
faya,1,2
untjuk,1,2
bkt,1,2
upo,1,2
coyo,1,2
aada,1,2
dowlad,1,2
prabot,1,2
bagust,1,2
kejalasan,1,2
mangkat,1,2
4subuh,1,3
pakeh,1,2
marieke,1,2
menuh,1,2
kuwantitas,1,4
listrikterima,1,2
masimal,1,2
aqib,1,2
ngantor,1,2
nipuu,1,2
dibodoh,1,2
logon,1,2
mencamtukan,1,3
dihandalkan,1,3
idnya,1,2
lagipun,1,2
wtf,1,3
keputusam,1,2
dipassword,1,3
ditracing,1,3
gunalan,1,2
specialnya,1,2
ceplok,1,2
dadar,1,2
notify,1,3
puyeeng,1,3
kseringan,1,3
hoaxx,1,2
ngupdate,1,2
pentingin,1,2
ampun2,1,2
uppgrade,1,4
kebelakan,1,3
tereset,1,2
segininya,1,3
diperpaharui,1,4
wewey,1,2
downgred,1,3
koplok,1,2
ngelantur,1,3
kembalilah,1,2
terkesam,1,3
passwor,1,3
bgibkmi,1,4
seudah,1,2
kadabg,1,3
palapor,1,2
rely,1,2
bloated,1,4
gmbr,1,2
blee,1,2
bermeterai,1,3
diilangi,1,3
sahri,1,2
58kwh,1,3
menampilkam,1,3
sengkaling,1,2
fmipa,1,2
unibraw,1,3
dikomentar,1,2
petuntuk,1,2
terhukum,1,2
sirami,1,2
keterangn,1,3
seingatku,1,4
qualiti,1,2
knowlege,1,3
ptusin,1,2
ambyarrr,1,3
doonkk,1,3
locking,1,2
uppdate,1,3
ngehank,1,2
pembayaran2,1,2
bntk,1,2
syubah,1,2
udahblaporan,1,4
karengan,1,2
enak2an,1,3
lambaikan,1,2
jawabanx,1,2
undah,1,2
balsan,1,2
anehkan,1,2
sbenernya,1,3
konekin,1,2
sambungya,1,2
sulita,1,2
dihafal,1,2
recheck,1,3
kaleng2an,1,3
sanmgat,1,3
15oktober,1,3
hedon,1,2
terdahulunya,1,2
sesempurna,1,3
ditodong,1,2
perlengkap,1,2
160rb,1,2
huruff,1,2
aplah,1,2
sumselbabel,1,3
pintar2,1,2
rabata,1,2
dadk2,1,3
diperkaya,1,2
diriwayatnya,1,3
prototype,1,3
lkti,1,2
siasa,1,2
goof,1,2
uwer2,1,4
menakut,1,2
nakuti,1,2
bulanmasih,1,2
kerts,1,2
dilonggarkan,1,4
lasut,1,2
realease,1,2
menunpembayaran,1,5
1thn12,1,3
lingkungn,1,3
norml,1,2
isiannya,1,2
pembaharui,1,2
hostingnya,1,2
firebase,1,3
keberhasilanmu,1,2
raisa,1,2
terpasang2,1,2
bringin,1,3
achh,1,2
smulasi,1,2
kiraiin,1,3
perobahan,1,2
ditemuka,1,2
duludeh,1,3
ksambung2,1,3
ddpan,1,2
dibanyak,1,2
unsrat,1,2
transformation,1,2
shout,1,2
msin,1,2
mesinjahit,1,3
yeeaahh,1,3
vm,1,2
uptdate,1,2
kenanbiaya,1,3
ribuam,1,2
kerjasamannya,1,2
suntuk,1,2
ahah,1,2
taliabu,1,2
pengenny,1,2
trmis,1,2
smgo,1,2
sangguh,1,2
kekurngan,1,3
ganyampe,1,3
salutnya,1,2
ampin,1,2
enai,1,2
geotagging,1,4
rilisan,1,2
penilain,1,2
dilock,1,2
winmat,1,2
baikinnya,1,2
meluapkan,1,2
broil,1,2
padarusak,1,3
mendiangan,1,2
tetanngga,1,4
seorangpung,1,2
kepropesinalnya,1,4
dihistory,1,3
subuhnya,1,2
jwbanny,1,3
terksit,1,2
batutu,1,2
phonecell,1,2
isapan,1,2
2listrikk,1,4
sambunganan,1,2
tercapat,1,2
speksifik,1,3
seterusya,1,3
gelapin,1,2
trahir,1,2
58mm,1,2
tersebt,1,2
grabfood,1,2
vc004,1,4
masoook,1,3
dicatatan,1,2
hiwar,1,2
danta,1,2
amalin,1,2
substannya,1,2
menggambil,1,3
bermacam2,1,2
admin2nya,1,3
hidupny,1,2
sayar,1,2
selfa,1,2
diterimah,1,2
perjlnn,1,3
jadull,1,2
rekmendasi,1,3
gremis,1,2
patten,1,2
mobilevini,1,3
seno,1,2
terrimakasih,1,2
bapaak2,1,3
wowww,1,2
wadidaww,1,3
chia,1,2
nyabpln,1,3
muanntaapp,1,4
moncol,1,2
krns,1,2
adanyavaplikasi,1,4
rkait,1,2
designnya,1,2
hebohlah,1,2
bkti,1,2
experince,1,3
gaketauan,1,3
didatabase,1,3
sinok,1,2
cengkong,1,2
diperbantukan,1,3
timba,1,2
jeleek,1,3
hadeeuhh,1,3
dwitnya,1,3
pinmu,1,2
sangun,1,2
kpn2,1,2
kemundurannya,1,2
dafrar,1,3
inginan,1,2
penindaan,1,3
sofwarenya,1,3
twetter,1,3
maidah,1,2
plaksana,1,3
blutut,1,2
referensial,1,2
tim2,1,2
nte,1,2
mangkurat,1,2
nyobek,1,3
lepar,1,2
pelangganbpln,1,3
kterangan,1,2
nyatany,1,2
klopun,1,2
temn,1,2
ptibadi,1,3
euweuh,1,4
teangan,1,2
bigi,1,2
belang2,1,2
pengakuannya,1,2
lsangat,1,2
mantaabterbaik,1,6
tunguin,1,2
reasonnya,1,3
fidak,1,2
menetukan,1,2
berlebih2an,1,3
dipromosiin,1,3
photovoltaic,1,4
kalimusada,1,3
sangate,1,2
rahmansyah,1,2
terbaikkss,1,3
sangkin,1,2
antingkan,1,2
kuluarga,1,2
plnnmakin,1,4
pengistalan,1,3
melambaikan,1,2
0asang,1,2
mlengkapi,1,2
mngundang,1,2
endk,1,2
lakh,1,2
tukiran,1,2
penjelasanny,1,2
dbls,1,2
sepaya,1,2
kenirja,1,3
disetorkan,1,2
tnggjawab,1,3
langsungdi,1,2
kesempitan,1,3
ndesoo,1,3
semstinya,1,3
tetab,1,2
besinergi,1,3
0harga,1,2
siakses,1,2
weduss,1,2
enjoyed,1,2
maafkanlah,1,2
glonggong,1,3
girikikis,1,4
buriq,1,2
eui,1,2
saraba,1,2
sattsett,1,3
bembayaran,1,3
terimakasihudah,1,2
sehinggaa,1,2
menemukn,1,2
chrecharge,1,3
terkinian,1,2
nyman,1,2
sumat,1,2
fiberhome,1,2
ontang,1,2
janet,1,2
pemilihaan,1,2
debian,1,2
murahhhh,1,2
sufor,1,2
transaksaksi,1,4
semuannya,1,2
meresakan,1,2
risin,1,2
pengantara,1,2
3kwh,1,3
bodo2in,1,4
onli,1,2
balandai,1,3
penggelapan,1,2
dikemanakan,1,3
japaron,1,3
stnd,1,2
tz,1,2
kelihatanya,1,2
pdlh,1,2
acuhan,1,2
karangluhur,1,3
flushnews,1,2
kibulin,1,2
2bintang,1,2
refferalnya,1,3
pemberitauhan,1,3
bantergebang,1,3
kasuskan,1,2
berengkat,1,3
xxxxx,1,2
komplete,1,2
daramista,1,3
insyallah,1,3
mgp,1,2
capcuss,1,3
500nya,1,2
kebelangnya,1,3
sizenya,1,2
refferall,1,3
instl,1,2
kakaku,1,2
kezia,1,3
lembaganya,1,2
nanggepi,1,3
kwalitanya,1,3
2h,1,2
lnb,1,2
ramahdan,1,2
ngecekin,1,2
statsus,1,2
ketengan,1,2
ke900,1,2
nymbung,1,3
seumurku,1,2
sertipikat,1,3
naroh,1,2
lgo,1,2
diketahuinya,1,2
puyak,1,2
penrangan,1,3
wccf,1,3
zs,1,2
sogok2,1,4
poto2,1,2
verloc,1,2
sepi2,1,2
32mb,1,2
tfn,1,2
custemerservis,1,5
rawameneng,1,3
gunax,1,2
urt,1,2
ngakbperlu,1,4
binik,1,2
mbokya,1,2
kebaikn,1,3
synergis,1,3
pinomat,1,3
disposisi,1,2
sgan,1,2
simorangkir,1,3
ditanganni,1,2
lenglap,1,2
be2rapa,1,4
mnusia,1,2
a12,1,2
mudahe,1,2
gobay,1,2
caru,1,2
poda,1,2
lamba,1,2
terjaring,1,2
k6hyep,1,4
bkm,1,2
parah02,1,2
sdapln,1,3
mulek,1,2
lr,1,2
kusma,1,2
sedian,1,2
semustinya,1,3
tetnag,1,2
sabir,1,2
ridhotullah,1,3
tranafer,1,3
nympek,1,3
lester,1,2
dibiritagukan,1,3
berbusa,1,2
oneday,1,2
muaanntaanbb,1,5
lnk,1,2
6215kbs,1,4
ditagapin,1,3
nomorpun,1,2
penyimpanannya,1,2
richese,1,2
pekembangan,1,2
wasweswos,1,4
litenya,1,2
perapihan,1,3
terkonesi,1,3
totol,1,2
rehap,1,2
mempuasakan,1,3
nunngu,1,3
keceapatan,1,2
cangihan,1,3
mujijat,1,2
mantuuls,1,3
eeuy,1,2
tereksekusi,1,3
paklaring,1,3
pentingkan,1,2
berharapnya,1,2
harbolnas,1,3
pararel,1,2
lapanangan,1,3
giliraan,1,2
jn3dlm,1,5
kodeku,1,2
oibxvn,1,5
bangipasuruan,1,4
piak,1,2
disconect,1,3
entengkan,1,2
209v,1,2
mengembangan,1,2
kedungwaringin,1,4
perluasaan,1,2
pepeng,1,2
tngkatkan,1,3
lunayan,1,2
dokumen2,1,2
upload2,1,2
900ribu,1,2
hedeewwhh,1,4
427rb,1,3
taktisnya,1,3
aep,1,2
dipandaan,1,3
pewat,1,2
ditercatat,1,3
proces,1,2
200ribuan,1,3
700ribuan,1,3
b38i,1,3
jbx,1,2
tmx,1,2
nz,1,2
b3ly,1,3
teredia,1,2
prembun,1,2
llah,1,2
swkarang,1,3
halangi,1,2
kebatam,1,2
maki2,1,2
beraninya,1,2
pengunanan,1,3
digedor2,1,4
swastika,1,2
homescreen,1,3
keniten,1,2
pads,1,2
jumplah,1,2
indor,1,2
asalamuallaikum,1,4
biayah,1,2
petugasi,1,2
usable,1,2
kilaf,1,2
pemirsah,1,2
ttgga,1,2
masx,1,2
handlecomplain,1,3
tokoped,1,2
banner2,1,2
mapp,1,2
tgl6,1,2
pelangkan,1,3
8bulan,1,2
compak,1,2
lemahjungkur,1,3
harong,1,2
appmobile,1,3
layananlistrik,1,3
fotoselfie,1,4
pajalesang,1,3
terleih,1,3
pahalan,1,2
deploverny,1,4
biderman,1,2
verisikasi,1,3
ngaruhnya,1,3
ditambaha,1,2
dienter,1,2
thunan,1,2
membatumengenai,1,4
tersertifikasi,1,3
dasa,1,2
tunggulrejo,1,3
singgahan,1,2
sorek,1,2
pengeluhan2,1,3
t2,1,2
verti,1,2
ngebekin,1,2
berbahay,1,2
sumbat,1,2
awowkowkwowkwowk,1,9
lagee,1,2
thnak,1,2
converage,1,3
sidodadi,1,3
singahan,1,2
ditatar,1,2
pokokn,1,2
malesi,1,2
ngs,1,2
bangakalan,1,2
ngelupain,1,3
kekesalan,1,2
mbatalin,1,3
stlhnya,1,3
menginstruksikan,1,3
marking,1,2
pembaratan,1,3
pengecheckan,1,4
kaula,1,2
lebihkan,1,2
15k,1,2
smogabaplikasinya,1,4
ba4i,1,3
adminstrasi,1,3
masalhlistrik,1,3
tingkatakn,1,2
webview,1,2
warm,1,2
greetings,1,3
galala,1,2
telahh,1,2
took,1,2
chatku,1,2
manfaatny,1,2
alasanlah,1,2
sangatl,1,2
aaih,1,2
tinggkatan,1,3
junjung,1,2
dasbord,1,3
mndesak,1,3
srng,1,2
consisten,1,2
telopon,1,3
betu,1,2
custoner,1,3
kepastianya,1,2
menkonfirmasi,1,5
cheker,1,2
tengil,1,2
upluad,1,3
asslmlkm,1,4
garunggang,1,3
cipatat,1,2
serring,1,2
ditepon,1,2
firsoldi,1,3
mashaa,1,2
dompetnya,1,2
cadanganya,1,2
kwkwkwk,1,3
penjelsanya,1,3
positive,1,2
geuchik,1,3
seumeureung,1,4
breh,1,2
punteun,1,3
regitrasinya,1,3
hubung2in,1,3
thn2009,1,2
iagi,1,2
bekedok,1,3
ozin,1,2
rejected,1,2
ngunci,1,2
pengiritan,1,3
prasana,1,2
kaluar2,1,3
pegembalian,1,3
sus002,1,3
gabakalan,1,2
550rp,1,2
500rp,1,2
mule,1,2
tlfon5,1,3
krma,1,2
lajutkan,1,3
klurahan,1,2
nurunkan,1,2
6dijit,1,3
bnar2,1,3
tdknad,1,2
resitusi,1,2
sukasari,1,2
periukan,1,2
ngentoot,1,4
goblokkk,1,3
jawabann,1,2
template2,1,2
2biji,1,3
inie,1,2
mbedain,1,3
tertuli,1,2
is0900,1,3
sipatnya,1,2
print2an,1,3
meliahat,1,2
darwanto,1,2
ngedaftar,1,2
sudahmasalahnya,1,3
mengecewakannya,1,2
peluhan,1,2
delik,1,2
megakui,1,3
teellaatt,1,3
rego,1,2
pengurusa,1,2
list2,1,2
berprilakulah,1,3
ktidaknyamanan,1,4
oj,1,2
manthaap,1,3
rcbo,1,2
mdpl,1,2
calung,1,2
prizes,1,3
gikiran,1,3
kurag,1,2
danaya,1,2
mekarjaya,1,2
sebelahlah,1,2
rendahlah,1,2
justeru,1,2
diprovinsi,1,4
bg0,1,2
dasaar,1,3
semangay,1,3
jerambah,1,2
gabek,1,2
kritik2,1,2
disolo,1,2
losstorm,1,3
gpdi,1,2
15jam,1,2
sansat,1,2
rtu,1,2
direcommend,1,3
shopepaynya,1,4
permasalaham,1,2
seya,1,2
dooprice2,1,4
trpakai,1,3
langdung,1,2
kalirejo,1,2
verifikatornya,1,4
mengelo,1,2
bertangung,1,3
tpy,1,2
thanq,1,2
tanker,1,2
bintang10ku,1,3
kriatif,1,2
athar,1,2
luwang,1,2
cencel,1,2
bokis,1,2
sewot2,1,3
pulung,1,2
ketampung,1,3
diberhentiin,1,4
madh2an,1,4
aslamu,1,2
ngalaikum,1,3
males2,1,2
dnt,1,2
listris2,1,3
bntun,1,3
transaksinyapun,1,3
paks,1,2
usahain,1,2
commitment,1,2
padahalbaru,1,2
unknown,1,3
dibank,1,2
oneline,1,2
susidi,1,2
mssih,1,2
fotocopi,1,3
suruh2,1,2
dafatar,1,3
reffereal,1,3
0mdcd,1,3
yudistira,1,3
owala,1,2
retusa,1,2
4nomor,1,2
gabisa2,1,3
ngerjar,1,2
peberitahuan,1,4
memjadikan,1,3
basth,1,2
30menjt,1,3
bercita,1,2
cantikkan,1,2
flaksibel,1,3
memberikana,1,2
juoz,1,2
ehehhe,1,3
metropolis,1,2
mantapncoy,1,3
diaktifin,1,3
pangebatan,1,2
peteran,1,2
parbutaran,1,3
bosar,1,2
p3layananya,1,4
cantikk,1,2
catak,1,2
purwoasri,1,4
penyelesaiaannya,1,3
cuakss,1,3
mob768,1,3
wonorejo,1,2
lombanya,1,2
magrhib,1,3
improving,1,2
umumny,1,2
stlahnya,1,3
naju,1,2
mendikte,1,2
angap,1,2
kloe,1,2
tegangga,1,2
suukaa,1,3
ngoper,1,2
diakuisisi,1,3
ksih2,1,3
madai,1,2
lfowtc,1,4
ditakutkannya,1,3
jalaur,1,2
bayar490rban,1,5
ambigu,1,2
secepatmya,1,3
33muxy,1,3
patar,1,2
perkampungannya,1,2
parittiga,1,2
dwonloud,1,3
assallamualaikum,1,5
carnya,1,2
habiis,1,3
petingginpln,1,3
maligas,1,2
taken,1,2
rantelemo,1,3
biaasanya,1,2
remit,1,2
membayarkanya,1,3
awokawoka,1,4
playtore,1,2
renteng,1,2
9r3sfd,1,6
bulum,1,2
tambora,1,2
3mnggu,1,4
oaalaah,1,4
menbabru,1,3
permintan,1,2
melewat,1,2
malng,1,2
supono,1,2
eros,1,2
2malam,1,2
tulisnnya,1,2
tersediakah,1,2
penjualn,1,2
manakh,1,2
durasai,1,3
ramutu,1,2
dbkin,1,2
klou,1,2
nyantolnya,1,4
wilayaj,1,3
terhdp,1,2
teriset,1,2
yaudahh,1,2
aayang,1,2
sebesarnya,1,2
mempawah,1,2
memphk,1,2
dprediksi,1,2
mengoper,1,2
demit,1,2
sekeringnya,1,2
walaupunsdh,1,3
terlebih2,1,2
tmyius,1,3
maintan,1,2
ahahah,1,2
kwt,1,2
ngabisa,1,2
diteror,1,2
terlihatt,1,2
biarr,1,2
persaratannya,1,3
loadnya,1,2
meyulitkan,1,2
amsyong,1,3
krjaan,1,2
luaarrbiasaa,1,5
ditulisan,1,2
diusakan,1,2
njenegan,1,3
scholl,1,2
mendadaknya,1,2
dibikinnya,1,2
tercantumnya,1,2
bombana,1,2
blanti,1,3
berkali2pun,1,3
ayem,1,2
dijelajah,1,3
nyapai,1,3
hancurin,1,2
devise,1,2
diblok,1,2
responsiveness,1,3
pretasinya,1,2
silahken,1,2
z4ikrx,1,4
diatasinya,1,2
melaporkanya,1,2
ngecarge,1,2
paketannya,1,2
maniis,1,2
manti,1,2
fzmutk,1,4
waskat,1,2
dzuhur,1,2
mendukunh,1,3
nrima,1,2
jrs,1,2
hanphon,1,3
syuhada,1,3
pless,1,2
puti,1,2
halaahh,1,3
petingatan,1,3
gydiy9,1,4
parra,1,2
menghubi,1,2
diulangin,1,2
nepatin,1,2
mapanget,1,2
penawar,1,2
depan2,1,2
almmqa,1,3
siaa,1,2
deteksinya,1,2
ulasan2nya,1,3
fasilitas2,1,2
termehek,1,3
mehek,1,2
personally,1,2
kebykan,1,3
mbawa,1,2
klupas,1,2
iniempercepak,1,4
tenk,1,2
wabaraka,1,3
motivasinya,1,2
itusendiri,1,3
sblmx,1,3
candaan,1,2
sunaryadi,1,3
ponser,1,2
ambilnya,1,2
iyalah,1,2
wkwkwkwkkw,1,4
unbelieve,1,3
muaradua,1,2
abungtinggi,1,3
tobol,1,2
memperberat,1,2
wkwkwkwwk,1,3
dipangaduan,1,3
bloutot,1,3
lalampu,1,2
bylwf6,1,5
menampahkan,1,2
rapopo,1,2
pengawasannya,1,2
kisnberyambah,1,4
disisihkan,1,3
afswmg,1,3
mengalamin,1,2
berpaa,1,2
sumapah,1,3
4dulu,1,3
cetax,1,2
mendaptarkan,1,3
s7,1,2
blsannya,1,3
ongtdi,1,3
dinsos,1,2
widiarsa,1,2
ppu,1,2
interne,1,2
begitukah,1,2
masyarakatx,1,2
sedng,1,2
busit,1,2
controll,1,2
poleh,1,2
njaluk,1,3
brobat,1,2
daon,1,2
tagihanaplikasinya,1,3
penggunaany,1,2
tergesa2,1,3
alamtnya,1,3
jazzakillah,1,4
khayron,1,2
puwodadi,1,4
manpower,1,2
rdj227,1,4
masage,1,2
matilistrik,1,3
emoji,1,2
dancow,1,2
yakalii,1,3
kereset,1,2
1desa,1,3
tetutup,1,3
mohonn,1,2
oret,1,2
trnfer,1,3
ampyun,1,2
carefull,1,2
swevicedesk,1,5
psikiater,1,3
rsj,1,2
diputus2,1,2
propensi,1,2
ttup,1,2
slowness,1,2
realitisnya,1,3
kepos,1,2
njink,1,2
nerusin,1,2
biaas,1,2
basus,1,2
barbershop,1,3
margahayu,1,3
menolonglah,1,2
laysha,1,2
nageri,1,2
empagae,1,3
dipindahin,1,2
dilalaikan,1,2
pintarr,1,2
kessing,1,2
gladi,1,2
mengiyakan,1,2
milad,1,2
awlanya,1,3
cerita2,1,2
appeelii,1,3
ditingkatakan,1,2
banyubiru,1,3
tambakrejo,1,2
o22xipg,1,4
sepeleh,1,2
layanancepat,1,2
survy,1,2
call123,1,2
ngajakin,1,2
turunya,1,2
iringi,1,3
plnsekarang,1,2
zaya,1,2
provisional,1,3
sevices,1,2
accound,1,2
irawadi,1,3
42m,1,2
seawam,1,3
unsual,1,2
pss,1,2
benyebab,1,2
keychange,1,2
kawio,1,2
pampang,1,2
paledang,1,2
lamakah,1,2
ditindaknya,1,2
15hri,1,3
nasiiib,1,3
menhidupkan,1,3
tukad,1,2
gimnagimanain,1,4
kecema,1,2
penentian,1,2
galudra,1,3
cheating,1,2
donny,1,2
khristanto,1,3
memdukung,1,3
fasts,1,2
inidari,1,2
batesi,1,2
varifikasi,1,2
komfimasi,1,4
iniih,1,2
wegah,1,3
sangatsangatsangat,1,3
dolopo,1,2
terasah,1,2
namnya,1,2
aink,1,2
paeh,1,2
gera,1,2
hurungken,1,3
kehed,1,2
fitur2ny,1,3
pmbrthuan,1,4
teknilogi,1,3
mantapkali,1,2
periodenya,1,2
soliusi,1,3
quict,1,2
admitrasi,1,3
internetannya,1,2
puaa,1,2
perhalaman,1,2
lebihkuat,1,2
siosar,1,3
kerjasamnya,1,3
maanntaap,1,4
menaambahkan,1,2
jongos,1,2
intitut,1,2
atmnya,1,2
kds,1,2
sipt,1,2
kerjakn,1,2
tepak,1,2
samadua,1,2
cameranya,1,2
jatuhan,1,2
manjalin,1,2
ikut2an,1,3
teangga,1,3
lamtim,1,2
sebenare,1,2
maintanance,1,3
statsu,1,2
ditransaksi,1,2
transeparan,1,3
rp20,1,2
jcpqsp,1,4
dereksi,1,2
niki,1,2
pnjual,1,2
lokas,1,2
ngungkapin,1,3
unek,1,2
gedeng,1,2
referesi,1,2
plislah,1,3
bloetooth,1,4
kodr,1,2
jambidan,1,2
geoogle,1,3
prubhan,1,3
krnakan,1,2
palembng,1,3
jkbrng,1,3
nanggulangi,1,4
simpl,1,2
tebong,1,2
rt005,1,3
re002,1,3
belumbsaya,1,3
zzmeski,1,4
pendaftarn,1,2
kpngn,1,2
kerenan,1,2
dimati,1,2
nanum,1,2
beginu,1,2
bk3,1,2
wadoh,1,2
akmi,1,2
sangkyu,1,2
autoblank,1,3
keakuratannya,1,2
telp123,1,2
menggembakan,1,2
kondiri,1,2
menawari,1,2
lusah,1,2
mutahirkan,1,3
mengadangada,1,3
utankayu,1,3
smpu,1,2
rollup,1,2
semakib,1,2
bales2,1,3
mkasich,1,3
purwo,1,2
kencono,1,2
kerjkan,1,2
sawalan,1,2
kalinyamatan,1,3
16rban,1,3
sepertii,1,2
insfirasi,1,3
riskinya,1,2
alihin,1,2
rguna,1,2
perbayaran,1,3
bi0asa,1,3
7kali,1,2
dapatmemberi,1,3
pematian,1,2
permaslhan,1,3
diselesaiakn,1,4
spakah,1,2
diconfirm,1,3
competency,1,2
meresponse,1,2
tono,1,2
woke,1,2
ngurus2,1,2
tejangkau,1,3
alhamd,1,3
sunarjo,1,2
bangeudh,1,3
btlberbayar,1,4
operator123,1,2
padabtl,1,3
jagalilin,1,3
cospar,1,2
prh,1,2
dimuda,1,2
instragramnya,1,3
umpamanya,1,2
ook9,1,3
9o,1,2
knock,1,2
52k,1,2
tokio,1,2
okoknom,1,4
kmk,1,2
k9,1,2
kkooko,1,3
keteranga,1,2
dibalau,1,3
waykandis,1,3
euskal,1,3
sayamenang,1,3
troubelnya,1,3
protect,1,2
ngasii,1,3
anshori,1,3
kertasari,1,2
sekelurahan,1,2
rayonnya,1,2
trica,1,2
dilnjtkn,1,4
smpaikan,1,2
mirit,1,2
seexpect,1,4
wakanda,1,2
benarpun,1,2
rotinya,1,2
ditunjukin,1,2
sipetugas,1,3
dibedakanlah,1,2
senaning,1,3
mengikis,1,3
tinggede,1,2
sigi,1,2
datamg2,1,3
konrol,1,2
teerus,1,2
seupdate,1,2
tebaru,1,2
perporma,1,2
dstu,1,2
buduk,1,2
ccuma,1,2
baregbeg,1,4
prosz,1,2
nusaindah,1,2
latah,1,2
kelancaranya,1,2
kenter,1,2
spidonya,1,3
sedangka,1,2
ketmu,1,2
baravo,1,2
malwer,1,3
spanneng,1,3
hangup,1,2
semimggu,1,3
pasyi,1,2
powerhouse,1,2
horizon,1,2
mainu,1,2
abess,1,2
nyuruhnya,1,3
mendonlowd,1,4
mengkoordinasikan,1,2
400w,1,2
semesti,1,2
rusk,1,2
arsyad,1,2
posis,1,2
normalkanlah,1,2
kenaapa,1,2
sinduharjo,1,4
lighthouse,1,2
erkesan,1,3
kenutuhan,1,2
ngerubah,1,2
sambong,1,2
wlwpn,1,4
jakallahhukhoir,1,6
langsunglah,1,2
keslamatan,1,3
keribetannya,1,3
lalkukan,1,3
riwet,1,2
kefoto2,1,3
diberin,1,2
kasarnya,1,2
akaun,1,2
dikonfrimasi,1,4
birutua,1,2
hale,1,2
profosional,1,3
okek,1,2
disepelein,1,3
nyebutin,1,3
ngesave,1,2
abubmn,1,3
eit,1,2
penyataan,1,2
dimuliakan,1,2
menyekesaikan,1,2
thok,1,2
dtangi,1,2
mengetaui,1,2
betul2sangat,1,3
uangya,1,2
pakuhaji,1,3
perlulah,1,2
dibengkulu,1,3
komputet,1,3
nyebut,1,2
32emc9,1,4
makann,1,2
huuft,1,3
xbfhl8,1,5
balasan2,1,2
mbosoki,1,3
habis2in,1,3
ivomas,1,2
ditrf,1,3
kompaniya,1,3
merasakn,1,2
menunuggu,1,4
rto,1,2
pngembalian,1,3
possible,1,3
complicated,1,3
jemadi,1,2
mamatikan,1,2
2ribu,1,2
iconnetmu,1,3
penambungan,1,3
pembacaannya,1,2
grafikasi,1,2
palanan,1,2
kmr,1,2
lt2,1,2
tandingnya,1,2
buud,1,2
komang,1,2
kumara,1,2
mashalah,1,2
beralilah,1,3
218vac,1,3
tujuhratus,1,3
dendo,1,2
arahan2,1,2
sedati,1,2
pulungan,1,2
suhandi,1,2
kosta,1,2
masdianoor,1,3
jaya2,1,2
dolod,1,2
keci,1,2
pedalam,1,2
throuble,1,3
goll,1,2
provisnsi,1,4
bdl,1,2
3xx,1,2
9rb,1,2
ngutip,1,2
sts,1,2
oceh,1,2
nurohman,1,3
nurdiana,1,3
kezholiman,1,4
aaaminn,1,3
peelayanan,1,4
ditanyai,1,2
badabestt,1,3
rekeng,1,2
beulah,1,2
rqmqh,1,5
kelian,1,2
wektu,1,3
toyal,1,2
jajal,1,2
botto,1,2
hikhikhik,1,4
suko,1,2
mungubah,1,2
kerusakanblistrik,1,3
saparwadi,1,3
lqh,1,3
upt3,1,2
migrasi2,1,2
love2,1,2
bgusbgt,1,5
mutarnya,1,2
priotaskan,1,4
30a,1,2
gergerak,1,2
exelen,1,2
uuuh,1,2
tersbut,1,2
polce,1,2
mangundap,1,3
pajakku,1,2
teramal,1,2
idung,1,2
lamteng,1,2
cloning,1,2
2200watt,1,3
penyebabkan,1,2
ddaya,1,2
frreeddy,1,4
fasiltasnya,1,3
300lebih,1,2
dinput,1,2
nyeting,1,2
bossque,1,2
markocoss,1,3
mbedoss,1,3
mbledos,1,3
dolo,1,2
ngal,1,2
b1t,1,3
blnya,1,2
cakrabuana,1,3
pesirah,1,2
marat,1,2
tnn,1,2
mencemaskan,1,2
65rb,1,2
mamu,1,2
luass,1,2
miiaawww,1,4
secuil,1,3
radak,1,2
qudu,1,2
walawpun,1,3
propran,1,2
terferifikasi,1,3
lebil,1,2
kedungpring,1,3
accep,1,2
kebuuruu,1,4
mato,1,2
eii,1,2
commuterline,1,3
hrp,1,2
dtingkat,1,2
ucup,1,2
termaksuk,1,3
wahau,1,2
5jta,1,3
datanh,1,2
penompang,1,3
serunyaa,1,2
dlsbg,1,3
tentanya,1,2
reny,1,2
sangsinya,1,2
dinegeri,1,2
mempercepatpemuliha,1,4
penagangan,1,3
direquest,1,4
merequestkan,1,5
v007,1,3
efisiensikan,1,2
diharapakan,1,2
menyaalaa,1,3
matlis2,1,3
pelurusan,1,2
amcam,1,2
amurang,1,2
plysnannya,1,4
rpot2,1,3
mnjamin,1,2
wherever,1,2
whenever,1,2
jadiseleb,1,3
inten,1,2
caal,1,2
seehari,1,2
nambah2in,1,3
bertransasi,1,2
nyalabisa,1,2
mungul,1,2
pubik,1,2
ituin,1,2
masukinn,1,2
gimanalah,1,2
kebangkan,1,2
seandaninya,1,3
kondisional,1,2
karyawanx,1,2
panin,1,2
menamba,1,3
ladalah,1,2
pltb,1,2
labura,1,2
spanengnya,1,3
auda,1,2
gerai2nya,1,3
7jt,1,2
nesya,1,2
2jtan,1,3
mningkat,1,2
kenana,1,2
membantus,1,2
gaisa,1,2
melacaknya,1,2
menrut,1,2
sebulanlah,1,2
banyang,1,2
pembaharuanya,1,2
ulasann,1,2
behari,1,2
tlpnin,1,3
waoow,1,3
urutannya,1,2
vca,1,2
ternyatajumlah,1,2
lipatnya,1,2
brsn,1,2
teakhir,1,3
bermanafat,1,2
bawaha,1,2
450ri,1,2
petengan,1,2
100g,1,2
cnivwt,1,3
117k,1,2
dikali,1,2
kounter,1,3
perkwhnya,1,3
eccomerce,1,4
penggunakanya,1,3
pasehan,1,2
dringu,1,3
centar,1,2
dikulkas,1,3
tnap,1,2
hahha,1,2
happen,1,2
ql,1,2
attach,1,2
tadaa,1,2
90ribu,1,2
mencemarkan,1,3
discon,1,2
menjalaskan,1,3
menalangi,1,3
tlnya,1,2
nsp,1,2
kemundahan,1,3
disapuin,1,3
ditebangin,1,2
chattingan,1,2
checker,1,2
kedinasan,1,2
yopi,1,2
sangkulirang,1,3
kepenak,1,2
keteran,1,2
nakes,1,2
mud2han,1,3
mestong,1,3
kaloboratif,1,3
tempt,1,2
tertancap,1,3
generate,1,2
matawoga,1,3
terhindari,1,2
reskuker,1,3
ctt,1,2
berbunyi2,1,2
andok,1,2
livechat,1,3
terace,1,2
samaphny,1,3
mawu,1,2
adim,1,2
quantitas,1,3
memperioritaskan,1,4
mndapatkn,1,3
transak,1,2
aquino,1,2
nformasi,1,2
klient,1,2
terblock,1,2
ngruwat,1,3
apalagj,1,3
tagihnya,1,3
ngelus,1,2
bals,1,2
t1,1,2
256gb,1,2
sjak,1,2
bookingnya,1,2
tetanggan,1,2
lelahh,1,2
registari,1,3
norespect,1,4
dipaki,1,2
jhana,1,2
mlu2,1,3
diakones,1,2
gebog,1,2
dimasukkin,1,3
stimulu,1,2
dkatakan,1,2
mperbaiki,1,4
alammi,1,2
nyab,1,2
signa,1,2
ismet,1,2
sblom,1,2
kyp,1,2
subhanahuwata,1,3
menghapusnya,1,2
disistemnya,1,3
ceto,1,2
derived,1,2
dbt,1,2
smpai2,1,3
shrusnya,1,3
krywan,1,3
opertor,1,2
didkt,1,2
gji,1,2
diptong,1,3
yany,1,2
grafic,1,2
dilayanai,1,3
sulitx,1,2
mendaptkn,1,3
birma,1,2
sajani,1,2
orngtua,1,2
memepersiapkan,1,3
ajan,1,2
mbenerinnya,1,3
akal2n,1,3
stumulasi,1,3
fotony,1,2
gegelapan,1,2
jeck,1,2
ajanih,1,3
alihi,1,2
kegrecepannya,1,3
ynd135,1,3
dimm,1,2
gblok,1,2
moles,1,2
nympe2,1,4
xpdqde,1,4
pynananya,1,3
sememaki,1,3
kapab,1,2
admins,1,2
paymainpoin,1,3
bantuk,1,2
sopiyan,1,3
efisiean,1,2
katuo,1,3
brsangkutan,1,4
colong,1,2
sengkon,1,2
dendone,1,2
danco,1,2
kuranglebih,1,2
anjaaay,1,3
dignti,1,3
pegeeel,1,3
sengajaan,1,2
tribes,1,2
sidorjo,1,3
sebingkai,1,3
diriwayatpun,1,3
huwi,1,2
serg,1,2
udahan,1,2
fiekum,1,3
miski,1,2
hariyati,1,2
kunangan,1,2
rajo,1,2
ngertiin,1,2
punyavkwh,1,4
rambat,1,2
menfollow,1,4
europe,1,2
sintrik,1,2
setiker,1,2
pdg,1,2
heehe,1,2
jelaskn,1,2
hanyah,1,2
arhandi,1,3
lakukarestitusi,1,4
misskomunikasi,1,3
dhub,1,2
membatunya,1,2
veritifikasi,1,3
laine,1,2
meskipn,1,2
stdkny,1,3
brikn,1,2
nyiptain,1,3
ragajaya,1,2
bambanglipuro,1,3
sanyang,1,2
histrory,1,3
mengharapkn,1,2
tetapitidak,1,2
s8,1,2
membebankan,1,2
kyg,1,2
selindo,1,2
k3napa,1,4
diping,1,2
liapt,1,2
cabu,1,2
pleassee,1,3
disensor2,1,3
ntappss,1,3
nyobaa,1,2
dipercepatan,1,2
bawelnya,1,2
5biar,1,2
menelfonnya,1,3
readmi,1,2
v15,1,2
android10,1,2
f11pro,1,3
menyampaikam,1,4
tesimpan,1,2
abdu,1,2
cambai,1,2
mentng,1,2
ktikan,1,2
hudupkanblampubdi,1,6
sunggal,1,2
duluth,1,2
onestopservice,1,5
baguse,1,2
adaapa,1,2
ndess,1,2
8gb,1,2
128gb,1,2
eloktronik,1,3
cuma2,1,2
thakz,1,3
bangrut,1,2
perpajangan,1,3
aaf,1,2
timu,1,2
profesionall,1,2
taping,1,2
pernaj,1,2
cux,1,2
terganggung,1,2
trjun,1,2
blnja,1,2
pengaduk,1,2
diseleseikan,1,3
muncule,1,2
pendor,1,2
aplknpa,1,3
donlond,1,3
toeuuvuu,1,5
bulir,1,2
stimulannya,1,3
betool,1,2
diirit2pemakain,1,6
olrh,1,2
sidikalang,1,2
perkonomianjg,1,4
mandet,1,2
besin,1,2
gimana2nya,1,3
30rumah,1,2
timpah,1,2
lahkok,1,2
tenayan,1,2
mentangor,1,3
touble,1,2
dinext,1,2
okenya,1,2
dihidup,1,2
kwlitas,1,3
tuntuk,1,2
danterjamin,1,3
sukadamai,1,3
kalimarau,1,2
babtuan,1,2
masalahkuselesai,1,4
imbnya,1,2
beken,1,2
abdya,1,2
tandon,1,2
kersamanah,1,3
ngampas,1,3
terbnyak,1,2
krina,1,2
terterima,1,3
trobos,1,2
samaran,1,2
onprogress,1,4
ajakh,1,2
covid19stimulus,1,6
nonsense,1,2
ngud,1,2
jwabn,1,3
dbtalkn,1,3
dengarnya,1,2
sanio,1,2
memperpendek,1,2
kuranganya,1,2
ngurangi,1,3
whort,1,2
nyalindung,1,3
tenjowaringin,1,5
triad,1,2
allocate,1,3
dtmf,1,3
datangani,1,2
buangeet,1,2
kenyamann,1,2
bangeeet,1,3
mpa,1,2
menjulur,1,2
ketanah,1,2
tigatiganya,1,3
baned,1,2
mbpsnya,1,2
dihilangi,1,3
arenya,1,2
exhausted,1,4
ngipasin,1,3
ngotakin,1,3
sdkt,1,2
mrmuaskan,1,3
alfamat,1,2
dayane,1,2
gole,1,2
diroses,1,2
printis,1,2
ampundeh,1,3
langgananya,1,2
unduk,1,2
ditemper,1,2
gmtjob,1,2
ambowetan,1,3
etdah,1,2
begron,1,2
disedot,1,2
balasa,1,2
9xlipat,1,3
per3,1,2
tebo,1,2
honny,1,2
disubuh,1,3
dihubngi,1,4
wf,1,2
slebweew,1,4
vertual,1,2
mengeksplor,1,3
orangg,1,2
etikad,1,2
undang2,1,2
mamadukan,1,3
telingan,1,2
semangkinmempermudah,1,5
waee,1,2
ceunah,1,3
iklanin,1,2
insallah,1,2
bintang4,1,2
sangatmembantudalam,1,4
gemari,1,2
uncle,1,2
muthu,1,2
jawabin,1,2
sangatrmbantu,1,4
kitabisa,1,2
olot,1,2
apriyani,1,3
hajimena,1,3
aplikplikasinya,1,3
diberau,1,2
menggeluh,1,2
argumentasinya,1,2
gery,1,2
campurdarat,1,3
hallyu,1,2
muantaff,1,3
skitarnya,1,3
permasalaan,1,3
ekskusi,1,2
infilistrik,1,3
nunggu1minggu,1,3
abang2nya,1,3
terformat,1,2
canel,1,2
orderannya,1,2
begeser,1,2
digesernya,1,3
memg,1,2
biiznillah,1,5
mebelinya,1,2
kerumah2,1,2
mendeteksinya,1,2
didtgi,1,3
ptugsx,1,4
terunggah,1,2
bmaayar,1,3
terprint,1,3
pelatakan,1,2
insan2,1,2
gunananya,1,3
dengangan,1,2
membagagongkan,1,4
seering,1,2
tercaver,1,2
imponya,1,2
disuplay,1,3
kto,1,2
substantion,1,3
tangkerang,1,2
distribusikan,1,2
konsekwen,1,3
panik2,1,2
gymna,1,2
ndapetin,1,3
terlogout,1,3
700ribu,1,2
diomong,1,2
stats,1,2
gebug,1,2
trus2n,1,3
dispam,1,2
akutu,1,2
yeii,1,2
mokmkmmokmoomokokppomkk,1,10
kemn,1,2
thenks,1,2
tecepat,1,2
inyong,1,2
patal,1,2
luuarr,1,3
lloolooll,1,4
loollollolollol,1,6
oolloo,1,3
ooloollo,1,4
solanya,1,2
mensetujui,1,2
digunan,1,2
tigkat,1,3
ygvkalian,1,4
variaty,1,3
bumiku,1,2
penangananpun,1,2
anj8ng,1,3
kiomiloouoloi,1,6
opo9pmp,1,5
ololollo,1,4
penglaman,1,2
ketolong,1,2
perangi,1,2
isolator,1,3
masalahkulangsung,1,3
thankyouuu,1,3
bekurang,1,2
picure,1,2
semmua,1,3
rewo2,1,3
duar,1,2
tadlisnya,1,3
olanjtuksnbya,1,6
fats,1,2
mendaparkan,1,2
tangian,1,2
rtl,1,2
mnjelang,1,3
tkami,1,2
senga,1,2
hotel2,1,2
haik,1,2
rmhku,1,2
qpl,1,2
cata,1,2
andriyanto,1,2
ngagetin,1,3
notfikasi,1,2
notifikasi2,1,2
penerimalaporan,1,2
psaya,1,2
dampai,1,3
mptif,1,2
dipiara,1,3
jebolnipu,1,3
paruguh,1,3
nontoken,1,3
tpstlh,1,3
kemeren,1,2
bintangnnya,1,2
strek,1,2
idntitas,1,3
singaapp,1,2
tandinganya,1,2
conent,1,2
ditangsel,1,3
sebnarnya,1,3
berbondong2,1,2
verifikaasi,1,4
remen,1,2
510rb,1,2
memadaii,1,2
meding,1,2
nauli,1,2
matengin,1,3
440va,1,3
bumnnya,1,2
asliilaahh,1,3
spamm,1,2
spamnya,1,2
authentification,1,3
novida,1,2
diinstruksikan,1,4
pasin,1,2
tabunganya,1,2
dapp,1,2
donh,1,2
kerewwn,1,4
berjubel,1,3
karusakan,1,2
keterlambatannya,1,2
ciptaruk,1,2
skdr,1,2
siapun,1,2
bntgny,1,3
kewajaran,1,2
trn,1,2
cileunyi,1,2
reme,1,2
nama2nya,1,3
mandatory,1,2
dianggep,1,2
mkstnya,1,3
verbalkan,1,2
whay,1,2
pikul,1,2
jengkelnya,1,2
bisukan,1,2
listriknnya,1,2
bluothuut,1,4
execusi,1,3
bodohin,1,2
dipriksa,1,2
siapalah,1,2
ngluarin,1,2
blaa,1,2
dilahan,1,2
exekusi,1,2
brshbt,1,3
centr,1,2
fauzani,1,2
diperantauan,1,3
danpas,1,2
pambaharuan,1,3
hoa,1,2
bararti,1,3
laporantolong,1,2
pagerwangi,1,3
tindaklajut,1,4
680ribu,1,3
khalis,1,2
bhanuwisesa,1,5
perluaskan,1,2
mempublikan,1,3
mndaptkn,1,4
terbantut,1,2
j0s,1,3
redi,1,2
kujungannya,1,3
joged,1,2
cttn,1,2
24sampai,1,2
kemduian,1,3
indifidu,1,3
bantuaannya,1,2
cendol,1,2
wakru,1,2
pengguanannya,1,3
anjr,1,2
dilokalisir,1,4
beraniin,1,2
amsukan,1,3
ontah,1,2
mangatakan,1,3
bagen,1,2
binta,1,2
inport,1,2
amplikaypln,1,4
masahal,1,2
aplikasim,1,2
nnty,1,2
bljr,1,2
kdong,1,2
jdy,1,2
jih,1,2
memperlukan,1,2
apikasikan,1,2
bindu,1,2
plinplan,1,3
pyannanya,1,3
dikoneksikan,1,3
buatkn,1,2
tahin,1,2
lbi,1,2
sadarii,1,2
keterngn,1,3
terimaklasih,1,3
enceran,1,2
hadohh,1,2
tricky,1,2
fham,1,2
gaget,1,2
bersertipikat,1,3
untok,1,2
pkpm,1,2
poroses,1,2
tadak,1,2
abufarhat,1,3
jroh,1,2
wjr,1,2
eksekutor,1,2
optional,1,2
menepatkan,1,2
seklah,1,2
tlpnya,1,2
meskin,1,2
14juli,1,3
tingatkan,1,2
lala,1,2
cigebang,1,2
03rw,1,2
aliasi,1,2
nyalahkan,1,3
bukany,1,2
bertaham,1,2
bermobil,1,2
iihh,1,2
pugut,1,3
telpom,1,2
kalimatnya,1,2
terifnya,1,3
intruksi2,1,3
profisonal,1,3
tihang2,1,4
menhenai,1,3
sukaharja,1,3
sukamakmur,1,3
pedawang,1,2
rayonpln,1,3
catchy,1,3
pinpinan,1,3
setempatnya,1,2
suai,1,2
lolo,1,2
menyusulkan,1,2
dannilai,1,2
mekarmukti,1,4
pulokapuk,1,3
diristitusinya,1,4
situbolang,1,3
margajaya,1,2
mengompitmasi,1,4
akih,1,2
soko,1,2
dengah,1,2
nyengcle,1,3
ditunjuka,1,2
hendrayana,1,2
bagnet,1,2
toapaya,1,3
maleh,1,2
kpd450,1,2
untungya,1,2
alamatny,1,2
hokben,1,2
kunjugan,1,3
mamtull,1,3
mengantinya,1,2
tongnya,1,2
kopy,1,2
107km,1,2
114km,1,2
tiwoho,1,3
abrasi,1,2
menunggucepat,1,2
sitik,1,2
harab,1,2
20500xx9886,1,5
suanget,1,3
pihaklain,1,2
mangcapek,1,3
kimung,1,2
qplikaainya,1,4
unintall,1,3
tertama,1,2
besr,1,2
reconect,1,3
tpq,1,2
750v,1,2
tanyankan,1,3
sma2,1,2
kasihlah,1,2
bahi,1,2
exsim,1,2
dipkai,1,3
pakey,1,2
setiaphari,1,2
hamdu,1,2
wlu,1,2
bukanx,1,2
sistemx,1,2
menscransot,1,4
serviceku,1,2
selainya,1,2
idanoi,1,3
sifalaete,1,3
keitu,1,2
berepa,1,3
gelap2n,1,3
rp3,1,2
menelpn,1,2
kte,1,2
dijakan,1,2
mnyesal,1,3
gaplek,1,2
pelaksanaperbaikan,1,3
nentukan,1,2
sangkaruhip,1,3
alhasilnomer,1,3
seluar,1,2
kikuk,1,3
tertanda,1,2
karangkates,1,3
bagusbyg,1,3
contentnya,1,2
cimanis,1,3
soallnya,1,3
fasilatas,1,2
memasukin,1,2
padamnyapun,1,3
mobilenmemberikan,1,4
cepatbtanggapan,1,4
peking,1,2
ulccisoka2,1,5
singanya,1,2
cabang2,1,2
crana,1,2
flesibel,1,3
seorg,1,3
pekatannya,1,2
mwmbbatu,1,3
shopy,1,2
twmpat,1,3
amount,1,2
suarno,1,2
pelor,1,2
kopratif,1,3
demiki,1,2
direkomondasikan,1,4
80ribu,1,2
sngt,1,2
stbil,1,2
jancox,1,3
simpledengan,1,2
porec,1,2
berjenjang,1,2
kerennn,1,2
listrikmati,1,2
kalipucang,1,3
keteledoran,1,3
speak,1,2
kondusifkan,1,2
darsih,1,2
isman,1,2
fardah,1,2
pnyebab,1,2
membutahkan,1,3
messeger,1,2
kemna2,1,3
sampenya,1,2
dispose,1,2
jadix,1,2
jugarusak,1,3
bejarak,1,2
sodaranya,1,2
wajarnya,1,2
sabener,1,2
sertifikate,1,2
sediri,1,2
benar22,1,2
jellek,1,2
wibsite,1,2
cindramata,1,3
pecah2,1,2
akhyar,1,2
accounnya,1,2
4sore,1,3
kenanganlah,1,2
obatny,1,2
l8strik,1,4
950an,1,3
giamna,1,3
jajaranya,1,2
appa,1,2
ujungny,1,2
implemented,1,2
s7dah,1,3
seakali,1,2
tetngga,1,3
muuanntaapp,1,5
cepy,1,2
seegala,1,2
lomot,1,3
27okt,1,3
mufakatkan,1,3
kedutaanya,1,2
alamatx,1,2
giliaran,1,2
andro,1,2
tampere,1,2
jlk,1,2
bfk,1,2
fernah,1,2
botos,1,2
tafi,1,2
set11,1,2
orgtua,1,2
pjj,1,2
dibalikpapan,1,2
vmi,1,2
7b,1,2
giveawaynya,1,3
sesusai,1,2
ajch,1,2
kontrakkan,1,2
onlinee,1,2
arivai,1,3
muarahan,1,2
kejawa,1,2
tompira,1,3
semau2nya,1,4
qoe,1,2
sngt2,1,3
hilg,1,2
kalih,1,2
danaku,1,2
diutamain,1,3
bervarisi,1,2
belido,1,2
titipkan,1,3
entrinya,1,2
bagusfitur2,1,3
reating,1,2
menyangkan,1,2
2xnya,1,3
terpagar,1,2
kwg,1,2
mobileudah,1,2
klihatanya,1,3
terpsang,1,2
cuang,1,2
sherlyn,1,2
maizi,1,2
gondrong,1,2
mallah,1,2
karemaren,1,3
mememudahkan,1,3
helpis,1,2
plnterbaik,1,3
aplikasidapt,1,3
cika,1,2
caer,1,2
trimssemoga,1,2
allert,1,2
balasaan,1,2
tidurku,1,2
mananapun,1,3
trimis,1,2
macemnya,1,2
mawan,1,2
lewih,1,2
nyusuri,1,2
yga,1,2
beep,1,2
500m,1,2
berserti,1,2
direstat,1,2
tpl,1,2
cuku,1,2
tercekik,1,3
mentul,1,2
lebihm,1,2
dimushola,1,3
gronding,1,3
tkon,1,2
angraini,1,3
akam,1,2
berhbgan,1,3
disystem,1,4
ketambak,1,2
melebhi,1,3
tergangu,1,2
kayawan,1,2
oini,1,2
liyat,1,2
dibeku,1,2
ibuh,1,2
tipu2lah,1,3
palue,1,2
kebnaran,1,3
plyananny,1,4
pncitraan,1,4
rao,1,2
gals,1,2
baganggu,1,3
applicable,1,3
neu,1,2
apalai,1,2
pukul16,1,2
bumb,1,2
benai,1,2
magiccom,1,2
kliris,1,2
dudi,1,2
penting2,1,2
sport2,1,2
p2t,1,3
screnshotnya,1,4
toolsnya,1,2
yangter,1,2
lainlah,1,2
kelmaan,1,2
pama,1,2
jiwo,1,2
diistal,1,2
ditengan,1,2
determinasi,1,2
mengakomodirnya,1,3
10h,1,2
detected,1,2
mibta,1,3
dipaskan,1,2
sayajuga,1,2
curl,1,2
telep,1,2
alasane,1,2
klrg,1,3
bahkn,1,2
kemekah,1,2
humma,1,2
clir,1,2
perekonomiann,1,2
tmpilan,1,2
apalagai,1,3
apalh,1,2
mobiles,1,2
terawasi,1,2
tamabahin,1,3
didamping,1,3
mentenencenya,1,4
mbengkak,1,3
cang,1,2
alogaritma,1,4
mengelamai,1,2
fengan,1,2
pertahakan,1,3
maksiih,1,2
malaya,1,2
begal,1,2
mengangakses,1,3
temmy,1,2
petasia,1,2
dikitt,1,2
hilman,1,2
maasi,1,2
koorporatif,1,4
hanphone,1,2
hadehhh,1,3
danbisa,1,2
sevicenya,1,3
mantul2,1,3
seehh,1,2
pemingkatan,1,4
fixx,1,2
pembyarannya,1,3
timggal,1,3
miwarang,1,3
ruben,1,2
lucukan,1,2
kayan,1,2
enakk,1,2
susahny,1,2
tedaftar,1,2
kurang2nya,1,3
tooltool,1,3
yantek2,1,3
menglistrik,1,3
pengundiannya,1,2
propider,1,2
peraja,1,2
pormasi,1,3
d4na,1,3
bangunanya,1,2
waeyo,1,2
kameramen,1,2
tap2,1,2
goblox,1,3
nntool,1,3
berharab,1,2
xml,1,2
apa2nya,1,3
liran,1,2
nggh,1,2
michat,1,2
konsernya,1,2
gagak,1,2
lool,1,2
actualnya,1,3
terpaang,1,3
leeway,1,2
terinskh,1,3
laayanan,1,3
sipat,1,2
pemeliharaanya,1,2
curhatnya,1,2
lampos,1,2
danya,1,2
sampak,1,2
ngecover,1,2
emobile,1,3
dijaminn,1,2
pemamahaman,1,3
dihungi,1,2
ibad,1,2
disl,1,2
kadiah,1,2
diminimalkan,1,2
taptap,1,3
bosz,1,2
dansaya,1,2
climb,1,2
kesampean,1,3
tranfortasi,1,3
arnes,1,2
dakah,1,2
modelannya,1,2
ta1kk,1,3
pemerintas,1,2
maraoke,1,2
himbauannya,1,3
berjibun,1,3
keneh,1,2
maksakeun,1,3
pcbnya,1,2
menoperasikan,1,2
macigkom,1,3
sebagianya,1,2
menghematkan,1,2
capability,1,2
kambat,1,2
ngtop,1,2
persyaran,1,2
ticketnya,1,2
penyampai,1,3
bongkarlah,1,2
isitimewa,1,3
tahanlama,1,3
serng,1,2
aplikasinyasemakin,1,3
resfonsibe,1,4
puooll,1,3
ena,1,2
tlon,1,2
400an,1,2
refudannya,1,3
meringkankan,1,2
bakk,1,2
ketikaada,1,2
solli,1,2
kwaliatas,1,3
statusmya,1,3
diblock,1,2
balaraja,1,3
moti,1,2
notife,1,2
pylsa,1,3
allamiin,1,2
umtukudahkan,1,4
berhubungsn,1,2
berdaftar,1,2
basang,1,2
843rb,1,3
kencangkan,1,2
pelsnghal,1,4
febuary,1,2
sakjosee,1,4
anjaani,1,3
meukanciah,1,4
dimanis,1,2
bangetz,1,2
wjh,1,3
diakali,1,2
ditutupinlah,1,3
kebobrokan,1,3
tempat2,1,2
bego2,1,3
persimple,1,3
nipukah,1,2
optiknya,1,2
sasah,1,2
huf,1,2
mantannya,1,2
cipanas,1,2
menengani,1,2
pesoalan,1,3
buuruk,1,2
digitalsaat,1,2
ndrodog,1,3
karu,1,2
menhemat,1,3
supayah,1,2
tersukses,1,2
tintanya,1,2
dilakasanakan,1,3
thnkz,1,3
memakaia,1,2
ditanggapai,1,2
maau,1,2
kemudaahan,1,3
perul,1,2
pargi,1,2
skpa,1,2
mbuletnya,1,4
yed,1,2
200ms,1,2
bajoe,1,2
perkmbangan,1,3
kertasnya,1,2
plad,1,2
spbklunyanditambah,1,6
mediakan,1,2
adamasalah,1,3
lancung,1,2
gagus,1,2
bahayannya,1,2
pekanbatu,1,2
pengapliasiannya,1,4
inibsngt,1,4
menydiakan,1,3
muaantablah,1,4
greeting,1,3
syngnya,1,3
gmau,1,2
dtunjang,1,2
datangya,1,2
ceroboh,1,2
kermahan,1,3
pemeberitahuan,1,3
masaj,1,2
selaloe,1,3
laloo,1,2
irshad,1,3
rejekipun,1,2
muwwanntab,1,4
ngcek2,1,3
masiarakat,1,3
pengambalian,1,3
kapan2,1,2
mndpatkan,1,3
bserta,1,2
awwhh,1,3
lcyxhe,1,4
terekap,1,2
ssekali,1,2
wayen,1,2
maraq,1,2
menghabis,1,2
ufah,1,2
burun,1,2
betty,1,2
mjkkjggjgkknm,1,9
beter,1,2
sangatbagus,1,2
mendonlodnya,1,5
membalong,1,2
ritik,1,2
penindakanya,1,3
cinunuk,1,3
cimekar,1,2
pemangasangan,1,3
sakitlah,1,2
kelain,1,2
windi,1,2
pendaran,1,2
angdat2,1,3
hargax,1,2
mencatkan,1,2
menhbgi,1,4
tesebut,1,2
baik2nya,1,3
kobil,1,2
absahan,1,2
mingirim,1,2
jbu,1,2
allahumasholialla,1,5
waalaali,1,3
cq,1,2
memedahkan,1,3
ngerokok,1,2
450nya,1,2
ezzss,1,3
yangonnesia,1,3
candiroto,1,2
pnjng,1,3
akooh,1,2
aldo,1,2
aldair,1,2
terjafi,1,2
hiyahiyahiyaa,1,5
mendaftarkarkannya,1,3
ahayy,1,2
pantrang,1,2
lhamdulillah,1,5
mandie,1,2
sipz,1,2
perkali,1,2
smoaga,1,2
menjali,1,2
sanes,1,2
kemala,1,2
9112017p3y,1,5
difungsingkan,1,4
masyaraat,1,2
dihemat,1,2
kebutuhann,1,2
rerbaik,1,2
stimulatory,1,3
begining,1,2
laporanlangsung,1,3
lanjud,1,2
yx,1,2
pegadungan,1,3
buruang,1,2
manikin,1,2
pfdrffdp,1,4
ldv,1,2
sndo,1,2
kuberikan,1,3
untaian,1,2
wageelasehh,1,4
binniyat,1,3
seribuu,1,2
sementaranya,1,2
pending2,1,3
postif,1,2
trlanjur,1,3
mengemis,1,2
perusaahan,1,3
senor,1,2
goxil,1,3
maksima,1,2
tbank,1,2
permasalahnan,1,2
absolutely,1,2
saadat,1,2
innamal,1,2
eung,1,2
tugumukti,1,4
menindaklajutinya,1,4
tja,1,2
insntasi,1,3
menyenangkn,1,4
kewreen,1,2
srikandang,1,3
berjenggot,1,3
tersampai,1,2
ingikan,1,2
nnn,1,2
terpantu,1,2
sesuwai,1,2
pion,1,2
nangga,1,2
jelek2an,1,3
duya,1,2
kostan,1,2
onlinennya,1,2
sllau,1,3
memperbaiknya,1,2
mrengut,1,3
subcontractornya,1,5
adabiya,1,2
masihg,1,2
membar,1,2
majalahnya,1,2
cigudeg,1,3
adagiliran,1,3
ramah2bterima,1,5
watuneso,1,3
garai,1,2
internetx,1,2
p2ntl,1,4
bloknya,1,2
baikb,1,2
164rb,1,2
senternya,1,2
layanannamun,1,2
peningkatatan,1,3
rasaya,1,2
uplode,1,3
wlan,1,2
terrus,1,2
betus,1,2
fantasis,1,2
woah,1,2
ngadirejo,1,3
vanya,1,2
24hari,1,2
jeritan,1,2
naaiiss,1,3
kebank,1,2
pqdelayanan,1,4
ariyanto,1,2
pisangan,1,2
ngembaliin,1,3
patuhi,1,2
helow,1,2
kega2lan,1,4
tindaknnya,1,2
cepetaan,1,2
devoloper,1,3
langsunng,1,3
ogak,1,2
enternet,1,2
internat,1,2
penganangan,1,2
cakat,1,2
llo,1,2
bagaimanasekarang,1,2
dihisab,1,3
izin2,1,2
markups,1,3
vocher2,1,3
gampah,1,2
sybpribadi,1,4
dibener,1,2
numerisasi,1,2
diwakilkan,1,2
lndonesia,1,3
suanggaatt,1,3
titipin,1,2
v027,1,3
fakk,1,2
tambahhan,1,2
jogya,1,2
lancang,1,2
mendatangani,1,2
artiny,1,2
banggah,1,2
karenaurusan,1,2
savvy,1,2
jayateruss,1,3
bawan,1,2
farhan,1,2
capil,1,2
ewa,1,2
kerjasa,1,2
doremi,1,2
menyetrum,1,2
cilendek,1,3
berkomumikasi,1,4
tameng,1,2
terulag,1,3
rakayat,1,2
besar2,1,2
diputusin,1,2
a5u,1,3
manggu,1,2
crm,1,2
jelskan,1,3
abaik,1,2
terlilit,1,2
bngunan,1,2
s3jak,1,3
sebeleumnya,1,3
luwarbiyasa,1,5
pengkot,1,2
225character,1,4
totall,1,2
kaizen,1,2
ganbbuan,1,3
9januari,1,3
selal,1,2
wabilkhusus,1,3
noticenya,1,3
2blaan,1,3
nelen,1,2
bertanggungjawabnya,1,3
kamiada,1,2
nungg,1,2
laporanjadi,1,2
ngateman,1,3
varchar,1,2
9an,1,2
pioneer,1,3
kuatin,1,2
tertindak,1,2
tubule,1,2
kelepasan,1,3
juozz,1,3
prtanyaan,1,2
panai,1,2
menten,1,2
kenyamukan,1,3
livi,1,2
diuar,1,2
dtutup,1,3
douwlop,1,3
lajutin,1,2
99hari,1,2
kaloada,1,2
situkang,1,2
bogen,1,2
bermanfaad,1,3
ternyataresponnya,1,4
tidakseperti,1,2
rezeqi,1,3
emmbantu,1,3
rtus,1,2
besok2nya,1,3
berubh2,1,4
optimalisasikan,1,2
doet,1,2
exparid,1,3
sirumah,1,2
sinj,1,2
8k,1,2
gti,1,2
memabatu,1,3
approvel,1,3
sistimnya,1,2
pngerjaannya,1,4
paake,1,2
warrbiasaa,1,4
timgkat,1,3
sangna,1,2
ue,1,2
opik,1,2
warganegara,1,2
maintaince,1,3
raha,1,2
plyayannya,1,4
mndengar,1,3
diahirat,1,2
yarobbalamin,1,4
pindo,1,2
melbu,1,2
tksi,1,2
1x12jm,1,5
ngunyah,1,3
segap,1,2
semuanyanya,1,2
berteabsaksi,1,4
sebelumnya2,1,2
pkonamh,1,3
alhamdulah,1,2
nggek,1,2
unntuk,1,3
yerhalamh,1,4
balmat,1,2
mplg,1,3
orok,1,2
sempor,1,2
gede2an,1,3
berjutajuta,1,3
matersembah,1,3
pak2,1,2
ashok,1,2
kepedulianya,1,2
phpin,1,2
10saya,1,2
pukis,1,2
kebangeten,1,4
azhan,1,2
5xnya,1,3
memfotokan,1,3
aktif2,1,2
krayawan,1,3
aboy,1,2
semangatpara,1,2
dukcapil,1,3
enaknyaa,1,2
kariangau,1,3
bantuanan,1,2
bebulan,1,2
panang,1,2
aufal,1,2
bingunk,1,2
tgna,1,2
brilink,1,2
soeka,1,2
saketa,1,2
earn,1,2
set4,1,2
pekerjab,1,2
pegawe2,1,3
tagihii,1,3
bcaf,1,2
muis,1,2
divalidasi,1,4
finishnya,1,2
tiga2,1,2
tejakula,1,3
gelapku,1,2
sundel,1,2
lolli,1,2
biayaapapun,1,2
gawai,1,2
tasyakuran,1,3
gembor2kan,1,4
terlmbt,1,3
terlalau,1,2
gasfull,1,2
dinafkahi,1,3
panjangin,1,2
bebetapa,1,3
asallamualaikum,1,5
sabarr,1,2
muaan,1,2
berhasiil,1,3
v207,1,3
10detik,1,2
perhenti,1,2
keluahn,1,3
nomen,1,2
muriel,1,2
pralansia,1,3
hooke,1,2
pengaliran,1,2
laporkannya,1,2
slaluu,1,2
ukang,1,2
sesuia,1,2
jila,1,2
vida,1,2
pelyananan,1,3
cace,1,2
hutauruk,1,3
aekraja,1,3
liustomo,1,3
siambaton,1,3
terterah,1,2
reals,1,2
terkair,1,2
romeo,1,2
kalan,1,2
kaulah,1,2
tempet,1,2
sego,1,2
njegleg,1,3
ditetangga,1,4
dipelanggan2,1,3
simanungkalit,1,5
aplisasi,1,2
dikrm,1,3
10malam,1,2
boroboro,1,2
mendan,1,2
sambung2,1,2
kebonharjo,1,2
nipi,1,2
verefikasi,1,3
mantappssas,1,4
penganggurannya,1,2
maaciw,1,3
pelangannya,1,3
hatr,1,2
mejadikan,1,2
4u,1,2
yaaps,1,2
cthnya,1,3
ssaw,1,2
zee,1,2
3e,1,2
ndeso,1,2
mendapatkna,1,3
ngejlek,1,2
terurus,1,2
zvxdk7,1,5
up3cengkareng,1,5
nyender,1,2
ditambh,1,3
2unit,1,2
b4509,1,3
sxs,1,2
mmbuktikan,1,3
dpungut,1,2
sekal9,1,2
peraduanya,1,2
tunjangannya,1,2
nganggep,1,2
gadirespon,1,3
dislike,1,2
nyebrang,1,3
musuhin,1,2
nasehatin,1,2
seomga,1,3
swakelola,1,3
adzanpun,1,2
disediakn,1,3
dudung,1,2
maslahah,1,2
gamungkin,1,2
jebak,1,2
email2,1,2
teriamaksih,1,3
bnaget,1,2
dula,1,2
pengeseran,1,2
teamwork,1,2
ngopipun,1,2
keyaman,1,2
mempang,1,2
saowd4,1,3
kwmeternya,1,3
masarakattrimakasih,1,6
semangatbapak2,1,3
05s,1,2
menngunakan,1,4
sirep,1,2
uga,1,2
mebaik,1,3
karangklesem,1,4
gaskeenn,1,4
sekuruh,1,2
nton,1,2
hbungin,1,3
ketkutan,1,3
pentunjuknya,1,3
anyway,1,2
ringkih,1,2
scptnya,1,3
waktulama,1,3
menajadikan,1,2
unstall,1,3
wuy,1,2
dung,1,2
3malam,1,2
feh,1,2
nyaut,1,2
pff,1,2
kersever,1,3
spbklunya,1,3
informasil,1,2
lunaskan,1,2
teranng,1,2
uenak,1,2
butuhe,1,2
tetapa,1,2
penyampaiam,1,4
kalauada,1,2
keuntung,1,3
nyelip,1,3
nanggung2,1,3
memerus,1,2
inapp,1,2
sampan,1,2
kuki,1,2
sutisna,1,3
dimanfaatin,1,3
spot2,1,2
kenaa,1,2
surug,1,2
tervertifikasi,1,3
mmuaskn,1,3
besokk,1,2
raso,1,2
masalahlah,1,2
pengurusnya,1,2
wawawa,1,2
terusmenerangi,1,4
koordinadi,1,3
digitilisasi,1,2
keplosok,1,3
indikatornya,1,2
transisinya,1,2
gogleplaysrore,1,5
alhamdlh,1,4
mayi,1,2
viwer,1,3
dalismar,1,3
dinikahan,1,2
2xpun,1,3
jaringgan,1,2
apin,1,2
peternakkan,1,2
nggodo,1,2
dpakek,1,3
bnagunan,1,3
typ,1,2
harlisnas,1,3
mubarokah,1,3
wiratno,1,3
arifiyanto,1,4
akai,1,2
terimakas,1,2
tehkniknya,1,3
tjakep,1,3
masum,1,2
dijelakan,1,3
dtng2,1,3
binakal,1,2
gadingsari,1,2
digunakanya,1,2
lilihan,1,2
erorsistemjaringan,1,4
presepsi,1,2
tedepan,1,2
calu,1,2
inbate,1,3
menunngu,1,3
manntuull,1,4
icom,1,2
dannpasang,1,3
internetmu,1,2
wes2,1,2
trang,1,2
tmbahn,1,3
nyonyor,1,3
bahwasan,1,2
skolh,1,3
berkemang,1,2
sampahlah,1,2
memndapatkan,1,3
umbar2,1,3
begitu2,1,2
ngerii,1,2
yantekgu,1,3
jlo,1,2
teminabuan,1,3
nggoang,1,2
rruar,1,2
realible,1,2
malinda,1,2
berti,1,2
ayuk,1,2
yoppy,1,3
mepersulit,1,3
pripasi,1,2
pecerahanya,1,3
boskuhwilayah,1,4
beraatt,1,3
inobonto,1,4
pajero,1,2
alhamdulil,1,2
kegini,1,2
dikorup,1,3
darintiang,1,4
mpk2,1,3
unsave,1,2
karombasan,1,3
besarmu,1,2
burukmu,1,2
isdiman,1,3
kedepannyanya,1,2
miinngguaan,1,5
cepattingkatkan,1,4
ksk,1,2
pelengan,1,2
dafrat,1,3
keselamatannya,1,2
diralat,1,2
betulla,1,2
erol,1,2
nggx,1,2
idih,1,2
maksaa,1,2
rp50,1,2
kekampung,1,2
boke,1,2
updatelah,1,2
ketolongan,1,2
semhat,1,2
selogiri,1,2
lumbir,1,2
ngabari,1,2
perlambat,1,2
instalater2,1,3
koxa,1,3
nggaknya,1,2
pemersatu,1,2
sembuh2,1,2
amam,1,2
remukan,1,2
rengginang,1,3
ttransaksi,1,3
weess,1,2
ariyadi,1,2
ktrima,1,3
diats,1,2
yuga,1,2
deengan,1,2
mudim,1,2
rifqi,1,2
fadhil,1,2
kasu,1,2
membangga,1,3
perkhidmatan,1,4
remehkan,1,2
memana,1,2
pangsung,1,2
nanam,1,2
kepept,1,2
berempat,1,2
nsemua,1,2
amnan,1,2
y50,1,2
ram8gb,1,3
rom128gb,1,3
sagala2,1,3
baterey,1,2
karnay,1,2
pske,1,2
nyb,1,2
plyannannya,1,4
dummy,1,2
sepulah,1,2
progrmnya,1,2
taikucing,1,3
taibai,1,3
susanta,1,2
luasdan,1,2
berinterksi,1,3
dbls2,1,3
buket,1,2
gratid,1,3
geukuh,1,3
luoa,1,2
mubah,1,2
teukuh,1,2
arut,1,2
ramdan,1,2
mazuk2,1,3
invois,1,2
berbedah,1,2
bujan,1,2
mssa,1,2
pemalsu,1,3
tandatangan,1,2
takjil,1,2
garepot2,1,4
tfnya,1,2
masihbelum,1,2
mempersingkatan,1,2
tdknnaik,1,4
kex,1,2
disamper,1,3
rame2nya,1,3
robet,1,2
walauoun,1,3
pejabat2,1,2
zelalu,1,2
digunakaan,1,2
pendaftartaran,1,3
progarm,1,2
luarbiasaan,1,3
jpl,1,2
lirikan,1,2
performan,1,2
droup,1,2
unttuk,1,2
kantr,1,2
diopersaikan,1,4
peureulak,1,4
memperihatinkan,1,2
berapaa,1,2
keriwehan,1,4
kelimpahan,1,3
terkalibrasi,1,3
sefenomenal,1,4
kiis,1,2
gereceup,1,3
ciparay,1,3
m3layani,1,4
swacammob,1,4
khbisan,1,3
epot,1,2
luamayan,1,3
menandatangan,1,3
melwati,1,2
uua,1,2
pake2,1,2
ganguankwkwkwkw,1,4
kerusakan2,1,2
kemarenan,1,2
muluh,1,2
bangle,1,2
jam07,1,2
tdkmnaik,1,4
fendor,1,3
kangan,1,2
nempunyai,1,3
ulalala,1,3
alhmduliahh,1,4
dunya,1,2
kerjamu,1,2
adventus,1,3
kerapihan,1,2
binaya,1,2
naii,1,2
testi,1,2
siagian,1,2
angry,1,2
kwkwkwkwk,1,3
ahmd,1,2
bneer,1,2
praktsi,1,2
majau,1,2
masyakart,1,3
pentg,1,2
ungguh,1,2
rugi2teross,1,4
setegah,1,2
l3bih,1,3
cantat,1,2
16jan,1,2
10maret,1,3
30hr,1,2
harmony,1,2
rimbo,1,2
pete,1,2
adakekuraganya,1,4
citak,1,2
setruknya,1,2
mutoharoh,1,3
apapaun,1,3
repairnya,1,2
berfamnfaaf,1,5
klwrga,1,3
sarling,1,2
sebaikx,1,2
promot,1,2
sebagainy,1,2
plyahannya,1,3
tergangantung,1,4
goot,1,2
promenarik,1,3
memanag,1,2
trarif,1,2
lumayanan,1,2
megajukan,1,3
menjga,1,2
punyanya,1,2
adauan,1,2
tei,1,2
v025,1,3
ramadlan,1,2
mgrib,1,2
cervice,1,3
surajudin,1,3
semakaingg,1,3
dtidak,1,2
normall,1,2
donloud,1,2
virgo,1,2
persialan,1,2
plyannyya,1,4
belanjan,1,2
andin,1,2
jam7an,1,3
hyee,1,2
kenaikn,1,3
liatbperkembangan,1,4
mosyorokot,1,4
naikistrik,1,2
plyannayya,1,5
tdkada,1,2
sowan,1,2
magera,1,2
initiative,1,2
taonan,1,2
dalampelayan,1,3
seminus2,1,3
horasss,1,3
yadnya,1,2
apabeda,1,3
kedetek,1,2
prhatikan,1,2
owe,1,2
owen,1,2
delapam,1,3
dianda,1,2
amel,1,2
angelie,1,2
ramadhannya,1,2
kurniadi,1,2
telponan,1,2
alangakah,1,2
cimbniaga,1,3
smogaa,1,2
kepenting,1,2
nunguin,1,3
prah,1,2
sbgt,1,2
sukces,1,2
menoling,1,3
semakincepat,1,2
attitud,1,3
pao,1,2
33ddx2se,1,5
d3eex,1,4
ketelen,1,2
terutamana,1,2
namenye,1,2
slallu,1,3
futurnya,1,2
inrormasi,1,4
tase,1,2
dsm,1,2
tunngu,1,3
sementera,1,2
sekabupaten,1,2
riweh2nya,1,4
romadhan,1,3
reporting,1,2
maknyoslahh,1,4
hanibal,1,2
mayilistriknya,1,4
qobliyah,1,4
badiyah,1,2
ngetrace,1,3
fastest,1,2
sebombastis,1,4
aktiftas,1,2
pln32,1,2
sakarias,1,3
franky,1,2
kopelnya,1,2
bettr,1,2
bestyku,1,3
ataukomentar,1,2
dili,1,2
matilistriknya,1,4
peneranggan,1,2
yaalloh,1,3
keorang,1,2
biaasaa,1,3
arik,1,2
kosongkan,1,2
prapobowo,1,4
persoala,1,2
plyannanya,1,4
maskin,1,2
lawann,1,2
pllyanyya,1,4
opersional,1,2
bsok,1,2
16april,1,2
13april,1,2
totalias,1,2
kesasarpun,1,3
pllynyynnya,1,4
plnyauannya,1,3
plyanamnnya,1,4
cuam,1,2
25okt,1,3
sikuning,1,2
plyanaann,1,3
pemeritahuan,1,2
unninstal,1,4
juaidi,1,2
malamm,1,2
andaa,1,2
staf2,1,2
beltung,1,2
manganat,1,2
mengpa,1,2
berjlan,1,2
dngen,1,2
nbh,1,2
masaah,1,2
konter2,1,3
fabrikasi,1,2
gmbar,1,2
mengubur,1,2
polisnya,1,2
ensin,1,2
pokoknmh,1,3
bantukah,1,2
ngereset,1,2
aseekk,1,3
wakt,1,2
kafi,1,2
cpt2,1,3
guoblook,1,3
sidotopo,1,3
plyanannan,1,4
ciranjang,1,2
persyarat,1,2
l3,1,2
klurga,1,3
likenya,1,2
kalikan,1,2
0asamg,1,3
minghu,1,2
inboks,1,3
simole,1,2
teupah,1,3
hepuhulawa,1,4
awok,1,2
tambahkam,1,2
tept,1,2
agri,1,2
silikuan,1,2
ukui,1,2
progrm,1,2
bijii,1,2
aprill,1,2
ngenot,1,2
a01,1,2
aktivity,1,2
skalinuntuk,1,4
wuryanto,1,3
kadanya,1,2
dattebayo,1,4
dilengan,1,2
apayulah,1,3
cuakkss,1,3
prly,1,2
brlajar,1,3
inibberss,1,4
diskripsinya,1,3
3an,1,2
profesianal,1,3
maxsimal,1,2
kulaitasnya,1,3
cakeb,1,2
mmpung,1,3
dalamny,1,2
medy,1,2
gultom,1,2
nyampe2,1,2
mnyinari,1,3
cawang,1,2
pelis,1,2
illuminating,1,3
nyantumin,1,3
masalh2,1,3
kakanda,1,3
terbaikdi,1,2
wilsu,1,2
lua,1,2
midas,1,2
ngempet,1,2
paantu,1,2
percatatan,1,2
terrecomended,1,3
terthebeset,1,4
pemidahan,1,3
mohob,1,2
inforamsi,1,3
laporgamhguaam,1,5
plaling,1,2
teraksi,1,2
nyalatop,1,2
phak,1,2
mngguyur,1,4
buangeett,1,3
mengkeret,1,2
gantikilometer,1,4
kadulawarsa,1,3
pengabdi,1,2
afrilian,1,2
jhodi,1,2
oficial,1,2
swcara,1,2
kantorpun,1,2
cibening,1,2
sanganlah,1,3
sausset,1,2
unser,1,2
nanyakan,1,2
setmpat,1,3
stus,1,2
pendaftarran,1,2
membingungungkan,1,5
elopada,1,2
dihistoris,1,3
memohonkan,1,2
pemasagan,1,2
tegagan,1,2
tytydd,1,3
ngulah,1,2
ngomenin,1,3
kejdian,1,2
mantaabek,1,3
terul,1,2
bermut,1,2
buar,1,2
excl,1,2
saldi,1,2
3april,1,2
mgenai,1,2
puguh2,1,4
trmahksi,1,4
didesak,1,2
barusa,1,2
yustinus,1,3
loby,1,2
dubuat,1,2
bermanfangat,1,4
mahalmahal,1,3
bgimna,1,3
meladeni,1,3
membatku,1,3
patahana,1,2
arahkn,1,2
telephon,1,2
seresponsif,1,4
meison,1,2
vaucer,1,3
nemberala,1,3
minghisaf,1,3
stulus,1,2
ungsikan,1,2
downloda,1,3
dijerjakan,1,3
youtub,1,2
mastin,1,2
4400va,1,3
innovation,1,2
menannggapi,1,4
keteledorannya,1,4
mengakuinya,1,2
kawangkoan,1,4
berdya,1,2
sarkati,1,2
dpat2,1,3
kebatu,1,2
mwnunggu,1,4
pegawa,1,2
mewa,1,2
penyetruman,1,3
bergelap2an,1,4
enternya,1,2
dulengkapi,1,2
mnu,1,2
bapanya,1,2
24j,1,2
tampungan,1,2
chuaakss,1,4
okeee,1,2
ramadahan,1,2
mudiknya,1,2
mungkim,1,2
rarwwrr,1,4
mntn,1,2
downnya,1,2
oranag,1,2
cacian,1,2
keben,1,2
mangunrejo,1,2
seboro,1,2
sadang,1,2
croschek,1,3
zfold3,1,5
2j,1,2
menanami,1,2
9april,1,2
suerr,1,3
guehh,1,2
dtmpat,1,3
polos2,1,2
cariin,1,2
brtindak,1,3
widodaren,1,3
bahula,1,2
amya,1,2
dibayaran,1,2
celar,1,2
sakat,1,2
mandek,1,2
indrahulu,1,3
skirining,1,3
kurunyung,1,2
ditnggpi,1,4
tll,1,2
begajah,1,2
objectivenya,1,3
terbantuterimakasih,1,2
sekaralas,1,2
musimnya,1,2
terngkalah,1,4
direwangi,1,3
nyipok,1,3
nglewati,1,3
ngigo,1,2
cipok,1,2
wasyem,1,3
terngah,1,3
sweb,1,2
135k,1,2
updown,1,2
terbitin,1,2
mrlembantu,1,4
dibesut,1,3
bakai,1,2
berinovasilah,1,2
luber,1,2
rt60,1,2
sosiali,1,2
plza,1,2
githa,1,2
kmana2,1,3
50m,1,2
dhu,1,2
60hk,1,2
ahsil,1,2
didaera,1,2
kamana,1,2
fitu2nya,1,4
biler,1,2
tastura,1,2
mellya,1,2
tertangguh,1,3
sekrt,1,2
menangkapi,1,2
denganbpln,1,3
menda,1,2
patkan,1,2
untukmembuat,1,2
arusnya,1,2
krinci,1,3
ngefong,1,2
masayarat,1,2
dimanpun,1,2
1mnt,1,3
krabat,1,2
ditingkan,1,3
sumbagsel,1,3
pelsrikkn,1,4
nawacita,1,2
kepulawan,1,3
1aplikasi,1,2
terkativasi,1,3
peremaja,1,3
pendem,1,2
semgat,1,3
pupuspita,1,4
dwima,1,2
mwu,1,2
sekarabg2,1,4
bgu,1,2
kendaka2,1,3
meyangkut,1,2
selusi,1,2
bagusd,1,2
cakk,1,2
kupo,1,2
taulah,1,2
kmt,1,2
jeglak,1,3
alhamdudillah,1,5
woiy,1,2
pasti2,1,2
delay2,1,2
betuull,1,3
secaran,1,2
sugihwaras,1,4
28hr,1,2
andalang,1,2
m3mbqntu,1,6
memudahkanbtransaksi,1,4
infrastukturnya,1,4
plagganya,1,3
wuw,1,2
sesalkan,1,2
ngembaliinnya,1,3
up100,1,2
banyuwang,1,2
thnaks,1,2
banyakm,1,2
amsuk2,1,3
oengaudan,1,4
suprapto,1,3
dbuang,1,2
lonore,1,2
kaleidoskop,1,4
ternyato,1,3
khuatir,1,3
dijelekkan,1,3
apj,1,2
kemonikasi,1,3
julius,1,2
harefa,1,2
masayarkat,1,3
akhrinya,1,3
jikala,1,2
efectif,1,3
menemuka,1,2
termia,1,2
simpe,1,2
disesesuaikan,1,2
allhammdulillah,1,6
disaran,1,2
tindakk,1,2
nungguinnya,1,2
penglanggan,1,2
tanggl,1,2
kcpatannya,1,3
ngpulim,1,3
pokokne,1,2
wasukrullilah,1,5
tafadol,1,3
menghadirikan,1,2
arin,1,2
dikeluarin,1,2
tapj,1,2
sekaleh,1,2
baik2bgt,1,5
sartika,1,2
sumiati,1,3
capah,1,2
ganpang,1,2
jugga,1,2
enn,1,2
kebagan,1,2
discnya,1,2
trs2an,1,3
appanya,1,2
swabian,1,3
pengeluran,1,2
citeurep,1,3
singgat,1,2
tangani2,1,2
winrate,1,3
tanga,1,2
emulba3s,1,5
seeehh,1,2
nganarr,1,2
baruchel,1,3
dksi,1,2
prna,1,2
ditidak,1,2
hubunkan,1,2
palais,1,2
sosialisi,1,2
mobis,1,2
mmbrkn,1,3
perlut,1,2
winstreak,1,4
aolijasu,1,4
juag,1,2
kekompak,1,3
pembodohon,1,3
matangkan,1,2
swtelah,1,2
prakiraan,1,2
catatat,1,2
batesin,1,2
3pase,1,3
customer3,1,2
ngetikin,1,2
instalatirnya,1,4
mtor,1,2
skolah,1,2
coklatnya,1,2
votage,1,3
ursusan,1,3
gaskan,1,2
trimaksihatas,1,4
menyeiakan,1,2
maupan,1,2
bisoo,1,2
aksees,1,2
rana,1,2
gamas,1,2
kuality,1,2
roso,1,2
5pagi,1,2
6rumah,1,2
dirumahpun,1,2
yowislah,1,3
crah,1,2
admint123,1,3
tercovereg,1,3
penjaganya,1,2
bapu,1,2
runyam,1,2
a11,1,2
samaka,1,2
berpihaklah,1,2
mae,1,2
alhmdullh,1,4
njerit,1,2
erbunga2,1,3
harmen,1,2
crnya,1,2
ekspo,1,2
bisalebih,1,2
waauu,1,3
rici,1,2
39jutaa,1,3
39juta,1,2
menangni,1,2
stimulus2,1,2
sanbgat,1,4
maik,1,2
pelayananll,1,2
kjantk,1,3
ibni,1,2
pepadun,1,3
insaalloh,1,4
gunungbuleud,1,4
apkli,1,2
menjagkau,1,3
nepetrep,1,3
piluh,1,2
3873nov,1,3
171kwh,1,3
x1445,1,3
lanjutke,1,2
kelaurgaku,1,3
putriku,1,2
transasinya,1,2
keu,1,2
terbaiixx,1,3
pilangkenceng,1,3
kompresornya,1,2
pemandam,1,2
hiih,1,2
muach,1,2
memsng,1,3
ygberhumgan,1,4
balikkin,1,2
indohome,1,2
3jta5rb,1,5
pakbu,1,2
offer,1,2
ngetal,1,2
1jta,1,3
pemenang2nya,1,3
membatal,1,2
plnm0bile,1,5
t0p,1,3
dbgian,1,2
penghangat,1,2
soataloara,1,4
samoga,1,2
penindakannya,1,3
triama,1,2
amplaslah,1,3
mengemblikan,1,2
shopipay,1,3
leemmoot,1,4
pengoperasiaanya,1,3
ajungkan,1,2
risol,1,2
jagapura,1,2
150wp,1,2
mauroke,1,2
meger,1,2
kempeten,1,3
talegong,1,3
samuda,1,2
plnmaju,1,3
majd,1,2
sosislisasi,1,3
nasabahnya,1,2
panjenengan,1,3
menambhkan,1,4
baska,1,2
punsemakin,1,3
duax,1,2
kodingan,1,2
memakasakan,1,2
menyampakan,1,3
feels,1,2
bermamafaat,1,3
apabial,1,3
merasaaman,1,2
sehidup,1,2
semati,1,2
skalee,1,3
perrubahan,1,3
konselting,1,3
sait,1,2
terun,1,2
diha,1,2
apkan,1,2
keccamatan,1,3
styp,1,2
vebar2,1,3
nakutin,1,3
ceman,1,2
klimeternya,1,3
dikira2,1,2
aak,1,2
91k,1,2
progremernnya,1,3
260an,1,2
trl,1,2
3873x1445,1,5
desktripsi,1,3
mev,1,2
keoang,1,2
geru,1,2
cukkuruk,1,3
mubasir,1,2
isdhebest,1,4
tanmbah,1,3
menggunakanaplikasi,1,2
ashes,1,2
sholatlah,1,2
sholatkan,1,2
trrimkaaih,1,4
pongge,1,3
namany,1,2
meuli,1,2
penjelasn,1,3
melange,1,2
sumpahkan,1,2
baekk,1,2
safarudin,1,3
kreb,1,2
penangaan,1,2
baikx,1,2
visioner,1,2
terlu,1,2
dipaiton,1,2
krucil,1,2
kalak,1,2
bante,1,2
jjr,1,2
minj,1,2
suwardi,1,2
masalahpengaduan,1,3
ssukses,1,2
btre,1,2
mengih,1,2
huhuu,1,2
makruf,1,2
a9,1,2
brenda,1,3
waoww,1,3
waou,1,2
maintenis,1,2
kejadian2,1,2
cau,1,2
terwujudlah,1,2
siknifikan,1,4
cancell,1,2
bentindak,1,2
k91,1,2
muntup,1,2
brodin,1,2
berikutya,1,2
recoveri,1,3
nyalon,1,2
lnjutkan,1,4
berasrama,1,2
diragukn,1,3
tolongdikasih,1,3
290rb,1,3
insuficient,1,4
favoritt,1,2
tulisanny,1,2
kecemburuan,1,3
cukupa,1,2
noble,1,2
stepencurry,1,4
beet,1,2
makiyah,1,2
efisiesn,1,3
suryati,1,2
bekualitas,1,2
actually,1,3
brings,1,3
doubt,1,3
brighter,1,2
serakah,1,2
lannya,1,2
vvangke,1,3
nometeran,1,3
ngalu,1,2
ngax,1,2
wasilah,1,2
hitugan,1,3
dijilat,1,2
senuanya,1,2
100an,1,2
136rb,1,2
keterangnnya,1,3
ketidaksinkronan,1,4
resfresh,1,2
20januari,1,3
tgl10maret,1,4
asimilasi,1,2
terambil,1,2
eprlu,1,3
klikk,1,2
bogo,1,2
kampi,1,2
effek,1,2
socmed,1,2
makian,1,2
500rban,1,3
mbalong,1,2
ksdh,1,2
alarmnya,1,2
kepantau,1,3
dicelupin,1,4
pancasilanya,1,2
jmin,1,2
ngebutt,1,2
cepetnya,1,2
dicentang,1,2
titi2,1,2
4jempol,1,3
dsrh,1,2
meleedaak,1,4
syabkah,1,3
semuasemakim,1,3
merekomendasiin,1,4
hmapir,1,3
alama,1,2
volly,1,2
mubin,1,2
eww,1,2
digencarkan,1,3
mbt,1,2
bisalapor,1,3
nugguin,1,3
aplukaau,1,3
mengapur,1,2
otomatisnya,1,2
perbaruannya,1,3
meterpintar,1,3
dipraktikan,1,3
allmudilah,1,3
xiexie,1,3
sesungguhnyaa,1,2
tlteksini,1,4
urunan,1,2
oww,1,2
soaln,1,2
suparjono,1,3
jugk,1,2
kweren,1,2
patenkan,1,2
800kb,1,2
emael,1,3
teklonoginya,1,4
peringatannya,1,2
nyadan,1,2
jaditidak,1,2
penghujannya,1,2
srom,1,2
rp3200,1,3
rp161,1,3
masyatrakat,1,3
bagik,1,2
tersabar,1,2
bangrt,1,2
memgatasi,1,3
plyastore,1,3
kekurangannyaa,1,2
tervaik,1,3
mintamasukan,1,2
duitna,1,2
mkshpln,1,4
primayer,1,2
ejen,1,2
dipinta,1,2
amazed,1,2
apriadi,1,3
lillahi,1,3
kapok2nya,1,4
endchat,1,3
1175rb,1,3
backgroundya,1,2
mesennya,1,2
r1450va,1,4
meyode,1,2
memual,1,2
kole,1,2
ancurin,1,3
v205,1,2
konda,1,2
tetapinya,1,2
pijit2,1,3
lonjatan,1,3
menfoto,1,2
fictur,1,3
bermodakan,1,2
dlmx,1,2
terdpt,1,2
lohhgghh,1,4
meperlama,1,3
dianggarkan,1,2
bermaen,1,3
masihol,1,2
nagur,1,2
jaeab,1,2
pancer,1,2
makelarnya,1,3
kemukiman,1,2
pedo,1,2
janringan,1,2
cujup,1,3
klamaan,1,2
ketidakterbukaan,1,3
fullfitur,1,2
rempeyek,1,3
selebes,1,2
enf,1,2
kencengin,1,2
kendorin,1,3
kolor,1,2
trobelnya,1,3
omgg,1,2
mantapsht,1,3
haduw,1,2
pengait,1,2
dongkol,1,2
semanan,1,2
permasalaban,1,3
syariahnya,1,2
berakhalak,1,3
jaani,1,2
teknoligi,1,3
jalo,1,2
myrepublik,1,3
ananah,1,2
sepelakan,1,3
bremanfaat,1,2
memeiliki,1,2
sangatpraktis,1,4
mgr,1,2
ajipp,1,2
kten,1,2
entering,1,2
ngelampirin,1,3
nerangan,1,2
loram,1,2
pusu,1,2
voltagenya,1,3
5mantap,1,3
terjangkaunya,1,2
kilometers,1,2
diseberang,1,2
nunggui,1,2
dicueki,1,3
jelenga,1,3
biasas,1,2
kebutuahan,1,3
tkut2,1,3
psar,1,2
segati,1,2
ciseureuh,1,4
petuagsannya,1,4
bangettzz,1,3
icek,1,2
dtp,1,2
impulse,1,2
putin,1,2
vervikasi,1,4
secaramandiri,1,3
akuh,1,2
tritihkulon,1,4
kemudiann,1,2
pelangganc,1,2
berkrmbang,1,4
soffan,1,2
berkuwalitas,1,4
donkz,1,2
diadd,1,2
swastanya,1,2
multiproblem,1,3
dahsyatt,1,2
maish,1,2
mobileemang,1,2
bisang,1,2
windah,1,2
gnggu,1,3
utkmu,1,2
didatengi,1,3
bermanfaatan,1,2
donwloadnya,1,4
diperhatihan,1,3
appearance,1,3
mogon,1,2
pegajuan,1,2
pakekpln,1,3
akoni,1,2
orak,1,2
mntull,1,3
indomar,1,2
diamanapun,1,2
emas2045,1,3
diwajib,1,2
sosmet,1,2
njok,1,2
stelahnya,1,3
kamonji,1,3
myuuddaah,1,4
ngaret2,1,3
winong,1,2
wajarin,1,2
ngakal2in,1,4
tambaah,1,2
dimengeri,1,3
squisy,1,2
kritikanku,1,2
ditengahnya,1,2
unila,1,2
progjanya,1,2
kagk,1,2
aaee,1,2
overal,1,2
bereess,1,3
swaktu,1,3
cssdsi,1,3
pesain,1,2
rewarad,1,3
khasi,1,2
regen,1,2
linansera,1,3
sayaang,1,2
berkomuni,1,2
mnjelaskn,1,3
opan,1,2
ngeframe2,1,3
kamaren,1,2
pabangbon,1,3
pengelaman,1,2
kemerah,1,2
bagsat,1,2
baiklagi,1,2
ngesrep,1,2
waham,1,2
wkwwkw,1,3
redemtion,1,3
stnby,1,3
tolonng,1,3
franqui,1,3
carvalho,1,3
membuang2,1,2
read2,1,2
playingvictim,1,5
keduakalinya,1,3
terveritifiasi,1,4
depane,1,2
199k,1,2
khususon,1,2
disisipin,1,2
blanakan,1,3
mitra2,1,2
segrqd,1,4
medanya,1,2
meninformasikan,1,3
grimis2,1,3
melambatkan,1,2
scaling,1,2
parot,1,2
louhan,1,2
srd,1,2
kemanfaatan,1,2
sekalo,1,2
munang,1,2
paky,1,2
tjoa,1,2
anie,1,2
acian,1,2
marketingnya,1,2
telco,1,2
thkns,1,3
funginya,1,2
mahmudah,1,2
dijaksel,1,2
ciganjur,1,2
selesein,1,2
mengantisipasinya,1,2
standbye,1,3
edyaan,1,2
enyaahlahh,1,4
mengabungkan,1,2
beranfaat,1,2
sendlock,1,2
kesungai,1,2
mengencek,1,2
jawdal,1,2
daluarsa,1,3
labang,1,2
mkc,1,2
syatem,1,3
aakk,1,2
busing,1,2
kresek,1,2
kecerahan,1,2
sicantik,1,2
supervisinya,1,2
gabungin,1,2
menyediakanaplikasih,1,3
tokenpls,1,3
carangisinya,1,3
berinovative,1,3
belega,1,2
ingkatkan,1,3
poltran,1,3
bijakan,1,2
dipantu,1,2
batakan,1,2
sohib,1,2
marliswan,1,3
recoment,1,2
sete,1,2
membantumelihat,1,3
bergunua,1,3
apasubsidi,1,4
menjd,1,2
pambiayaan,1,3
jarangin,1,2
dibagaimanakan,1,4
gituloh,1,2
sudahnyala,1,3
diambilnya,1,2
segalaya,1,2
unconnected,1,3
lewak,1,2
kwkkwkw,1,4
tergoblok,1,3
sepelein,1,2
modali,1,2
teratatasi,1,3
bertali,1,2
mengguankan,1,3
keciil,1,3
huruf2nya,1,3
pengoprasionalnya,1,4
ggs,1,2
dimbanking,1,3
sonbai,1,3
carah,1,2
menentuka,1,2
ngakalinnya,1,3
dideposit,1,3
dekt,1,2
yeng,1,2
syistem,1,2
membutuhkanya,1,2
berkumonikasi,1,4
penanganganan,1,3
pekyananpln,1,4
streming,1,3
blacklist,1,2
loksai,1,2
sajen,1,2
bulen,1,2
menux,1,2
jiancuk,1,3
desainx,1,2
telnologi,1,2
pilanjau,1,3
kenepa,1,3
ambunten,1,3
bangek,1,2
kasah,1,2
nyaleg,1,2
3gb,1,2
ptunjuk,1,2
brjam,1,2
timpang,1,2
cijengkol,1,3
joosshh,1,3
hambalang,1,2
kualu,1,2
terbantudgn,1,3
gdg,1,2
subaru,1,2
7ratus,1,3
diputar2,1,2
infomarsi,1,2
juli22,1,2
10600va,1,3
5hr,1,2
dperbaharui,1,5
klirong,1,2
sisaan,1,2
keban,1,2
senabing,1,3
satau,1,2
temperan,1,2
mengefesienkan,1,5
kliks,1,2
akli,1,2
bonggo,1,2
dikossan,1,3
22dan,1,2
evaluation,1,2
apabilaada,1,2
anganan,1,2
patokin,1,2
daftrakan,1,3
blkgn,1,3
nuryahya,1,3
diketahu,1,2
serr,1,2
terbaikuntuk,1,2
memudahkanndalam,1,3
qk,1,2
p3mbayaran,1,5
perbadi,1,2
rayon2nya,1,3
baliki,1,2
septi,1,2
dilanggan,1,2
singakerta,1,3
karangreja,1,3
setah,1,2
cibeuteung,1,4
meretap,1,2
sangatbmbantu,1,4
doan,1,2
kesabaranku,1,2
setipis,1,2
aawoakwoakwok,1,7
ktrlambatan,1,5
2xnelpon123,1,5
asar,1,2
gurami,1,2
kesehat,1,2
dkeluarkan,1,3
danbanyak,1,2
hidupntlg,1,4
gentong,1,2
sekelan,1,2
memelukannya,1,2
acakan,1,2
dedet,1,2
sebatik,1,2
puasnya,1,2
kelometer,1,2
autorisasi,1,3
komsumer,1,3
kehandalanya,1,3
luqman,1,3
pendop,1,2
7pagi,1,2
750rb,1,2
brgitu,1,3
pemmbayaran,1,4
teriamakasih,1,3
makyosbdah,1,4
diundinya,1,2
iccomet,1,3
maku,1,2
kopti,1,2
wilyaha,1,3
itur,1,2
hnay,1,3
autk,1,2
tendabest,1,3
penjanjian,1,2
penipun,1,2
nenek2,1,2
kedisplinan,1,4
meringkan,1,2
ngetrend,1,3
kdi,1,2
bintamg,1,3
eefektif,1,4
wajibin,1,2
kango,1,2
bantosanna,1,3
mugia,1,2
tambih,1,2
kinerjany,1,2
menggaransi,1,3
terkover,1,2
bitu,1,2
terbaikny,1,2
data2ku,1,3
megetahu,1,2
bsrta,1,3
risun,1,2
olehpetugas,1,4
tannya,1,2
byron,1,2
tjg,1,2
sepintar,1,3
angsura,1,2
infinya,1,2
bludak,1,2
retorika,1,2
diprores,1,2
permalasahan,1,3
berx,1,2
dibuatkannya,1,2
telfonya,1,3
bertarif,1,2
azari,1,2
ciaruteun,1,3
2jaman,1,3
nagi,1,2
nebu,1,2
ulpsumba,1,3
timurgaskan,1,3
banyakn,1,2
ukun,1,2
lamaan,1,2
tandes,1,2
baitus,1,2
kevendor,1,4
menguntungkannya,1,2
labeh,1,2
regit,1,2
bertransaksinya,1,2
notabennya,1,2
belum2,1,2
ngelakuinnya,1,3
warnasari,1,2
arangement,1,2
dhi,1,2
keemail,1,2
0enuh,1,2
oeh,1,2
online2,1,2
terestar,1,2
170rban,1,3
ahlikan,1,2
padankan,1,3
menggelola,1,2
tapiuntuk,1,2
sarifudin,1,3
pemirsahh,1,2
pernahnya,1,2
meyuburkan,1,2
sembung,1,2
pemahanan,1,2
lemgkap,1,3
dandimanapun,1,3
petuk,1,2
byar2,1,3
alhamdulillahi,1,2
selalupln,1,3
hamdallah,1,3
losari,1,2
harapakan,1,2
mndekati,1,3
hbat,1,2
layananpun,1,2
segerr,1,2
mamih,1,2
balik2in,1,3
tangan2,1,2
ngebaki,1,2
laporanditunggu,1,3
berspekulasi,1,3
lebilh,1,2
disinu,1,2
pertamakalinya,1,3
dwh,1,2
ngebuat,1,2
berkit,1,2
kity,1,2
gdi,1,2
gros,1,2
recognized,1,4
goodjobpln,1,4
binngung2,1,4
ebat,1,2
srandakan,1,2
pandak,1,2
mkas,1,2
pestanya,1,2
besinar,1,2
bae2,1,2
mendapar,1,2
seang,1,2
manyasal,1,2
lilahi,1,2
spidol,1,2
ngabis2,1,3
kurangan,1,2
wuu,1,2
10o,1,2
mahalll,1,2
alhaamdulillah,1,6
cowok2,1,2
baq,1,2
ledug,1,2
dute,1,2
kebukanya,1,2
kekunci,1,3
heck,1,2
cellular,1,2
melayanan,1,2
vek,1,2
kompiter,1,2
pergantiannya,1,2
told,1,2
millenials,1,3
menunggua,1,2
propau,1,2
mengehmat,1,3
silahkaan,1,3
newbe,1,2
mundar,1,2
sportifitas,1,3
pinto,1,2
pokoh,1,2
dilapornya,1,3
depab,1,2
krandegan,1,3
sokong,1,2
bambalemo,1,3
dpertanyakan,1,4
beuuh,1,3
komplainkan,1,2
berkaitannya,1,2
mnyelesaikn,1,5
trimswbp,1,3
blngnya,1,3
mengajukkan,1,3
memudahkankita,1,2
primetime,1,2
urusaan,1,2
mbokne,1,2
ancuk,1,2
pasirjaya,1,2
yet,1,2
onlien,1,3
mfhctu,1,4
waloyo,1,2
lamau,1,2
gercep2nya,1,5
kesejahteraannya,1,2
kontakan,1,2
tba2,1,3
tokyu,1,2
reksi,1,2
heron,1,2
diffen,1,2
sejah,1,2
megaksesnya,1,4
petugasnyabramah,1,4
rombak,1,2
baii,1,2
tutuka,1,2
stia,1,2
dibln,1,2
mnglmi,1,3
ktrlambtn,1,5
tnggng,1,3
cepai,1,2
weii,1,2
ak7,1,2
kedia,1,2
24p,1,2
agricultur,1,4
krisan,1,2
kapam,1,2
gopaynya,1,3
berkahir,1,2
28okt2024,1,5
kaga2,1,2
resti,1,2
plin,1,2
1350san,1,3
terkurang,1,2
virzha,1,3
praha,1,2
mobilensangatvmembanyu,1,7
perusahaanmu,1,2
bankrut,1,2
tempatkita,1,2
cikeas,1,2
amt,1,2
tersetrum,1,3
hhi,1,2
dipending,1,2
hiduplah,1,2
buart,1,2
dimodernkan,1,4
jpg,1,2
puput,1,2
nib,1,2
add1,1,2
wetter,1,2
w8,1,2
desire,1,2
crusty,1,2
jazaakumullah,1,4
3blan,1,3
dikita,1,2
dijelang,1,2
hepii,1,2
kiyowoo,1,4
yyyy,1,3
emenergency,1,4
comfirm,1,3
pertanahanan,1,2
g3nggaman,1,5
heemzdg,1,5
bff,1,2
kunjang,1,2
ngunggah,1,2
bentukannya,1,2
instasi,1,2
teksinya,1,2
gaskeeun,1,3
dicba,1,2
minah,1,2
bary,1,2
konfensasi,1,2
keterpaksaan,1,4
rbah,1,2
gratz,1,3
berkedip2,1,2
untukmendapat,1,3
sahalat,1,2
sidua,1,2
kace,1,2
maklumin,1,2
penanangannya,1,4
pangkuan,1,2
spi,1,2
clearchace,1,3
daribpln,1,3
parat,1,2
brbln2,1,3
mempersuli,1,2
bangetmana,1,2
aming,1,2
penurusan,1,3
alessa,1,3
tertangan,1,2
mengeri,1,2
nuruninnya,1,3
tqs,1,2
grant,1,2
ease,1,2
kulapori,1,3
pancurbatu,1,3
deliserdang,1,3
sueerr,1,3
tanpilan,1,2
dpotong,1,2
pertambakan,1,3
pameksan,1,3
mencotoh,1,3
tolongditambahkan,1,3
bbs,1,2
heheehe,1,2
5ip,1,2
anteng2,1,3
peromohonan,1,3
mengahadapi,1,3
sambi,1,2
baarokallahu,1,4
27okt2024,1,5
bodeh,1,2
xaehbv,1,5
reken,1,2
seminggi,1,3
bangai,1,2
dansebaiknya,1,5
cros,1,2
belin,1,2
kedulu,1,2
ngenakin,1,3
garahan,1,2
gls,1,2
korupt,1,2
byanget,1,3
amdulliah,1,3
terditeksi,1,3
uslan,1,2
seajauh,1,2
pelaporan2,1,2
beo,1,2
essang,1,2
penjelsannya,1,3
mbetulin,1,3
keroknya,1,2
berlangan,1,2
5hati,1,2
ilang2an,1,3
membeti,1,2
pakao,1,3
tfyibrit,1,4
fruit,1,2
jvgood,1,4
bagiam,1,2
ngpa2in,1,4
makkin,1,2
jaringnnya,1,2
konsumne,1,2
thumb,1,2
sayangnyatidak,1,2
memanagemen,1,3
sedikaan,1,3
ngeyel,1,3
kates,1,2
125volt,1,3
komisarisnya,1,2
manpat,1,2
melakulam,1,2
devnya,1,2
gabagus,1,2
kuaota,1,2
apor,1,2
gangguanlebih,1,2
ngerjakan,1,2
unusa,1,2
peuankeseharian,1,5
autotext,1,3
jebot,1,2
nyatannya,1,2
kompeteten,1,3
canang,1,2
singable,1,2
trkenal,1,3
membelo,1,2
cona,1,2
68jt,1,2
legiman,1,2
jatimakmur,1,3
heheheheh,1,2
iyuh,1,2
hidupa,1,2
mencicil,1,2
k3mbali,1,4
permaslhnnya,1,3
trtlis,1,3
jlss,1,2
sugihan,1,2
ngotrek,1,3
megazine,1,2
transasksi,1,3
duniku,1,2
kebablasan,1,3
jawap,1,2
ribuet,1,2
60jt,1,2
permslhanya,1,3
perigi,1,2
rody,1,2
malasin,1,2
selayang,1,2
elbih,1,2
kritisi,1,2
pringsurat,1,3
terri,1,2
riskhi,1,2
amail,1,2
undername,1,2
livet,1,2
connect2,1,2
dijanji2,1,3
kepadalnya,1,3
deviasi,1,2
ojeg,1,3
hadueh,1,3
aaamin,1,2
errors,1,2
paginy,1,2
kagetnya,1,2
pilihin,1,2
ssaat,1,2
kabarr,1,2
memindah,1,2
nackal,1,2
mengnai,1,2
pemakainnya,1,2
syeekkaallee,1,5
elektizen,1,3
ngapa2,1,3
gesit2,1,3
sednag,1,2
ngentang2,1,4
malibela,1,3
berfaidah,1,3
dipasakan,1,2
menungsone,1,4
jutaa,1,2
sayng,1,2
maturuywun,1,3
kasung,1,2
yantex11,1,4
keybord,1,3
brfungsi,1,2
dbatasi,1,2
mandan,1,2
imagining,1,2
huge,1,2
mudah2x,1,3
4bln,1,2
hanipus,1,2
specknya,1,3
penyuplaian,1,3
terrbaeekk,1,4
kostemer,1,2
rta,1,2
ikanya,1,2
habibi,1,2
palaran,1,2
tercinto,1,2
refilling,1,3
subscription,1,2
khusuanya,1,2
kompline,1,2
sepertj,1,2
bonafit,1,3
ranomut,1,3
dupgrade,1,2
frezer,1,2
dmin,1,2
paraktis,1,3
cintailah,1,2
pelayanmu,1,2
tahuu,1,2
menyurutkan,1,2
kurangmemuaskan,1,3
repec,1,2
iiaa,1,2
5rumah,1,2
aprisiasi,1,3
cun,1,2
glonggongan,1,3
opratornya,1,4
gere,1,2
klop,1,2
membutuhkaan,1,4
warga2,1,2
riltime,1,2
zoos,1,2
terpadunya,1,2
menfaat,1,2
berkomunikasih,1,2
walao,1,2
jumadi,1,2
semulus,1,2
mantaappll,1,4
jemperanya,1,3
intrik,1,2
fully,1,2
satisfy,1,4
chers,1,2
untuibprbhn,1,5
ngences,1,3
mengirimi,1,2
oaling,1,2
buruwan,1,2
buatl,1,2
jadul2,1,2
aqiqoh,1,3
laporangangguan,1,4
hardiyansah,1,4
agka,1,2
berpariasi,1,3
cler,1,2
powerindo,1,2
bismillahirohmannirohim,1,7
pembataran,1,3
212ribu,1,2
ismi,1,2
tepa,1,2
complainan,1,3
tersajikan,1,2
disumbang,1,2
hasundutan,1,3
aseemm,1,3
dibthkan,1,3
congor,1,2
aktive,1,2
siapatau,1,3
shari2,1,3
aslmlkum,1,3
berupayah,1,2
daritgl,1,3
wuuiihh,1,3
kmj,1,2
muhdori,1,3
terlaksanakan,1,2
meupgrade,1,3
hihhi,1,2
abiselapot,1,3
aritonang,1,3
bakaln,1,2
detiknya,1,2
pusatkan,1,2
pakeny,1,2
mntappl,1,4
teknikny,1,2
2juni,1,3
fusi,1,2
inkm,1,2
dtungguin,1,3
tranferan,1,3
walaupn,1,2
superfast,1,2
amplikasinyq,1,4
enroll,1,2
marrkuco,1,4
terjegalnya,1,3
aln,1,2
dlkukan,1,3
410m,1,2
infrastruktut,1,3
aplikasikasi,1,3
naisa,1,2
apekah,1,2
dahulukan,1,2
rumasakit,1,3
x1,1,2
sesana,1,2
baok,1,2
jam1malem,1,4
teams,1,2
whatssapp,1,3
bersih2,1,2
cntumkan,1,3
komplenkan,1,3
lingkunga,1,2
lapamgan,1,3
didetail,1,2
kpastian,1,2
adagangguan,1,4
hebad,1,2
penjualpun,1,2
comersial,1,3
komputerisasi,1,2
komfelnin,1,4
ygn,1,2
sosa,1,2
kembalilan,1,2
yasud,1,2
menjankau,1,3
sungailiat,1,3
dinaekin,1,2
klwr,1,2
dtlpn,1,3
kacangan,1,2
bermatabat,1,2
kbykan,1,3
didikenal,1,2
abdulrahman,1,2
memsang,1,2
masii,1,2
saratnya,1,2
sibp,1,2
jadwalin,1,2
memuuaskan,1,3
reaload,1,2
krosing,1,2
kuntul,1,2
semuana,1,2
godod,1,2
serink,1,2
tentangga,1,2
mengontak,1,2
memelas,1,2
jedanya,1,2
rts,1,2
tapin,1,2
duperbaiki,1,4
dituruti,1,2
kesambung,1,2
blouthoot,1,4
gitgit,1,3
jorjoran,1,4
harly,1,2
binjei,1,3
surip,1,2
gabsa,1,2
ngeremehin,1,3
vvip,1,2
emat,1,2
ssemua,1,2
mengukan,1,2
berguana,1,3
karyawnnya,1,2
pandi,1,2
kebingunan,1,2
penyambnga,1,4
bertaanya,1,3
marii,1,2
angja,1,2
bunyamin,1,2
setijawan,1,3
mengtahui,1,3
meleduk,1,2
seada2nya,1,4
bgnt,1,2
chaidir,1,3
katain2,1,3
problema,1,2
taktambahi,1,4
mamperbaiki,1,4
wabub,1,2
ngimbangi,1,2
fifine,1,2
nyukup2in,1,4
bngun,1,2
mengkilau,1,2
nimbun,1,2
delelegasinya,1,4
menghapal,1,2
jagak,1,2
swipe,1,2
edk,1,2
dikanan,1,2
bkal,1,2
pmbyrrnya,1,4
lapooran,1,3
internship,1,2
4digit,1,3
paymen,1,2
pdp,1,2
telepom,1,3
anggat,1,2
solv,1,2
20a,1,2
20meter,1,2
membatuterimakasih,1,4
tertertu,1,3
45a,1,2
ditinggak,1,2
eridanus,1,3
mahardika,1,3
tarokan,1,2
warungjayeng,1,4
alaminn,1,2
900wht,1,3
banx,1,2
dowdload,1,3
k4,1,2
top22,1,2
uatamakan,1,3
selesaikannya,1,2
rayon2,1,2
sever,1,2
installer,1,2
teralis,1,2
buangets,1,2
ansa,1,2
tokenpake,1,3
wgp,1,2
mengehemat,1,3
iklasin,1,2
padarincang,1,3
mepermudahsaya,1,4
engle,1,2
buram2nya,1,3
kaligawe,1,3
dolan,1,2
tambahankan,1,2
ditengok,1,2
somplak,1,3
masseehh,1,3
dikelitrikan,1,3
aidul,1,2
stdclass,1,4
plaid,1,2
meyimpan,1,2
mengclaim,1,3
adjustment,1,3
maluu,1,2
kecacatan,1,3
penindaklanjutannya,1,4
pengecekaan,1,2
mendwonlod,1,4
sobatku,1,2
wanti,1,2
maybank,1,2
tuha,1,2
jawabane,1,2
pemperbaiki,1,4
akuarat,1,2
lahk,1,2
sihk,1,2
jazaakalloh,1,4
mangprang,1,3
sendirilah,1,2
struke,1,2
meratakan,1,2
movile,1,2
memebuat,1,2
mewanti,1,2
sugri,1,2
gaban,1,2
haree,1,2
genee,1,2
kelebihanya,1,2
mahami,1,2
kamsyaka,1,3
bakaran,1,2
6haru,1,3
keuntungnya,1,4
chasback,1,3
terdepedan,1,3
huuaa,1,3
gils,1,2
epep,1,2
hehehhe,1,2
sayatambah,1,4
pengantinnya,1,2
berakhlah,1,3
akhi,1,2
sakpole,1,3
mengkuti,1,2
siall,1,2
pratik,1,2
jam2an,1,3
trsambubg,1,4
aproved,1,3
dega,1,2
nyuruhin,1,3
79juta,1,2
hnyoqy,1,5
kucari,1,2
lambangmu,1,2
diringankan,1,3
nginep,1,2
buzzer2nya,1,5
wijud,1,2
escalate,1,3
mrketplaceny,1,4
gondookk,1,3
lucki,1,2
instragam,1,2
tambah2,1,2
diperumit,1,3
berbicaranya,1,2
madukara,1,2
banjarnega,1,3
hendro,1,2
gamenya,1,2
terinstalasi,1,3
termyata,1,2
stalin,1,2
atri,1,2
sepulu,1,2
whatnya,1,2
phono,1,2
smasung,1,2
adeknya,1,2
mcs,1,2
iloveyou,1,3
fitur2nyaa,1,4
masyaraktnya,1,3
membengkat,1,2
jumiah,1,2
pelanayananya,1,3
v500,1,2
finished,1,2
merayu2,1,2
kecut,1,2
diimplementasikan,1,4
seringdibuat,1,3
twitterdiarahin,1,4
sibukan,1,2
belebihan,1,2
pulblik,1,3
nyobuiknyo,1,5
nyba,1,2
iteng,1,2
satar,1,2
mese,1,2
bersyur,1,3
sertiap,1,2
baguno,1,2
peraduan,1,2
ke81,1,2
merasuki,1,2
bukanhanyasekali,1,4
l300,1,2
lapangam,1,2
telurusuri,1,2
videokan,1,2
exist,1,2
namtu,1,2
dipertahanankan,1,3
terkana,1,2
sbagainya,1,3
mnyikapi,1,4
tenkiu,1,3
pln122,1,2
smtra,1,2
dihubung,1,2
mebih,1,2
salahgunakan,1,2
pembayaan,1,3
connected,1,2
treble,1,3
aplikasian,1,2
hadiah2nya,1,3
terselasikan,1,2
firmwarenya,1,2
teerrbaaiikk,1,6
telusur,1,2
ekektronik,1,3
yangmembantu,1,3
kisar,1,2
kontribusinya,1,2
palik,1,2
tiketing,1,2
hooh,1,2
narok,1,2
saru,1,2
promonyanmakin,1,5
menteb,1,2
malawang,1,2
pusren,1,2
nyaho,1,2
cirendeu,1,3
solear,1,2
yakjeh,1,3
plasa,1,2
menlayani,1,3
sds,1,2
terimakasiha,1,2
tegalwaru,1,3
berefek,1,2
330k,1,2
taika,1,2
meyarankan,1,2
hagus,1,2
bgtpun,1,2
bekin,1,2
encep,1,2
aktivitasi,1,2
uwaw,1,3
sampung,1,2
dicaloin,1,3
pekerjakanlah,1,2
adampun,1,2
fungsionalnya,1,2
didalamny,1,2
yantex,1,3
ovi,1,2
njengking,1,3
keguanaannya,1,3
aturen,1,2
awuran,1,2
knfirmasi,1,4
bekerjalah,1,2
keputar,1,2
ijinya,1,2
amobile,1,3
derwati,1,2
pnjelasannya,1,3
portnya,1,2
sariy,1,2
hengky,1,2
480p,1,2
penyelesaia,1,2
sbelom,1,3
kelawas,1,2
kasang,1,2
pudak,1,2
matilampunya,1,3
loudspeaker,1,4
kestabilannya,1,2
toloongg,1,3
mndg,1,3
mendampat,1,3
konfirmais,1,3
kaedah,1,2
cdab,1,2
profesiona,1,2
mencakupi,1,2
hengki,1,2
thankiu,1,2
marica,1,2
benerlah,1,2
rawabadung,1,3
membandi,1,2
anjayzz,1,3
timaaciww,1,4
menghmat,1,2
rambe,1,2
pembaya,1,2
sdikitpun,1,3
katsonernya,1,3
terimana,1,2
kesini2,1,2
sementata,1,3
mempu,1,2
terlupe,1,3
baras,1,2
bambaloka,1,3
takke,1,2
dedy,1,2
babii,1,2
mauoun,1,3
bnnk,1,2
sannin,1,3
turung,1,2
teyeng,1,3
setwlah,1,3
fhone,1,2
merekan,1,2
berkejaran,1,2
flaz,1,2
staaf,1,2
b4,1,2
melempem,1,2
lio,1,2
maskyarakat,1,2
makyos,1,2
pariz,1,2
tkz,1,2
kaia,1,2
megecewakan,1,3
pranknya,1,3
screenshotnya,1,2
selbar,1,2
sussh,1,2
menotal,1,2
husnul,1,3
memilikii,1,2
wahay,1,2
tanykn,1,3
saldony,1,2
jlnan,1,2
aagak,1,2
selg,1,2
batalnya,1,2
transkip,1,2
diganti2,1,2
gaudi,1,2
ngasinya,1,2
cibuyur,1,2
warungpring,1,3
rusah,1,2
klh,1,2
gantiang,1,2
peningkatkan,1,2
bonie,1,2
tinur,1,2
melayanni,1,3
kuwota,1,3
5h,1,2
poleang,1,3
recovered,1,3
okbanger,1,3
membantiu,1,2
semaju,1,2
plese,1,2
deduction,1,2
budidayakan,1,2
ciip,1,2
cancar,1,2
280rb,1,2
uokeh,1,3
menghubunghi,1,2
tlajung,1,3
deleploper,1,4
kcb,1,2
11nov,1,2
jazaakumullaahu,1,6
myiedm,1,3
ose,1,2
serega,1,2
afrisal,1,2
novenber,1,3
tanmpa,1,3
ngelendot,1,3
pesuruh,1,2
diend,1,2
menedukasi,1,4
aylofyu,1,4
twetangani,1,4
sulah,1,2
latang,1,2
mendesat,1,2
tunanetra,1,3
rekenin,1,2
clearing,1,2
boomers,1,2
attractive,1,3
requests,1,2
anywhere,1,3
bunder,1,2
sibanteng,1,3
leuwisadeng,1,5
snagatvmembantu,1,5
jengkelkan,1,2
kontak2,1,2
tokeny,1,2
muchammad,1,2
machfudi,1,3
alli,1,2
oemasangan,1,3
gabtek,1,2
perlangkah,1,2
erroe,1,2
eedee,1,3
disulawesi,1,2
tenggaraa,1,2
diatm,1,2
realitasnya,1,2
rounddown,1,2
colom,1,2
setiao,1,2
manerima,1,3
kseharian,1,3
kasemen,1,2
jelasakan,1,2
terlesaikan,1,2
berii,1,2
marahnya,1,2
banernya,1,2
setugas,1,2
agojob,1,2
sehatkan,1,2
seharsnya,1,3
soalmya,1,3
intitute,1,3
eyika,1,2
gozaimasu,1,4
akunn,1,2
kurngnya,1,3
jampangkulon,1,4
ddlm,1,2
buser,1,2
cigugur,1,3
posesnya,1,3
diribetin,1,3
meresetnya,1,2
mterankmi,1,4
tlis,1,2
nababan,1,2
keadaann,1,2
songa,1,2
diharusnya,1,2
kabar2,1,2
mlotot,1,2
pokmen,1,2
fariadi,1,2
pencoleng,1,3
functionnya,1,2
respontimenya,1,3
asiaa,1,2
digaweken,1,3
rachman,1,2
perbaruhi,1,3
sending,1,2
kasbon,1,2
intl,1,2
didekatkan,1,2
nyervis,1,3
kator,1,2
sesuainya,1,2
oerintah,1,3
dijakankan,1,3
hubunggi,1,2
sistemasi,1,2
nyooba,1,3
bissaa,1,3
pleng,1,2
misalken,1,2
matis,1,2
subsisidinya,1,4
s21,1,2
kesyangan,1,2
nghub,1,2
gelaplah,1,2
5bln,1,2
millineal,1,3
benrin,1,2
deggan,1,2
hnx,1,3
laminate,1,2
saingat,1,2
kopontren,1,3
pengalamam,1,3
rukcwte9,1,5
refrral,1,2
2ewpxe,1,4
downoad,1,2
pengaduannyapun,1,3
disediakannya,1,2
gimanasih,1,2
komplenannya,1,3
kshi,1,2
menyakan,1,2
segenggam,1,2
26okt,1,3
kerjai,1,2
permasalahany,1,2
fahrizal,1,2
diatasny,1,2
dikondisi,1,2
zaenal,1,2
paruga,1,2
gbl,1,2
169volt,1,3
12wib,1,3
gayane,1,2
berfikiran,1,2
mustang,1,2
mengakibat,1,2
24okt,1,3
oni,1,2
bertarip,1,3
kepelangganannya,1,4
trsa,1,2
appun,1,2
ranga,1,2
7juta,1,2
khykm5,1,4
wkwkwwk,1,3
manunggu,1,3
denikian,1,3
sakgeleme,1,3
ngerestitusi,1,3
cuakep,1,3
luwansa,1,2
langsungpada,1,2
bpjskes,1,2
karangploso,1,3
sitimulyo,1,3
piyungan,1,3
lngsug,1,3
menggoyang,1,2
bersinggungan,1,3
lirtrik,1,2
terkece,1,2
sbaiknya,1,4
pinaltinya,1,3
setahuan,1,2
pinalti,1,3
malasalah,1,2
karyawan2nya,1,3
bansari,1,2
skali2,1,2
turunlah,1,2
mmenjadi,1,3
sadonya,1,2
mmpunyai,1,3
bingkisan,1,2
ngerpek,1,2
seot,1,2
ruckyjm,1,5
negoro,1,2
intrusksi,1,3
spacer,1,2
eilode,1,3
barombong,1,2
valerian,1,3
tengang,1,2
kepemilikkan,1,3
syncronise,1,4
sukamanah,1,2
digunting,1,2
pasunggingan,1,3
deg2an,1,3
kemalangan,1,2
yasinan,1,2
dirahkan,1,2
teruas,1,2
watts,1,2
jwbannya,1,2
makaih,1,2
geratiss,1,3
uff,1,2
swadarma,1,2
toss,1,2
campurejo,1,2
jabut,1,2
sambungn,1,2
kopral,1,2
samli,1,2
curik,1,2
camatnya,1,2
sembakin,1,2
sangaat2,1,3
ruri,1,2
tidaj,1,2
keamana,1,2
menyanggah,1,2
ditimbul,1,2
menanjakss,1,2
menempu,1,2
11digit,1,3
dendaan,1,2
widthdraw,1,3
disurvai,1,4
22jam,1,2
gawan,1,2
golo,1,2
dimundurkan,1,3
15x,1,2
nyataa,1,2
reffnya,1,3
berintgritas,1,4
penjelaan,1,2
mskh,1,2
pemasangat,1,2
johakim,1,3
moat,1,2
ndaru,1,2
disetting,1,2
1digit,1,3
rt04,1,2
rw06,1,2
sanusi,1,2
iklandoang,1,3
menyeesaikan,1,2
sekluarga,1,3
manju,1,2
kredir,1,2
yanng,1,2
paswoord,1,3
kreem,1,2
hebatlah,1,2
diprbaiki,1,2
kseluruhan,1,3
hngga,1,3
mukhlas,1,2
meried,1,2
ceta,1,2
tifak,1,2
zuzundrao,1,5
hilihoya,1,3
bianespa,1,3
gulo,1,2
hp1,1,2
s22,1,2
ualang,1,2
menjerat,1,2
hp2,1,2
300watt,1,3
madih,1,2
terimajadi,1,2
menyakup,1,2
pohto,1,3
blow,1,2
babe,1,2
tergesa,1,2
gesa,1,2
renspons,1,3
wslm,1,2
2g,1,2
selfie2,1,2
reffk0denya,1,6
responsibilty,1,3
layanidegan,1,3
mdhan,1,2
dipengisian,1,3
diskip,1,2
ngutarain,1,3
dannirae,1,4
malahayu,1,2
banjarharjo,1,2
amua,1,2
cekualii,1,3
managua,1,2
untuknpelaporan,1,4
apf,1,2
dalammengatasi,1,3
mantapdengan,1,2
mobilesegalakeluhan,1,5
terimikasih,1,3
wom,1,2
dmudahkan,1,2
assistance,1,2
aaamiin,1,2
beluh,1,2
pegandon,1,3
leleh,1,2
saranungkin,1,2
danvtanggspan,1,5
dipisahin,1,3
pnjm,1,3
nort,1,2
sugkdah,1,3
krtrmpat,1,4
erima,1,2
langsungdatang,1,3
pusenlis,1,3
pilihnya,1,2
ttk,1,2
nghubungi,1,2
bertulisakan,1,3
upahnya,1,2
darri,1,2
seminarnya,1,2
9desember,1,3
sedangterjadi,1,3
malut,1,2
2200ke,1,2
kaloran,1,2
berkas2,1,2
bhong,1,2
dikerjakam,1,3
safu,1,2
penggerjaan,1,2
pingnya,1,2
selaen,1,2
soreh,1,2
nslookup,1,3
dimegerti,1,3
penyelesaiaan,1,3
notification,1,3
salud,1,2
improvisasi,1,2
bajat,1,2
gemuh,1,2
adul,1,2
pemberitahuaannya,1,4
vg4uv,1,5
vv8fz,1,4
4c,1,2
etahlah,1,3
tremboko,1,3
gedangsari,1,2
ngundurin,1,4
nyela,1,2
bertumbuhnya,1,2
claimnya,1,3
paliling,1,2
brhubung,1,3
prosuder,1,3
pigi,1,2
would,1,2
willingly,1,3
kecabang,1,2
akutuh,1,2
byaran,1,2
210rb,1,2
clear2,1,2
penanak,1,2
sisitemnya,1,3
loyo,1,2
tlhbmenyala,1,5
pbk,1,2
kacang2,1,2
pengabdianmu,1,2
tidakperlu,1,3
tspi,1,2
mintk,1,2
oplet,1,2
bobrookk,1,4
penaggulangan,1,3
koplain,1,2
gerceptt,1,4
kehadiranya,1,2
jam1,1,2
tgl18,1,2
jam13,1,2
pemilk,1,2
ornag,1,2
kdua,1,2
bloc,1,2
penindakalnjutinlama,1,8
ditahapan,1,3
jugalengkap,1,3
sewakanda,1,3
disukseskan,1,2
buakn,1,2
ppake,1,2
lantass,1,2
wwoor,1,2
penyuplai,1,3
mengunakaan,1,2
kurnag,1,2
artikan,1,2
ketangkasan,1,4
resppon,1,2
constumer,1,3
pesonamu,1,2
notifikas,1,3
konfim,1,2
0thanks,1,2
apalasi,1,2
guidance,1,3
digunakna,1,2
umu,1,2
sktarnya,1,3
pengangkatannya,1,2
permasahalan,1,3
ruuiibeett,1,4
ngidupin,1,3
jatireja,1,3
kenyamananya,1,2
4x500,1,3
alfamidi,1,2
dress4,1,2
kdrt,1,2
bungi,1,2
talango,1,2
dilapanagn,1,3
hbisin,1,2
sevise,1,2
noknya,1,2
dr8,1,2
semayok,1,3
pemahan,1,2
tgl19,1,2
krwn,1,3
katamso,1,3
molornya,1,3
dilaptop,1,2
guenya,1,2
instruksi2,1,2
nuat,1,2
ketot,1,2
desvy,1,2
kompotibel,1,3
sebelnya,1,2
rabbalalamin,1,3
bergurau,1,3
superdupertopss,1,5
ngomplain,1,3
alaidin,1,2
lamlagang,1,3
kemistri,1,2
thankx,1,2
callan,1,2
transaksimu,1,2
menlpnkan,1,4
tman,1,2
prabaya,1,2
up3medan,1,4
trkadang,1,3
ulalalalaa,1,4
sembrawut,1,3
sebgain,1,3
semantiasa,1,3
dibersinar,1,3
eakk,1,2
ruhiat,1,2
negla,1,2
jariang,1,2
dangku,1,2
karane,1,2
balikkan,1,2
oelh,1,3
meyiapkan,1,3
merdekaa,1,2
pushing,1,2
floors,1,2
komplik,1,2
riman,1,2
expand,1,2
matrai,1,2
llaabbee,1,4
terlantarkan,1,2
830ribu,1,3
kwh450va,1,3
nurma,1,2
beuah,1,2
penggangguan,1,3
goos,1,2
listeria,1,2
berblanja,1,3
diselsaikan,1,3
gatek,1,2
jemi,1,2
bigini,1,2
kerjay,1,2
110rb,1,2
padehal,1,3
kabuau,1,3
dama,1,2
nutupin,1,3
nulis2,1,2
mengenenai,1,2
sungkono,1,2
aplikasinyyaa,1,3
ngerasin,1,2
reccommended,1,3
punmakin,1,3
difikasi,1,2
kalamgan,1,2
atung,1,2
adanys,1,3
tindkan,1,2
krasi,1,2
pentalan,1,2
7h,1,2
wkb,1,2
masrayakat,1,3
medayu,1,2
watukumpul,1,3
seijin,1,2
bjorka,1,3
alhmdulilh,1,4
seloka,1,2
ejekan,1,2
peujeut,1,3
berskil,1,3
nembang,1,2
totot,1,2
sbenar,1,3
ipe,1,2
jempool,1,2
digaungkan,1,4
60hr,1,2
revilla,1,2
r4a,1,3
tca,1,2
katagori,1,3
uteg2,1,3
diperpendek,1,2
aprilianto,1,2
engkaulah,1,2
memasyhurkannya,1,4
hampang,1,2
begitujuga,1,2
covas,1,2
dikembangan,1,2
babul,1,2
mahmudin,1,2
keluaraga,1,2
trpnting,1,3
muga,1,2
utaranya,1,2
olo,1,2
plnpelayanan,1,3
versifikasi,1,2
lanjutkn,1,2
kwkkw,1,3
pncegah,1,4
icrm,1,3
mmasukkan,1,3
mnghemat,1,3
hhh,1,2
prthnkn,1,3
qualitasnya,1,3
dipatok,1,2
mnjalankan,1,3
jn,1,2
oml,1,2
firstmedia,1,2
eksisiting,1,2
supriyadi,1,2
ferima,1,2
tampil2,1,2
tntag,1,2
komplan,1,2
kecekrek2,1,4
sertfkat,1,3
sertifikt,1,3
terkaiit,1,3
percabangan,1,2
toyib,1,2
jooris,1,2
tampamu,1,2
mlarat,1,2
betaet,1,2
semtara,1,2
diserba,1,2
f8,1,2
cumam,1,2
nnton,1,2
siliran,1,2
bintaang,1,3
perosescepat,1,3
rrq,1,2
blototh,1,3
menjelekkan,1,3
dipromosi,1,2
harganyanya,1,2
byrkan,1,3
tlat,1,2
sbtulnya,1,3
sklas,1,2
jade,1,2
yumm,1,2
mgt,1,2
gateaway,1,2
diapakai,1,2
ke2200w,1,4
memjaga,1,2
sptember,1,2
kyanya,1,2
kelu,1,2
dtgi,1,2
kgx,1,2
ujungnye,1,2
rechek,1,3
perosedur,1,3
manapu,1,2
cog,1,2
mengahbiskan,1,3
fbt,1,2
kato,1,2
laapln,1,3
besk,1,2
solusikah,1,2
meretas,1,2
kqgvr6,1,5
tadine,1,2
luwama,1,2
maesaroh,1,3
diimpit,1,3
persekian,1,3
memumuliyakan,1,4
rahadi,1,2
penyelesiaan,1,2
pasang450va,1,3
sofarsogood,1,4
perbaika,1,3
listr6,1,3
dihubunginnya,1,2
menjalankankan,1,2
metere,1,2
selatannya,1,2
tanganannya,1,2
kompitip,1,2
32wita,1,3
35wita,1,3
pelayananjuga,1,2
goole,1,2
mensimulasikan,1,4
unat,1,2
sepanjangmasa,1,2
merasattimakasi,1,4
babet,1,2
spliksih,1,3
seuatu,1,2
tahap2nya,1,3
ppadahal,1,3
wirid,1,2
berpositif,1,3
tinking,1,2
sesta,1,2
nunuhitu,1,3
sangaatmrmbantu,1,6
cibaduyut,1,3
brmnfat,1,3
djempol,1,3
tagiahn,1,3
regrestasi,1,3
diemail2,1,3
plnbabelan,1,3
poo,1,2
terbnatuu,1,3
klia,1,2
sebegini,1,3
kehidupn,1,2
terbukaan,1,2
prektis,1,3
bekerjaa,1,2
iklann,1,2
00tarif,1,3
busem,1,2
gerek,1,2
dilambatin,1,3
mangulahnyo,1,4
etiket,1,2
icip,1,2
yoen,1,2
bees,1,2
merekomendasika,1,4
kegunaan2,1,2
lelahnya,1,2
merassa,1,2
prabayarno,1,2
00idpel,1,3
00nama,1,2
ading,1,2
apliklasi,1,2
sonic,1,2
cayoo,1,3
hatikoe,1,3
mempercpat,1,3
compleks,1,2
sareal,1,2
falah,1,2
rawakalong,1,3
mericek,1,2
vaangsuran,1,3
00no,1,2
00rp,1,2
0jml,1,3
0stroom,1,3
dinaolikasinya,1,3
bineka,1,2
quantity,1,3
g3guan,1,4
mengingati,1,2
capacitynya,1,3
banyka,1,2
biin,1,2
wkwkk,1,2
tenaan,1,2
britanya,1,2
susuai,1,2
berdasadkan,1,4
lampungnya,1,2
cuamn,1,3
margono,1,2
s4kali,1,3
kiraen,1,2
semple,1,2
syerem,1,2
tamangapa,1,3
parinring,1,3
top100,1,2
ubahn,1,2
khayr,1,2
melompong,1,2
s3perti,1,3
dayab,1,2
argghhtt,1,4
ngebentak,1,2
tqu,1,2
berpulsa,1,3
membambatu,1,3
palis,1,2
kelihuhan,1,3
penjelajahan,1,2
jeringo,1,3
nurcahyo,1,4
ditumah,1,2
jazzakumullah,1,3
muhidin,1,2
cekelat,1,2
3th,1,2
enda,1,2
sabbat,1,2
mobileaemua,1,4
lestrekk,1,3
axmik6,1,3
lauknya,1,2
12malem,1,3
bemutu,1,2
kook,1,2
kolektornya,1,2
kwkwkw,1,2
nglanjutin,1,3
menggagu,1,2
lewolaga,1,3
twntang,1,3
rasakanlah,1,2
bengkaknya,1,2
hadapin,1,2
dalammelayani,1,2
helloww,1,2
bawai,1,2
ngelike,1,2
mununggu,1,2
tatif,1,2
penjlasan,1,3
pelangganxx,1,2
mnghargai,1,3
pasanglah,1,2
controling,1,2
bose,1,2
cerr,1,2
bagiaman,1,2
ala2,1,2
aplikasie,1,2
btulan,1,2
diperkampungan,1,2
kepaksa,1,2
sulitan,1,2
bergantungan,1,2
ooi,1,2
ptugesnya,1,4
wjudkan,1,3
memepercepat,1,3
mebdapatkan,1,2
ajeng,1,2
pamasangannya,1,3
gudangnya,1,2
menghadapin,1,2
pliharaan,1,3
pegecekan,1,3
40mbs,1,3
saah,1,2
beberaap,1,3
rendahan,1,2
eltuvl,1,4
22k,1,2
margotop,1,2
menselesaikan,1,3
markot,1,2
saldoku,1,2
konsister,1,2
jujurr,1,2
tegah,1,2
persiap,1,2
lesung,1,2
mnual,1,2
dipengajian,1,3
dper,1,2
nyebarin,1,3
i1,1,2
maulaboh,1,3
negativ,1,2
strome,1,2
menyambukan,1,2
extensinya,1,2
informasilainnya,1,3
b100,1,2
gunungsindur,1,4
lalapan,1,2
tandingan,1,2
lillaah,1,3
tiga2nya,1,3
pemggunaan,1,4
1miliar,1,3
toping,1,2
depositnya,1,2
mengajuka,1,3
trselasaikn,1,4
lewihliyang,1,4
ditempay,1,2
berdasi,1,2
exlusive,1,2
mazz,1,2
pujituhan,1,2
kestrum,1,3
kagian,1,2
berdengung,1,3
kapling,1,2
ponorgo,1,2
tercover2,1,3
kiamay,1,2
everythink,1,3
trkdang,1,3
realisanya,1,2
sintem,1,2
rajutan,1,2
onang,1,2
pertimbangkn,1,3
penilayan,1,3
arfan,1,2
obengnya,1,3
bles,1,2
beberapamenit,1,2
meringankankan,1,2
tabahkan,1,2
waifi,1,2
shoppi,1,2
ulti,1,2
ganiat,1,2
peringat,1,3
grecep2,1,4
kucobain,1,3
setdah,1,2
kernetnya,1,3
cumana,1,2
pertimbangannya,1,2
bamun,1,2
maturtengkyu,1,4
samarkan,1,2
setekah,1,2
memperbaruinya,1,2
waitatiri,1,3
pemikat,1,2
kadir,1,2
caiyoo,1,3
aplikasianya,1,2
fadila,1,2
funsi,1,2
aliad,1,2
mber,1,2
luamyan,1,3
sembiring,1,2
tulehu,1,3
perktaan,1,2
ssa,1,2
disclaimernya,1,2
qj,1,2
seindah,1,3
berhadia,1,2
nelfonin,1,3
ngejanjiin,1,3
csnyaya,1,3
salahkn,1,2
diserver,1,2
suangar,1,3
pemasangam,1,3
puna,1,2
tetselesaikn,1,5
prosfesional,1,3
samba,1,2
dusnya,1,2
berbicar,1,3
loggin,1,2
dalamsegala,1,3
videoin,1,2
mubajir,1,3
internasionale,1,2
kleuhan,1,3
ekspectasi,1,3
hiling,1,2
mlas,1,2
sep2022,1,3
ditarget,1,3
iaih,1,2
jjur,1,2
26jan,1,2
hujatan,1,2
27feb,1,3
tnda,1,2
diperbaki,1,2
adiku,1,2
brpa2hari,1,4
pantauannya,1,2
mantell,1,2
menelpun,1,2
merekomen,1,2
installation,1,2
kalaau,1,2
longor,1,2
mendaptak,1,3
mnunjukan,1,2
rebonded,1,3
mavia,1,2
pntng,1,3
kepembakaran,1,3
plnmubail,1,4
ketulang,1,2
penjepit,1,2
yemima,1,3
panutanku,1,2
kelemotan,1,2
menginstallnya,1,2
stln,1,2
memutarkan,1,2
manaikkan,1,2
kwhmeternya,1,3
transfort,1,2
disumpahin,1,3
kawanku,1,2
malino,1,2
tkhs,1,2
samiri,1,2
scrup,1,2
menyediaakan,1,3
pringtali,1,4
prosesedur,1,2
daldo,1,2
nggakribet,1,3
ohiya,1,2
karyawanmu,1,2
rp100,1,2
4500watt,1,4
1200watt,1,3
dikelurahan,1,2
pengasinan,1,2
ditotalkan,1,3
celakanya,1,2
kompleknya,1,2
mananggulangi,1,5
sekelah,1,2
tugurejo,1,2
slahung,1,3
terbukaa,1,2
tersambungkan,1,2
lubuklinggu,1,3
akusuka,1,3
lagivterimakasi,1,5
losstm,1,2
marketplus,1,2
slebihngnya,1,4
cokicoki,1,3
karayawan,1,2
ngerefresh,1,3
anjgngvbfhb,1,8
kerens,1,2
palystore,1,3
gencarin,1,2
apibila,1,2
karib,1,2
manyun,1,2
jodohnya,1,2
wuii,1,2
tdlm,1,2
kanak,1,2
cxault,1,3
tebuang,1,2
eheheh,1,2
maszeehh,1,3
skejul,1,3
trkdng,1,4
minda,1,2
terhe,1,2
meminjakan,1,2
dpromosikan,1,2
fungai,1,2
5okt,1,3
tulisi,1,2
ktrangan,1,3
begituklik,1,2
rebu,1,2
bkalan,1,2
mebenahi,1,2
terlaluu,1,2
kejawab,1,2
kipasin,1,2
nisel,1,2
kalisumber,1,2
menghadep,1,2
8rb,1,2
dimesin,1,2
melaksnakan,1,3
motamati,1,3
atass,1,2
andian,1,2
bakule,1,2
bbg,1,2
gowo,1,2
semuda,1,2
kacung,1,2
sultana,1,2
residences,1,2
eraa,1,2
modung,1,2
ngengajuan,1,3
terlalut,1,2
trjwb,1,3
mterjadi,1,3
tonang,1,2
vihicle,1,3
ptj,1,2
zdi,1,2
akses2,1,2
tanggulangin,1,2
dlempar2,1,3
80rb,1,2
rekomnts,1,4
rp700,1,2
sudaahh,1,3
kuliatasnya,1,3
dwit,1,2
tusan,1,2
kajoran,1,2
kcwa,1,2
wassalamuaikum,1,3
warahmatulah,1,4
hibarakatuh,1,3
mbar,1,2
sepangjang,1,3
beasa,1,2
mmasuk,1,3
segaala,1,3
tetapsusah,1,3
yolong,1,2
balez,1,2
kluarin,1,2
saikin,1,2
tanawangko,1,3
terprovokasi,1,3
wkwkwkwkland,1,4
elecitizen,1,4
mogas,1,2
galway,1,2
yusri,1,2
tahknisinya,1,3
sakpore,1,3
7ratusan,1,3
tremas,1,2
arjosari,1,2
ditanganibdengan,1,3
ber2,1,2
pamri,1,2
baikmu,1,2
120ribu,1,2
hebatnyalagi,1,2
0elanggan,1,3
sebar2,1,2
gobyos,1,2
diformulir,1,3
marah2hin,1,3
nyingkirin,1,4
wkwkwkkw,1,2
ceh,1,2
knt0l,1,4
nji9,1,3
jemmppooll,1,4
widraw,1,2
karangnunggal,1,4
rengasbandung,1,3
17september,1,5
rekeningku,1,2
babar,1,2
riri,1,2
topaten,1,2
unit12,1,2
birokratis,1,2
diniyah,1,2
darush,1,2
shodaqoh,1,3
suwarto,1,2
oder,1,2
buktiin,1,2
perobotan,1,3
irin,1,2
urgency,1,2
transparancy,1,2
otorisasikan,1,2
kompinen,1,2
apliki,1,2
kontel,1,2
setemgah,1,4
oey,1,2
lasusua,1,3
icann,1,2
unguk,1,2
uangpun,1,2
semakon,1,2
doanx,1,3
voila,1,2
jazakallahhuu,1,5
emot,1,2
sempurnaa,1,2
shopepaay,1,4
bertrima,1,3
jaswadi,1,3
dehooi,1,3
karaktermu,1,2
trimkasihmu,1,4
kosongin,1,2
bemer,1,2
selalulu,1,2
ananya,1,2
daalm,1,3
tken,1,2
hapelnas,1,3
koorperatif,1,4
mambali,1,2
2alau,1,2
lice,1,2
nw,1,2
dapatmenyediakan,1,3
progrees,1,2
disuruhmasuk,1,2
bergantungkan,1,2
tego,1,2
rekomedasi,1,4
tecu,1,2
gnii,1,2
pelayanand,1,2
instanta,1,2
inpu,1,2
seberkas,1,2
pengorasian,1,3
btln,1,2
custemor,1,3
termsuk,1,2
responsis,1,2
sangatembanti,1,3
rposes,1,2
didapur,1,2
maugangguan,1,4
semjak,1,2
kerawat,1,2
mengurang,1,2
bodohinya,1,2
manteeb,1,3
gengan,1,2
banjararum,1,2
kamri,1,2
aoen,1,2
nangih,1,2
mantapaplikasi,1,2
cespleng,1,3
petunjul,1,3
tartar,1,2
okedah,1,2
sopon,1,2
nnati,1,2
dalat,1,2
gunta,1,2
sajal,1,2
novianti,1,2
nyalakembali,1,3
kucek2,1,3
tamako,1,2
ddaerah,1,3
trubel,1,3
mnegerti,1,3
4nyala,1,3
saifuddin,1,2
beget,1,2
kepadamasyarakat,1,2
beliaulah,1,2
potongan2,1,2
aguss,1,2
mungkit,1,2
ngengunakan,1,4
emerjensi,1,4
uiuc,1,2
sekligus,1,3
diterjang,1,2
proposal2,1,2
cada,1,2
mengelolahan,1,2
dibisa,1,2
majumu,1,2
diketintang,1,2
89b,1,2
teriming,1,2
geunaseh,1,3
dondong,1,2
membuatlaporan,1,2
terinformasi,1,2
ppelanggan,1,3
pekapuran,1,3
dipucuk,1,2
mempermudak,1,2
danpun,1,2
serte,1,2
merespn,1,2
bisabbelanja,1,4
sepertu,1,2
mamsyarakat,1,4
dgnpln,1,3
mungkur,1,2
dli,1,2
darinpln,1,3
warungkondang,1,3
sngaja2,1,3
taggal,1,2
yow,1,2
biodatanya,1,2
muda2an,1,3
kadada,1,2
maurus,1,2
cocol,1,2
peringgabaya,1,4
jbvsmv,1,4
menoreh,1,2
sampangan,1,2
pengintalan,1,3
keret,1,2
kebututuhan,1,3
bakik,1,2
dihina,1,2
ikp,1,2
lafi,1,2
tambahah,1,2
menpercepat,1,3
mobilememang,1,2
gebetan,1,2
prosesbisa,1,2
rekomeded,1,4
sugab,1,2
telrpon,1,3
langga,1,2
rapoo,1,2
neber,1,2
blokirnya,1,2
lembali,1,2
penitis,1,2
memudahinnya,1,3
nyisihin,1,3
misscomunication,1,5
hunakan,1,2
1300wt,1,2
bukn,1,2
klrifikasi,1,3
okeeh,1,2
panjaga,1,2
aaja,1,2
meingankan,1,3
keselematan,1,2
mausk,1,2
pelayabanys,1,3
elektrikzen,1,2
matabs,1,2
pemborannya,1,2
pesata,1,2
rammah,1,2
tentamg,1,3
adakn,1,2
teerruuss,1,4
prayogo,1,2
kapitasi,1,2
surfei,1,2
charters,1,2
bwrmangagat,1,5
bijimana,1,2
listriki,1,2
dibaypas,1,3
kedpannya,1,3
palapanya,1,2
trmpat,1,3
ataunoembelian,1,4
digunkanan,1,3
merusakkan,1,2
nyangkokot,1,4
plenthe,1,3
klodan,1,2
bonusan,1,2
sukowono,1,3
onmobile,1,3
misalx,1,2
untuklapor,1,3
sangatbmembanntubdan,1,6
cepatdalam,1,2
sakapiang,1,3
kanopy,1,2
ruliah,1,2
setingannya,1,2
kepastiannya,1,2
britau,1,2
duq,1,2
700an,1,2
35menit,1,2
markandos,1,3
merapihkan,1,3
ngcas,1,2
amater,1,2
recomeenn,1,3
jadila,1,2
stasis,1,2
menotong,1,2
ketikamembuat,1,2
bebagai,1,2
kaminpelanggan,1,4
terkordinasi,1,3
adanga,1,3
mendaoat,1,4
baypas,1,2
emua,1,2
appli,1,2
manthuull,1,3
dikhianati,1,4
anggota2,1,2
mudahxektagihan,1,4
sudag,1,2
p3rlu,1,4
lainy,1,2
ngpain,1,3
kojie,1,2
abdid,1,2
otorisasi,1,2
pemfotoan,1,3
pdha,1,2
gakbolehpadam,1,4
300perak,1,3
megawon,1,2
hadeuhhh,1,3
transaksibanyak,1,2
members,1,2
gampng2,1,3
mendekteksi,1,3
mngerjakan,1,3
mengutuki,1,2
penggunanan,1,2
lidstrom,1,3
mllbh,1,3
kalas,1,2
jdlah,1,2
balimester,1,3
bertugasnya,1,2
kases,1,2
lgnsung,1,3
dimanjain,1,2
optimization,1,3
responsifitas,1,2
sayasangat,1,2
mengitu,1,2
tengin,1,2
22kwh,1,3
beresnya,1,2
pengabuan,1,2
kadafi,1,2
lackneut,1,3
bermanfaatk,1,2
selie,1,2
geser2,1,2
sagar,1,2
dslsm,1,3
gngusn,1,3
centex,1,2
kilatan,1,2
priyo,1,2
subhannalloh,1,4
alhamdullillahhirrobbil,1,7
teransaksibmu,1,5
aramah,1,2
instala,1,2
kepaga,1,2
mnekan,1,2
lamaru,1,2
josenan,1,2
punyannya,1,2
jugam,1,2
kemajuan2,1,2
waoo,1,2
mantapplahh,1,3
aturannyadan,1,2
lebaih,1,2
pandowoharjo,1,3
brpngruh,1,3
tenggiri,1,2
aalaamiin,1,3
matursembahnuwun,1,5
jazakillah,1,4
khatshiron,1,3
bungah,1,2
sebdiri,1,2
lokai,1,2
33a,1,2
menggunakann,1,2
boookk,1,3
tafis,1,2
lebihaman,1,2
jauhbsangat,1,3
untkgangguan,1,4
intropeksi,1,4
bertabur,1,2
kepara,1,2
pengeluan,1,2
sunarto,1,2
bangganya,1,2
ahan,1,2
viture,1,2
minimart,1,2
beureunun,1,4
upgreat,1,3
semanis,1,2
dalammelakukan,1,3
debagai,1,2
dwload,1,2
spsi,1,2
mengimput,1,2
atasanya,1,2
startegis,1,3
melur,1,2
pae,1,2
kualistas,1,3
hebt,1,2
komplain2,1,2
handala,1,2
gini2,1,2
trekking,1,2
performamu,1,2
gakin,1,2
nebang,1,2
ngmg,1,2
sehinhga,1,4
dangdutan,1,2
merongrong,1,3
menandingi,1,3
kemajuaan,1,3
dijebol,1,2
huller,1,2
hpl,1,2
tige,1,2
freandly,1,3
berih,1,2
cikunten,1,3
cicarulang,1,3
cimalaka,1,3
pencapai,1,3
jninsangat,1,4
mohonijin,1,2
satsetwatwet,1,4
sibatu,1,2
asmaniar,1,3
hatidancepat,1,3
menindaklanjut,1,2
dompu,1,2
pembauaran,1,2
pelamparan,1,3
mq,1,2
kenyamaman,1,3
buzz,1,2
wire,1,2
piss,1,2
kwan,1,2
brobah,1,2
blokirannya,1,2
menghalagi,1,2
transparants,1,2
atine,1,2
searing,1,2
ygbsering,1,3
boxnya,1,2
pemyqnya,1,4
mariyah,1,2
kotrol,1,2
otomatisasi,1,2
ambawara,1,3
kalow,1,2
reaper,1,2
progmam,1,3
handaljuga,1,2
ataul,1,2
nakasih,1,2
hendel,1,2
burug,1,2
smartmeter,1,2
memukaunya,1,2
sucsess,1,3
komser,1,2
transaksiku,1,2
plnmobike,1,4
dilintasi,1,2
disusahin,1,3
permasih,1,2
menaruk,1,2
mudal,1,2
sapek,1,2
formatif,1,2
mobilejadi,1,2
listrikdari,1,2
litsrik,1,3
jawanban,1,3
dengabn,1,2
meembeli,1,3
pertegas,1,2
bawhan,1,2
berbenahlah,1,2
hisa,1,2
yukz,1,2
salali,1,2
baruh,1,2
dropnya,1,2
ayanan,1,2
kedepanyamakin,1,3
bermudah,1,2
sodialisaainy,1,5
setelaj,1,3
dituruni,1,2
lnsng,1,3
keesokannya,1,2
sindang,1,2
plnmoblie,1,4
mengunakanya,1,2
membantuengajukan,1,3
mnjlnkn,1,4
kepenakan,1,2
bertransakidansangat,1,4
reconnect,1,3
khayran,1,2
bermodern,1,2
normalsaya,1,2
tasya,1,2
warranty,1,3
mutasikan,1,2
diguanakan,1,3
leih,1,2
pandunya,1,2
barupun,1,2
pekerjannya,1,2
kematia,1,3
pernasalahan,1,3
layangkan,1,2
maasyaallaah,1,4
jazakumullaahu,1,5
transaksiterimakasih,1,2
sayadalam,1,2
sulses,1,2
laporandan,1,2
dijln,1,2
barukenapa,1,2
mengetahuipasang,1,2
sekaalii,1,4
mencekek,1,3
mwnyalaa,1,3
satnd,1,2
apaja,1,2
ckg,1,2
membantuproses,1,2
selamt,1,2
elesai,1,2
baikj,1,2
amang,1,2
dinegari,1,3
diperaikipln,1,4
siswanto,1,3
mengaju,1,2
ganpln,1,3
mobilelrksesrubah,1,6
penyelesaikan,1,2
sekip,1,2
donwlond,1,4
huja,1,2
casnya,1,2
ruit,1,2
tanggo,1,2
ptofesional,1,3
lebihin,1,2
murh,1,2
peradi,1,2
kurty,1,2
pembayarnnya,1,3
bangwt,1,2
memperivikasi,1,3
lokernya,1,2
penyampaikan,1,3
edukasi50,1,2
gxoake,1,3
lpar,1,2
berjabat,1,2
sudahnbagus,1,3
dibuka2,1,2
seniornya,1,2
terimakasihpak,1,2
pelannggannya,1,4
danga,1,2
alamnibung,1,3
mempeuda,1,3
oper2encet,1,3
tunggale,1,2
tonlong,1,2
khiran,1,2
ditugasin,1,3
respndif,1,3
inavasi,1,3
pengejuan,1,3
chraging,1,2
acmt,1,3
ealaah,1,3
permasalaha,1,2
situsi,1,2
maningkat,1,3
pembawaannya,1,2
minumnya,1,2
lulut,1,3
ciemas,1,2
uduh,1,2
tigahari,1,2
imobile,1,3
semohon,1,2
rochman,1,2
kimerja,1,3
nadang,1,2
entang,1,2
added,1,2
kuhus,1,2
menyalapun,1,2
aleh,1,2
melaku,1,2
pemabacaan,1,4
regestasi,1,2
kelistrikanrumah,1,2
telahenyediakan,1,3
tidakn,1,2
mengubahnnya,1,2
malaas,1,2
beitahu,1,3
sngatmembntu,1,5
memcari,1,2
800ribu,1,2
gbhlog,1,3
memperioritas,1,3
solusion,1,2
nimbul2,1,3
sealalu,1,2
kinerj,1,2
seleseikan,1,3
krpada,1,2
dpa,1,2
ngsih,1,2
mantappoo,1,3
penyeleseian,1,3
kapansaja,1,3
mantappuu,1,3
jiaaaa,1,2
bundle,1,2
ramaz,1,2
leadernya,1,2
semogakan,1,2
terkabulkan,1,2
pengunakan,1,3
sakuritynya,1,4
langkan,1,2
swardana,1,3
perlama,1,2
keungulan,1,3
praktisnya,1,2
syafwan,1,3
koruptor2,1,2
repos,1,2
lewatpun,1,2
cico,1,2
berkomunimasi,1,4
jeka,1,2
minori,1,2
kontek,1,2
ba0ak,1,3
trailernya,1,2
gofur,1,2
ntal,1,2
abel,1,2
maaci,1,2
planer,1,2
putas,1,2
bagaimanapengajuannya,1,4
kepengutusan,1,2
sangatembamtu,1,4
holtekamp,1,3
aspirasinya,1,2
blinya,1,2
watt1300,1,3
tepaat,1,2
dilaporkan2,1,2
meakukan,1,2
1siang,1,3
mengadu2,1,2
menyulit,1,2
alhamdulullah,1,2
putuk,1,2
penggantiaalnya,1,4
maksimall,1,2
tretes,1,2
tyranno,1,3
menarinya,1,2
teirma,1,3
sukaak,1,2
discaunt,1,3
indomobil,1,2
handan,1,2
adanyanpln,1,3
bamba,1,2
puang,1,2
jugan,1,2
ndudul,1,2
muktahir,1,2
permaslaahan,1,3
mpbileantap,1,5
omon2,1,3
ngaa,1,2
tersetel,1,3
kellistrikan,1,3
livinmandiri,1,4
43an,1,2
berpendapatan,1,2
kilaatt,1,3
propesonal,1,3
dinyamukin,1,3
mukanye,1,2
sapengue,1,3
tingakat,1,2
seringali,1,2
memperingan,1,2
iyees,1,2
r3spon,1,4
julur,1,2
kualis,1,2
pmerintahan,1,4
dikembangakan,1,3
berpelu,1,2
melapornya,1,2
jisjos,1,4
pengecasannya,1,2
menyelseaikan,1,3
pemercepat,1,2
semaikin,1,2
penangnya,1,2
lweat,1,3
plingan,1,2
terfikir,1,2
kntol,1,3
gmm,1,2
xixii,1,3
danil,1,2
nuradi,1,2
jababeka52,1,2
karingan,1,2
kaloh,1,2
seemann,1,2
apabla,1,3
kmnapun,1,3
htrnuhun,1,4
rouf,1,2
yug,1,2
siap2in,1,3
mengetasi,1,2
s3lesaikan,1,4
aruan,1,2
strik,1,2
bayaklah,1,3
aruna,1,2
20hr,1,2
maunhabis,1,3
terpksa,1,3
iseh,1,2
gerakcepatnya,1,3
amatomen,1,2
meterudah,1,2
moroti,1,2
kapala,1,2
amarapura,1,2
upn3,1,3
undercapacity,1,4
samangkin,1,3
baarakallah,1,3
insyaaallah,1,4
mendua,1,2
touken,1,3
mebi,1,2
merasahpuasa,1,3
bise,1,2
pemskaixn,1,5
lidytik,1,3
kurasa2,1,2
20an,1,2
memcerahkan,1,3
pndngan,1,3
pilihanya,1,2
terlau,1,2
intonasinya,1,2
canggiih,1,4
tempias,1,2
kepenjuru,1,3
sebali,1,2
dengqn,1,3
rupaya,1,2
isolistrik,1,3
raumom,1,3
akeno,1,2
semalin,1,2
amanfaat,1,2
beberan,1,2
keputih,1,2
laknatullah,1,3
lnjutin,1,3
rmaahb,1,3
lgkap,1,2
hime,1,2
nae,1,2
referensinya,1,2
ndada,1,2
praktiks,1,2
liked,1,2
pore,1,2
asyarakat,1,3
dkerjakan,1,3
belial,1,2
kagumi,1,2
digumakan,1,3
fisabilillah,1,3
mengelami,1,2
penfui,1,3
hungungi,1,2
bayarnlistrik,1,4
trntang,1,3
lang8,1,2
aplksimya,1,4
tomorrow,1,3
disuruhi,1,2
mandum,1,2
gratus,1,2
berk3mbang,1,4
setrlah,1,2
amzon,1,2
bermanfaa,1,3
buzer,1,2
scamer,1,2
pmbantu,1,3
bjong,1,2
samaji,1,2
lingkuk,1,2
dikabul,1,2
pendampingnya,1,2
intasali,1,3
hargabya,1,3
bantur,1,2
rt3,1,2
semogabtetap,1,3
enunggu,1,2
ciamix,1,3
suportif,1,3
bangettss,1,3
keseharia2an,1,4
promblem,1,3
selaian,1,2
ahlian,1,2
melengket,1,2
menurus,1,2
sekita,1,2
cibal,1,2
bahakn,1,2
kesejahterahan,1,3
cekep,1,2
tdj,1,2
mempermudahbpelanggan,1,4
mermanfaat,1,2
iban,1,2
bisadan,1,2
tiapbulannya,1,3
listrikdan,1,2
robbalalamin,1,3
5s,1,2
bnykin,1,2
purbaya,1,2
terhusus,1,2
05wib,1,3
digunakadqn,1,5
tuok,1,2
esekusinya,1,3
baki,1,2
paliing,1,3
nyantap,1,3
penitikan,1,2
satan,1,2
terusnya,1,2
meggunakannya,1,3
kofirmasi,1,4
danmendapatkan,1,3
lambatji,1,2
mslhx,1,3
primi,1,2
ketuju,1,2
juntai,1,3
120kw,1,2
securiry,1,2
perbnyak,1,2
clfitur,1,2
dilaku,1,2
didompet,1,2
kompotitor,1,3
55rban,1,3
kebel,1,2
pelaran,1,2
jiwah,1,2
apkilasinya,1,3
stac,1,2
12x,1,2
verifikasikasi,1,3
digubakan,1,3
crk,1,2
sampebeli,1,2
repetitive,1,3
crowded,1,3
sereceh,1,3
anggapannya,1,2
marlos,1,2
robelan,1,2
mm2100,1,2
membantupelangan,1,3
bsnget,1,3
nergri,1,3
pengeluarn,1,3
dipintal,1,3
malam2pun,1,3
ufuk,1,2
hangatkan,1,2
bahenol,1,2
babhi,1,2
pngelolaan,1,4
pelosot,1,2
onlennya,1,3
sejk,1,2
membanatu,1,2
diapply,1,3
m7dah,1,3
konsistent,1,2
aplikaaihnya,1,4
sudahmemiliki,1,3
kliksemua,1,2
memudhkansekali,1,4
guess,1,2
berlaganan,1,2
coustomer,1,3
legg,1,2
sukk,1,2
banggssaa,1,4
pecepatan,1,2
ngisih,1,2
pembeliian,1,2
strees,1,2
1827an,1,3
jela,1,2
dsan,1,2
pliturnya,1,3
penggunak,1,2
mempermudaahh,1,3
s3telah,1,3
promoemarik,1,3
mobileembantu,1,3
renpons,1,2
mengkroscek,1,3
sejaman,1,2
teoat,1,3
menyanggkut,1,3
tetel,1,2
karyawanny,1,2
meninggi,1,2
handal123,1,2
mhs,1,2
paying,1,2
keraksaan,1,3
probolingo,1,3
manekin,1,2
tmpatku,1,3
suportnya,1,3
langsungndineksekusi,1,5
pntang,1,2
dipemudah,1,3
libeh,1,2
ikhsan,1,2
berpamitan,1,3
bukain,1,2
dinavigasi,1,3
bermanfantaat,1,4
lindungin,1,2
langi,1,2
mnguntungkan,1,2
ataumembermudahproses,1,4
tercintah,1,2
kalengan,1,2
sugiono,1,2
rhoman,1,2
berlasung,1,3
mengatuk,1,3
mnurutku,1,3
konternya,1,2
info4masi,1,4
cibungur,1,3
laakukan,1,3
disangka2,1,2
melaporpun,1,2
tanjungbalai,1,3
selaalu,1,2
tati,1,2
bilnya,1,2
kassaluarsa,1,4
pulsan,1,2
yabunayya,1,4
pelataran,1,2
ngejut,1,2
tanpilannya,1,3
kendals,1,2
dayadi,1,2
terdekatnya,1,2
arip,1,2
arisandy,1,2
muudah,1,2
canopi,1,2
apakash,1,3
apapn,1,2
sekalibaguss,1,3
langguan,1,2
pembelan,1,2
lislikk,1,3
arahanny,1,2
fitut2,1,3
harinini,1,3
catpun,1,2
bnding,1,2
tetimakasihpln,1,4
imfoasih,1,3
lebihmurah,1,2
nuwus,1,3
inib,1,2
palfon,1,2
dikecamatan,1,2
sabbang,1,2
coffe,1,2
kesurakan,1,2
peganti,1,2
denali,1,2
kakean,1,2
penanggulan,1,2
jellas,1,2
ngini,1,2
sual,1,2
kagunaan,1,3
mbois,1,2
terkejut2,1,2
kekurangnya,1,3
menggunkanya,1,3
semuasemakin,1,3
mugiyanto,1,4
measukkan,1,3
bulanann,1,2
heals,1,2
dikerjainnya,1,3
bagak,1,2
bertranstraksi,1,3
uswatun,1,3
chasanah,1,3
doutliyd,1,4
paham2,1,2
hargatoken,1,3
perantaraan,1,2
diblas,1,2
ngehandle,1,3
lostroom,1,2
ngulur2,1,3
dnx,1,2
genapin,1,2
meruya,1,2
pergunaan,1,3
penecekan,1,3
parjo,1,2
bermantaat,1,3
penjalasannya,1,3
prestasimu,1,2
p4oduk,1,3
dipn,1,2
pengandaan,1,3
dipakee,1,2
dannfitur,1,3
melaukan,1,2
pranan,1,2
securuty,1,2
proplaner,1,3
empeh,1,2
kantormu,1,2
coat,1,2
memudaahkan,1,3
kopwani,1,3
dmanfaatkan,1,2
luhan,1,2
sungguhsangat,1,2
asallamussalikum,1,5
urusna,1,2
souverna,1,3
bgus2,1,3
probisnya,1,2
sambaran,1,2
aplikasinyapun,1,2
taawa,1,2
kerusakanya,1,2
piaraan,1,2
a008,1,3
maou,1,2
70k,1,2
sedekahin,1,2
hwaa,1,2
moo,1,2
nanges,1,2
cadangnya,1,2
pelangganannya,1,2
sisih,1,2
diproleh,1,2
mida,1,2
auam,1,2
juoshh,1,3
tempaf,1,2
bantunan,1,2
trasanksi,1,4
apikalis,1,2
meelakukan,1,3
kenyamanan2,1,2
handalyes,1,3
khususu,1,2
waringinkurung,1,4
aplikapln,1,3
lelistrikam,1,3
siagaa,1,2
terapu,1,2
pelayananyang,1,2
bertran,1,2
pitnah,1,2
anaku,1,2
digunqkqn,1,5
aktif2nya,1,3
kedetail,1,2
pwngwrjaannya,1,5
recomennded,1,4
cepatketika,1,2
bilurnya,1,2
perlakukan,1,2
poromosi,1,2
sistemtemnya,1,3
falit,1,2
diafra,1,2
irwansyah,1,2
sulosi,1,2
bms,1,2
kruenggeukueh,1,5
ersy,1,2
kasiihh,1,2
listrikbdn,1,3
perkembangan2,1,2
coop,1,2
diakes,1,2
piasan,1,2
kabantos,1,3
biass,1,2
ubahcdayacdan,1,5
pospaid,1,3
infoneble,1,3
mengatifkan,1,3
dimurahin,1,3
alako,1,2
imeil,1,3
pecegahan,1,2
relisasinya,1,3
masalahnkeliattikan,1,4
buraik,1,3
terimakaksih,1,3
dicakup,1,2
dkung,1,2
kompletnya,1,2
dipermudahbisa,1,3
membantu1,1,2
helau,1,2
menulung,1,2
wilker,1,2
persennya,1,2
tikdak,1,2
pengoptimalan,1,3
emolator,1,3
masyaratkat,1,3
mempermudahnl,1,3
alpiksh,1,3
lopyouu,1,3
kerelaannya,1,3
semuua,1,2
billmanya,1,3
1empermudah,1,4
asil,1,2
bensinku,1,2
harudin,1,2
aplikasininsangat,1,4
pembaayaran,1,3
arjawinangun,1,3
baik2saja,1,4
friendy,1,2
rosolusi,1,2
barih,1,2
gasskeun,1,3
v27,1,2
yahu,1,2
memnu,1,2
berursan,1,3
weeww,1,3
betambah,1,3
tambar,1,2
halpemasangan,1,4
pembayarah,1,3
manalu,1,2
mempermurah,1,2
bitaya,1,2
membaya,1,2
dengal,1,2
menyela,1,2
prikitiw,1,4
sayatetyolongskalu,1,6
perkat,1,2
wanggi,1,2
4piture,1,3
mengartasi,1,2
mdb,1,2
membutuhhkan,1,4
pelayanajln,1,3
melengapi,1,3
dansimulasi,1,3
geset,1,2
expedite,1,3
rootnya,1,2
iyh,1,2
buth,1,2
lnpois,1,3
cakalang,1,2
pantunnya,1,2
bersyujur,1,3
aakurat,1,3
sebanyak2nyy,1,4
mengecawakan,1,2
nonprabayar,1,4
ikutkan,1,2
udahnya,1,2
bdapat,1,2
tenggap,1,2
mengotrol,1,3
tma,1,2
gppd,1,2
pokokmya,1,3
nomonya,1,2
digitaliasi,1,2
skw,1,2
9pro,1,2
y21,1,2
crewnya,1,2
lumbirejo,1,3
katon,1,2
kintap,1,3
kabipaten,1,3
perantar,1,2
tangkep,1,2
listrikmmati,1,3
pandeyan,1,2
jts,1,2
luarnegri,1,3
marlon,1,2
ngebeng,1,2
ditingkakan,1,4
macbook,1,2
prayogi,1,2
lewet,1,2
subuhanahuwatalla,1,5
aminyarobal,1,3
bkl,1,2
dicatetin,1,2
yazchan,1,3
subkon,1,2
melelui,1,2
mugah,1,2
nyalebih,1,2
resposifable,1,4
tersinkronasi,1,4
ndin,1,2
kwb,1,2
ungsi,1,2
crot,1,2
bsia,1,2
kekuarangan,1,2
ngadep,1,2
penciltak,1,3
teyap,1,3
angst,1,2
lustful,1,3
denna,1,2
sistemya,1,2
banxk,1,3
pembayarna,1,3
fitul,1,2
hapeku,1,2
peristirahatan,1,3
ermasuk,1,2
manfaatlain,1,2
y29,1,2
buuanget,1,3
sbgainya,1,2
kareh,1,2
arepan,1,2
dinfokan,1,3
ciri2,1,2
persulitkan,1,2
kuswanda,1,3
pengerjaanny,1,2
margalaksana,1,4
skalanya,1,2
ram8,1,2
listikqu,1,3
menampilakn,1,3
googlemap,1,2
rumahbsedang,1,3
dbnding,1,3
yayuk,1,2
penhacasan,1,4
dipertingkatkan,1,2
tanla,1,2
diatapi,1,2
fiturd,1,2
biarngurusin,1,4
alhmadulilah,1,4
pelayanabmn,1,3
keunghulsn,1,4
kemudahandan,1,2
pergesran,1,3
jobe,1,2
bayren,1,2
myim3,1,3
mysmartfren,1,3
siatif,1,2
sebualan,1,2
saipudin,1,3
diepan,1,2
pernangkat,1,2
mudahcara,1,2
bagyo,1,2
ngebaca,1,2
peganggan,1,2
kerjaya,1,2
cisaat51,1,3
ayoohh,1,2
burgerkill,1,3
changgih,1,3
peenah,1,2
kanyor,1,3
kepembelian,1,3
beett,1,2
rebah,1,2
cfd,1,2
kapasitan,1,2
namabah,1,2
tampulan,1,2
semputna,1,3
loketnya,1,2
muraahh,1,3
rezeky,1,3
mrngerti,1,4
planmobile,1,3
kalngan,1,2
berspesifikasi,1,3
gimik,1,2
teknisi2,1,2
dimengertidan,1,2
sangtmembnu,1,4
kantotlr,1,3
bebar,1,2
cekiperr,1,3
guard,1,2
kunjuang,1,3
saykecewa,1,3
penggandan,1,2
lusanya,1,2
mengakseskan,1,2
menu2ny,1,3
keuanganya,1,2
yahutt,1,3
pakein,1,2
mendapatkab,1,2
isntlas,1,3
meregister,1,2
tetkait,1,3
keswasta,1,3
measukan,1,3
jatinangor,1,3
mrngetahui,1,3
bisami,1,2
transakdi,1,3
simel,1,2
tangaya,1,2
diajukannya,1,2
dalambeli,1,2
rumab,1,2
alhamdulillahsangat,1,2
sangatberguna,1,3
subah,1,2
muda2ha,1,3
sukaaak,1,3
habsi,1,2
hegarmanah,1,3
tersmart,1,2
kinerga,1,2
umbruss,1,3
disrh,1,2
menggunaan,1,2
selmat,1,2
piturdi,1,3
prfesional,1,3
nadanya,1,2
sangaembantu,1,4
dikenalin,1,2
satisfied,1,4
jhony,1,2
klhn,1,2
terlambatm,1,2
matket,1,2
ditindakan,1,2
danmasyarakat,1,2
sukamulya,1,3
pennganan,1,3
landay,1,2
ismat,1,2
betok,1,2
gaduh,1,2
diperolah,1,2
karees,1,2
digunak,1,2
nyaingin,1,3
pemedaman,1,3
nengeri,1,2
sanggahan,1,2
danitu,1,2
daang,1,2
leuwimunding,1,4
hv,1,2
kewarasan,1,2
maumpun,1,3
adang,1,2
rioritas,1,3
displin,1,2
ngrami,1,3
untukmencari,1,2
siaplah,1,2
laridapatvocerr,1,5
mangstabb,1,4
tterus,1,2
practis,1,2
menoba,1,2
suweg,1,2
kedigital,1,3
uo3,1,3
melakukna,1,3
semoaga,1,3
cepert,1,2
patchnya,1,2
cepatd,1,2
uennak,1,3
urusane,1,2
protek,1,2
sukomoro,1,3
avv,1,2
saver,1,2
mengaktifkannya,1,2
andrey,1,2
tidaki,1,2
sesuae,1,2
biayanyaa,1,2
melalukam,1,2
penggunanannya,1,3
buatvshoping,1,4
tidakb,1,2
meu,1,2
mencarger,1,3
temenn,1,2
membantusemua,1,2
aplikasi6,1,2
kistik,1,2
tokrlen,1,3
mentel,1,2
recnya,1,2
dorpres,1,2
sangatvterbantu,1,5
mesosa,1,2
ssr,1,2
pejelasannya,1,3
downloadkan,1,2
nampol,1,2
bagor,1,2
berlanggananan,1,2
melaluli,1,2
meramal,1,2
vendoor,1,2
28jt,1,2
nempatin,1,3
bertiup,1,3
menguhubungi,1,2
konsumen2x,1,3
sukajadi,1,2
kebaran,1,2
admn,1,2
mmpertahankan,1,3
pengadunya,1,3
gangguankeluhan,1,3
krbutuhan,1,3
aplikssinys,1,4
kompetent,1,2
haurgeulis,1,4
danmasalah,1,2
afrid,1,2
dikopi,1,2
kopas,1,2
melwpaorkan,1,4
mngadu,1,2
terkembali,1,2
kesentrum,1,3
antsipasi,1,3
mogah,1,2
buldozer,1,3
tokenndan,1,3
menggila,1,2
pnjlsnnya,1,4
laian,1,2
sybtwrbantu,1,5
yapp,1,2
2200kva,1,3
ilyas,1,2
sekk,1,2
tikarnya,1,2
murahl,1,2
fasting,1,2
kapangan,1,2
kapor,1,2
muaa,1,2
sreta,1,2
sungguhlah,1,2
hinggap,1,2
kecmatan,1,3
kajuara,1,2
pengamprahan,1,2
memmpercepatvtransaksi,1,7
ursn,1,2
mmaantapp,1,4
pemakiaan,1,2
memberikanya,1,2
lelakukan,1,2
aplikasibpln,1,3
tigajuru,1,3
menciba,1,2
berkaiatan,1,3
penarikannya,1,2
pembelianya,1,2
kerekening,1,3
pengangguan,1,2
tangain,1,2
diruang,1,2
smoking,1,2
permanfaat,1,2
asalanlah,1,3
cekek,1,2
picung,1,2
telen,1,2
masyaalah,1,2
sante,1,2
dsaya,1,2
gemoyy,1,3
fiitur,1,2
capilano,1,3
termaju,1,2
shopiing,1,3
ganding,1,2
secptnya,1,3
tteramih,1,3
kramatjati,1,2
margonda,1,2
terimakasihcepat,1,2
maospati,1,3
kayuaro,1,2
lebihefisien,1,2
tetng,1,2
talas,1,2
medote,1,2
bisowab,1,3
superkeren,1,2
elian,1,2
promoi,1,2
ghandoshh,1,4
teryesyu,1,4
termbois,1,3
trsakiti,1,2
kegunakan,1,3
mbenerin,1,3
keatap,1,2
cepatdnegna,1,4
purnajualnya,1,3
nassional,1,2
sangatembatu,1,3
ulsa,1,2
doterima,1,3
pasangang,1,2
membantubanget,1,3
ulpnya,1,3
praktpakai,1,3
sekalit,1,2
slope,1,2
gaman,1,2
tiapmau,1,2
terseksi,1,2
inni,1,2
tegasin,1,2
piee,1,2
pengaplikasianya,1,2
skarang2,1,3
dapatan,1,2
kungan,1,2
insat,1,2
aplikasimudah,1,2
yrus,1,2
melihan,1,2
kegiles,1,2
nyoss,1,2
paraboetygas,1,4
sayya,1,2
haruz,1,2
mobilepembayaran,1,4
penjelasanan,1,2
berintregitas,1,4
lawak2,1,3
fiturnyajuga,1,3
suranta,1,3
katae,1,2
1haru,1,3
terimakasihkwh,1,3
laeng,1,2
bahagianya,1,2
alngkah,1,3
ampai,1,2
ptoplainer,1,4
tercerahkan,1,2
oraktis,1,3
mantappoll,1,3
barakallaahu,1,2
thes,1,2
kalitidu,1,3
berfaat,1,2
idp,1,2
wonomulyo,1,3
permaslaahn,1,4
jnagan,1,3
alvia,1,2
senyumnya,1,2
bisacdaru,1,3
ursan,1,2
migarasi,1,2
permasaahan,1,3
sinkronasi,1,2
admon,1,2
sekecamatan,1,4
sibapak,1,2
olshoop,1,4
rexy,1,2
urdi,1,2
tambaih,1,2
maddeppo,1,3
keseriusannya,1,2
jekethek,1,4
delalah,1,2
tope,1,2
reedit,1,2
va029,1,3
nornal,1,3
pule,1,2
pemesana,1,2
komple,1,2
kelaut,1,2
170vac,1,3
losat,1,2
vold,1,2
pekerjaanpun,1,2
semggu,1,3
ajarr,1,2
selaluw,1,2
tamahan,1,2
trpasg,1,3
huzo0r,1,4
penagganan,1,3
dlaporankn,1,4
setidaknyaman,1,2
leemoott,1,3
ramahvpelayanannya,1,5
pelancaran,1,3
samsuri,1,2
muurah,1,2
kemudahaan,1,3
amrah,1,2
atifitas,1,3
belaja,1,2
ionik,1,2
p0s,1,3
pealyanan,1,3
trcpya,1,3
teryta,1,3
kluarkan,1,2
steffy,1,3
dewo,1,2
mudahpelanggan,1,4
minutes,1,2
msupun,1,2
kulialitas,1,2
mendapt,1,2
terlaporkan,1,2
lanrisang,1,3
pinrang,1,2
puasan,1,2
confir,1,2
pgl,1,2
antrianya,1,2
melitang,1,3
dmi,1,2
pengejaran,1,2
samapelayanannya,1,4
rehat,1,2
kesepan,1,2
pelatannadan,1,3
lainnua,1,3
sudaya,1,2
peemasalahan,1,3
lewatbpln,1,3
biaanya,1,2
digitalize,1,2
cidaun,1,2
tegalega,1,2
meapa2,1,3
daplikasi,1,2
prosas,1,2
untukpembayaran,1,4
pelatmyanannya,1,3
basrun,1,2
ketahhui,1,3
hannya,1,2
termanage,1,3
prsosepasang,1,4
pengamn,1,3
informatik,1,2
menulengkap,1,2
engenai,1,2
pulsalistrik,1,3
kepulau,1,3
diinformasi,1,2
dbri,1,2
rellistjadi,1,3
nyanan,1,2
yulianto,1,2
barolo,1,2
swarane,1,3
meterlistrik,1,3
masarkat,1,3
promosi2,1,2
genggan,1,2
enok,1,2
intenet,1,2
jasaa,1,2
rohman,1,2
keceeh,1,2
ngerampok,1,3
parungkuda,1,3
wagiati,1,3
cukupmudah,1,2
cepat0,1,2
sarananya,1,2
sakli,1,2
dayaan,1,2
figunakan,1,2
arna,1,2
bgas,1,2
kemi,1,2
explainable,1,3
ptomo,1,2
bertuan,1,2
padaan,1,2
dihubungu,1,3
mudahblapor,1,3
maslahatan,1,2
ememang,1,2
ewat,1,2
ati2,1,2
cukupan,1,2
katif,1,2
prlnaggn,1,4
utntuk,1,3
biznet,1,2
alibi,1,2
implikasinya,1,2
catting,1,2
places,1,2
pengasuan,1,2
maelang,1,2
andoleen,1,3
criiit,1,3
belon,1,2
dowmload,1,3
keternagan,1,3
outstanding,1,2
motoin,1,2
syaloom,1,3
sheep,1,2
bish,1,2
pemanggang,1,3
penyelenggaran,1,2
trasnparan,1,4
msl,1,2
takk,1,2
unang,1,2
tenttang,1,2
pabuat,1,2
pranks,1,2
aktivitsnya,1,3
geuningan,1,2
daapat,1,2
sertadapat,1,2
pemadadaman,1,3
lubangnya,1,2
pelanggannpln,1,3
pegagannya,1,3
selaju,1,2
proplainer,1,3
terkat,1,2
kepanya,1,2
bidih,1,2
proplayner,1,3
sopat,1,2
promo50,1,2
yangbaik,1,2
kepetakan,1,2
sebyk,1,3
rugu,1,2
kemerdekan,1,3
dalammlendaftaran,1,3
uln,1,2
supee,1,2
sexan,1,2
mejuah,1,2
njuah,1,2
kdw,1,2
kelestirikan,1,3
gakribret,1,3
menimalisasi,1,2
jd1,1,2
sekarangpemakaian,1,3
suhendri,1,3
sudahnya,1,2
increase,1,3
karangrejo,1,2
sumbersari,1,2
mingkem,1,2
nyengir,1,3
busu,1,2
dibutuh,1,2
mengontrolnpemakaian,1,4
laporlah,1,2
solusnya,1,2
efetif,1,3
mekarsari,1,2
jariyah,1,2
sucipto,1,3
neat,1,2
lakban,1,2
clamp,1,2
dipecahin,1,2
dtksnya,1,3
drak,1,2
keguaan,1,3
sayanya,1,2
diinfoin,1,3
diperhatiin,1,3
pedaleman,1,2
gazebonya,1,2
doel,1,2
pael,1,2
terdepa,1,3
kduanya,1,2
ringgan,1,2
agstus,1,3
titititititii,1,6
coeatt,1,3
santay,1,2
diparani,1,2
perkembagan,1,3
mengedukatif,1,3
seventh,1,2
bubungan,1,2
kyq,1,2
kaena,1,2
kbanyakan,1,2
ciuuciuu,1,4
rudah,1,2
payonan,1,2
aplikasiboln,1,3
wlf,1,3
bwrjam2,1,4
gercep2,1,4
pct,1,2
cetrak,1,2
cetrek,1,2
melatonin,1,3
rekining,1,2
meriang,1,2
diilhat,1,3
cimuning,1,2
direalisasian,1,4
kalmi,1,2
10kk,1,2
jdiemudahkan,1,4
540rb,1,3
670rb,1,3
gaharus,1,2
tentuin,1,2
maacih,1,3
kendalapun,1,2
terimakssihbpln,1,5
diciptain,1,3
januar,1,2
avo,1,2
gagu,1,2
prepayment,1,3
henti2nya,1,3
17m,1,2
besty,1,2
tayy,1,2
mnegur,1,3
apknyabagus,1,3
orangnyasabar,1,3
jangko,1,2
dpaat,1,2
perubaahan,1,3
sabat,1,2
egx,1,2
14t,1,2
robahbtarif,1,4
gq,1,2
sumulasi,1,2
cabangku,1,2
sahril,1,2
dirumah2,1,2
gomawo,1,3
danl,1,2
menyuapkan,1,3
jamper,1,2
moblis,1,2
hight,1,2
jali,1,2
diputuslah,1,2
manyarakat,1,3
furqan,1,3
denham,1,2
ketidalanjutinya,1,4
dilamain,1,3
jayapasang,1,2
padahaluang,1,2
bukitinggi,1,2
praktiskan,1,2
listro,1,2
lqi,1,2
tugase,1,2
yrb,1,2
culun,1,2
meke,1,2
cepeat,1,2
jgnlah,1,2
terimakasihaplikasi,1,2
3thun,1,3
marjan,1,2
superbaik,1,2
manfata,1,3
kukang,1,2
pitara,1,2
diriview,1,2
onnline,1,3
dikebutuhan,1,3
diperhatikam,1,3
jamblang,1,2
rumu,1,2
keperluar,1,3
blfiturnya,1,3
debs,1,2
95kwh,1,3
67kwh,1,3
ditimpali,1,3
mmutuskan,1,2
getok,1,2
oasccarging,1,5
oneid,1,2
ths,1,2
ots,1,2
maren,1,2
curangin,1,2
nyatut,1,2
pemales,1,2
difotokan,1,2
2siang,1,3
yatna,1,2
kauh,1,2
ugas,1,2
likin,1,2
jtk,1,2
pelit2,1,2
dibntu,1,3
instans,1,2
barau,1,2
siaan,1,2
tirm,1,2
apartement,1,2
kaitkan,1,2
mantrab,1,2
daric,1,2
dengankita,1,2
nyalur,1,3
merry,1,2
tauh,1,2
tingagal,1,2
copyan,1,2
gengam,1,2
peohonan,1,2
ganggualistrik,1,3
mawpun,1,2
mujiyanto,1,4
luarkota,1,2
appresiasi,1,3
laporgangguan,1,4
adaptasi123,1,2
kembsli,1,3
lonceng2,1,2
belinoulsa,1,4
kelistrtdk,1,4
maembantu,1,3
irformasi,1,2
pasangya,1,2
berfariasi,1,3
dipakaibuat,1,2
denag,1,2
traksasi,1,3
kebeneran,1,3
utkappr,1,3
unitlayanan,1,2
blia,1,2
onilne,1,3
kerjaasama,1,2
270an,1,2
nyaru,1,2
dtukar,1,2
genggamman,1,2
rkb,1,2
dalamnpengaduan,1,4
haras,1,2
levin,1,2
solusif,1,2
plok,1,2
kambang,1,2
lakuak,1,2
menggelora,1,2
siple,1,2
sementaa,1,3
awang,1,2
biaua,1,2
dengnya,1,2
rantaupat,1,2
dirokemended,1,4
berlistrikbsemqkin,1,6
fasillitasnya,1,3
berpendingin,1,2
tenpat,1,2
pengecashan,1,3
karanya,1,2
diperbanyakdi,1,3
tempatyangstrategis,1,5
dimohonkan,1,3
terime,1,2
meregistrasi,1,2
berikit,1,2
okuntuk,1,3
terbaiq,1,2
bagusx,1,2
dbess,1,2
aktivas,1,2
cemat,1,2
tambau,1,2
perbalkan,1,2
littik,1,2
isitoken,1,3
syy,1,2
upang,1,2
nyaembantu,1,3
ssemakin,1,3
iyaiya,1,2
udalah,1,2
acak2n,1,3
cerme,1,2
bergunanketika,1,3
gangguannlistrik,1,4
superb,1,2
konplit,1,3
nontagl8s,1,5
lotrok,1,2
uyk,1,3
retitusi,1,3
ledo,1,2
dilayan,1,2
zona9,1,2
gadibenerin,1,4
diclear,1,2
biyen,1,2
terganteng,1,3
nyooss,1,3
pengnaduang,1,3
kepoan,1,2
reinhard,1,3
ngelongok,1,3
extrajoss,1,3
duaarr,1,2
aselole,1,3
khususy,1,2
melukakan,1,2
dinamapun,1,2
okeehh,1,2
prss,1,2
ygbjaga,1,3
kndisi,1,3
knjungi,1,3
foodservice,1,4
bnget11,1,3
terrterr,1,3
ketang,1,2
reima,1,2
membantut,1,2
gangguanbaik,1,2
kosakatanya,1,2
assik,1,2
professonal,1,3
km10,1,2
aplikasic,1,2
wedi,1,2
buatbpelanggan,1,4
anatar,1,2
masrifah,1,3
kepadam,1,2
betmen,1,2
begh,1,2
watsapp,1,3
putuh,1,2
dilngkapi,1,4
nntinya,1,2
pelayanah,1,2
membelu,1,2
gangerti,1,3
abung,1,2
lacaknya,1,2
bakul,1,2
jarik,1,2
mkai,1,2
asyique,1,3
ngeng,1,2
semakkin,1,2
dedek,1,2
allhamdulia,1,3
mudahn2an,1,4
eksklusifnya,1,2
kondidi,1,2
ditingkatka,1,2
serugi,1,2
lebeih,1,3
kasman,1,2
ruaarr,1,3
gouwendeng,1,4
umrohnya,1,2
sempel,1,2
lnput,1,2
daripln,1,3
lengkal,1,2
pnlnmobile,1,4
berteduh,1,2
semit,1,2
perakun,1,2
tagihaann,1,3
kelembaga,1,2
acenk,1,2
anteri,1,2
plnmobailn,1,5
perose,1,2
esdebees,1,4
ngobrolnya,1,2
bingiit,1,3
mrndukung,1,3
marauke,1,2
gampilkeun,1,4
dicobaa,1,2
buruaann,1,3
dores,1,2
moderan,1,2
kerenpokoknya,1,3
sektoral,1,2
ciputa,1,2
rekomendasii,1,2
dsnii,1,3
hargany,1,2
urrusan,1,3
buyut,1,2
smogga,1,3
gajine,1,2
haran,1,2
kaasih,1,2
ntapi,1,2
grabike,1,2
mendangending,1,4
lengjap,1,3
meratan,1,2
semoyo,1,2
memotifikasi,1,2
nyamankada,1,3
uyuni,1,3
rembulan,1,2
langkung,1,3
sekeco,1,2
teraplikasi,1,2
natu,1,2
oinment,1,3
ditabrak,1,2
dartruma,1,3
perubahan2,1,2
sahgat,1,3
thun,1,2
terjunn,1,2
10ribu,1,2
pasangnaru,1,3
akmal,1,2
tanpilanyah,1,3
shorum,1,2
intergritas,1,3
pius,1,2
jatisari,1,2
terimaaksih,1,3
indonessia,1,2
dinsanak,1,3
kabek,1,2
terwakili,1,3
cuuss,1,2
dikumpul,1,3
sday,1,2
dantanpa,1,2
baus,1,2
aplkny,1,3
justruk,1,2
genggamanmu,1,2
buktikanlah,1,2
asyeek,1,3
annyala,1,3
mantang,1,2
ngedetailnya,1,3
pengaduanganguan,1,4
mabrur,1,3
mobilemembayaran,1,4
ouggh,1,3
ougghh,1,3
konsiten,1,2
melapotkan,1,2
termuka,1,2
setop,1,2
semenajk,1,3
dsg,1,2
bermanmaat,1,3
imakasih,1,3
meserakat,1,3
menangin,1,2
bersekongkol,1,4
kalimatan,1,2
sihab,1,2
berlanganan,1,3
terastasi,1,2
cepetlah,1,2
penah,1,2
propersional,1,3
citatah,1,2
secan,1,2
bezt,1,3
belanja2,1,2
kendaran,1,2
denganmenggunakan,1,3
lengkapharusnya,1,3
bengkal,1,2
busang,1,2
ksaih,1,2
ensk,1,2
ditalangi,1,3
ilng,1,2
keluhakan,1,2
cepatb,1,2
tgu,1,2
responsqngwt,1,4
prusedur,1,4
perinci,1,3
ddl,1,2
mahakarya,1,3
seleuruh,1,3
mudahku,1,2
atasimasalah,1,2
maupin,1,2
ngacirr,1,3
penamah,1,2
mathur,1,2
gunakanya,1,2
tempenya,1,2
sebamban,1,3
mantak,1,2
dptkah,1,2
telkonsel,1,3
kelistrikkannya,1,4
tertampil,1,2
bngget,1,2
beduk,1,2
yaq,1,2
laprganggusn,1,6
aplikasiaplikasi,1,2
ekskursi,1,3
soalkelostrikan,1,4
dijaminkah,1,2
passang,1,2
glap,1,2
marketpace,1,3
membelli,1,2
menagihnya,1,3
digunaan,1,2
melakukang,1,2
sodonghilir,1,4
hasill,1,2
terimaasih,1,2
120kwh,1,3
suksen,1,2
selulu,1,2
kuhan,1,2
urusanblistrik,1,3
skrining,1,2
ektrim,1,3
hidrometeorologi,1,5
fastcharge,1,3
basemant,1,2
melaporkanke,1,2
haharu,1,2
probelema,1,3
dannoasang,1,3
nengurangi,1,3
keluham,1,2
kxpanx,1,4
pengapdian,1,2
kabelpun,1,2
pengguran,1,2
dalamenhatasi,1,3
aplikas8,1,3
gmap,1,2
direction,1,2
pspor,1,2
sampir,1,2
cepatagap,1,3
perbaki,1,2
walaopun,1,2
plnyann,1,3
dba,1,2
malporkan,1,3
menerapi,1,2
fitur2yg,1,3
biuat,1,2
undur,1,2
skilled,1,2
kamui,1,2
cepatmelakukan,1,3
appreciating,1,3
jdny,1,2
penganaganguan,1,3
kalayak,1,2
untukmelaporkan,1,3
parumasan,1,3
pbgduan,1,4
pmgan,1,2
mensuport,1,3
sekalideh,1,3
gangguandi,1,2
menjadilebih,1,2
lyar,1,2
jiexpo,1,3
hermann,1,2
pemutus,1,2
camplong,1,2
ekpress,1,2
istimewaa,1,2
omey,1,2
diperinci,1,2
ngelamar,1,2
perioritaskan,1,3
ernah,1,2
sempai,1,2
tekaharti,1,4
senan,1,2
cepatlah,1,2
worked,1,2
kesna,1,2
penggusuran,1,3
ayolaah,1,3
pebayan,1,2
maublaor,1,4
mlihatnya,1,3
bigitu,1,2
murahbeli,1,2
perlengkapannya,1,2
mnarik,1,2
40km,1,2
gany,1,2
hanyalewat,1,3
diinstalasi,1,2
njenengan,1,3
kaminpelanghan,1,4
0elangg1n,1,5
kekustrikan,1,3
kamibpelanghanbdalam,1,6
pengduanbgangguan,1,6
ortega,1,2
bkami,1,2
kahwatir,1,3
cimpaeun,1,3
100kb,1,2
identity,1,2
500kilobita,1,5
ditaggapi,1,3
tobasamosir,1,3
leawt,1,3
pengesian,1,3
coplan,1,2
mengsongkan,1,4
katanta,1,2
plnpay,1,2
topnya,1,2
lamalera,1,3
gunajuga,1,2
cahya,1,2
zukses,1,2
beribawa,1,2
ooyyee,1,3
gemeshhh,1,3
dratis,1,2
energinya,1,2
maysarakat,1,3
ngasik,1,2
eamng,1,3
bayarn,1,2
tambadayaa,1,3
sedkt,1,2
kubuat,1,2
janc,1,2
gathel,1,2
45wib,1,3
membantunskli,1,4
tercangih,1,3
1200va,1,2
instaalisnya,1,4
selanjunya,1,4
kelukeluahan,1,4
bged,1,2
memuaskanlabcar,1,3
displaynya,1,2
reskinya,1,3
jozzgandos,1,4
padel,1,2
naim,1,2
ullath,1,3
tdan,1,2
simpele,1,2
pedesa,1,2
bayik,1,2
perbaikian,1,2
banyaka,1,2
melucur,1,3
fitrini,1,2
dalamp,1,2
osespengaduan,1,4
solusiya,1,2
hanchuan,1,3
kamiapa,1,2
cooperative,1,2
lamputeross,1,3
memeuaskan,1,2
normai,1,2
melappur,1,2
pengondisian,1,3
lsin,1,2
dtambahin,1,3
nyataannya,1,2
metri,1,2
hhaha,1,2
dduk,1,2
pwe,1,2
bertimaksh,1,3
ngontol,1,3
kamj,1,2
aplit,1,2
aplikasik,1,2
cianting,1,2
responisasinya,1,3
gatchorr,1,4
mantah,1,2
brada,1,2
bekuak,1,2
ditiang,1,2
abiezz,1,3
kerahasiannya,1,3
kerahasiaannya,1,2
rumahm,1,2
picik,1,2
kelangan,1,2
resposn,1,3
bogong,1,2
kukan,1,2
cafee,1,2
sawanga,1,2
personelnya,1,2
baguz,1,2
ibuknya,1,2
tinggi2,1,2
seamkin,1,3
bgtw,1,2
meurebo,1,3
lonsor,1,2
musin,1,2
idari,1,2
olehin,1,2
berbica,1,2
kelebihihna,1,3
nasril,1,2
permassalahan,1,3
membatalkanya,1,2
permula,1,2
ekseskui,1,3
agregritas,1,3
ayaran,1,2
melakupengaduan,1,4
didebet,1,2
llin,1,2
soluasinya,1,3
ditancapi,1,3
benara,1,2
adipala,1,2
ytube,1,3
tambo,1,2
aplikisihnya,1,3
isntalasi,1,4
membantubkaminpelanggan,1,6
membwa,1,2
kendl,1,2
manyenangkan,1,2
finnet,1,2
mpbil,1,2
sumuang,1,2
ekove,1,2
updetannya,1,3
folder2,1,2
sersuai,1,3
padahalsaya,1,2
aplikasinyaembantu,1,3
lappet,1,2
aselama,1,3
lavi,1,2
tedapat,1,2
diwilayahnya,1,2
vagus,1,2
bergransi,1,3
peagawai,1,3
pennghasilan,1,3
mampaatnya,1,3
heppi,1,2
tapilan,1,2
13x,1,2
sumtara,1,2
mobilebirusan,1,3
ternyada,1,3
udaah,1,2
jaam,1,2
bombastik,1,2
hanfal,1,2
muran,1,2
lagihan,1,2
typo,1,2
dansukses,1,3
kcepatan,1,2
vie,1,2
mudash,1,2
nangapanda,1,3
listrikjuga,1,2
sberapa,1,2
mempersingat,1,2
songgong2,1,4
berkemudahan,1,2
bras,1,2
singalong,1,2
manajemannya,1,3
berekan,1,2
kewajiba,1,2
jaub,1,2
diperjualbelikan,1,2
kesalapahaman,1,4
truuss,1,3
chargeran,1,2
bingungg,1,2
wjar,1,2
sediakah,1,2
mudamakin,1,3
swat,1,2
tombok,1,2
mimax,1,2
mengabiskan,1,2
nyamanna,1,2
bahakan,1,2
yb,1,2
naudzubillahi,1,6
mindzalik,1,3
mndpatkn,1,4
shod,1,2
datangny,1,2
a0likasi,1,3
listrika,1,2
sutil,1,2
kosmable,1,2
ramadon,1,2
uhui,1,2
8n,1,2
terarahkan,1,2
t3ratasi,1,4
ibe,1,2
pengisisn,1,2
akuratif,1,2
tergunakan,1,3
akhurat,1,2
termit,1,2
bersanding,1,2
tentangmanfaat,1,2
ulekan,1,2
yacchh,1,3
dengandua,1,2
mungki,1,2
5b,1,2
instansinya,1,2
purti,1,2
bagur,1,2
otr,1,2
beristrikan,1,3
dipergunakannya,1,2
pengahuan,1,2
sog,1,2
mangtap,1,3
drob,1,2
gangguana,1,2
pengausan,1,2
konsmen,1,2
pelaksanaanny,1,2
kabelnjaring,1,4
belumnterpasanhbdan,1,8
lowvolt,1,3
kelistrkamu,1,3
operato,1,2
karuniawan,1,2
sesebel,1,3
tanganan,1,2
nawaripi,1,3
dgnapl,1,3
pembelokan,1,2
sesetan,1,2
sakjosse,1,4
teralalu,1,3
sccs,1,2
3hrian,1,3
hugs,1,2
malingping,1,2
panun,1,2
orangx,1,2
rake,1,2
hef,1,2
spklur2,1,4
mmebayar,1,3
jsl,1,2
dimau,1,2
pokoknyaahh,1,2
chargen,1,2
serti,1,2
tmpilannya,1,3
konsistenkan,1,2
dolc,1,2
mebu,1,2
makasiow,1,2
ketenaran,1,2
plnaplikasi,1,2
apalagikalau,1,2
axiata,1,2
daengan,1,2
pemakaianmelalui,1,3
uxh,1,3
mobileuntuk,1,2
pdamnya,1,2
ralatnya,1,2
terlunta2,1,4
ditambahakan,1,2
dingunakan,1,3
radaa,1,2
huuhu,1,2
penyebutannya,1,2
diantu,1,2
semuakeluhan,1,3
cegatan,1,3
pngatassi,1,3
keadilannya,1,2
pelayananpenbayaran,1,4
tajur,1,2
kedepatan,1,2
pemadang,1,2
mensolusikan,1,3
larikan,1,2
titiik2,1,3
antilemot,1,3
subcont,1,2
kajadian,1,2
djasamen,1,3
saragih,1,3
pejabat2nya,1,3
plnmobilel,1,3
buatblaporan,1,4
kesuksessan,1,2
apliiasi,1,3
cilograng,1,3
buannyak,1,3
jerih,1,2
centerpun,1,2
ktiduran,1,3
kerluan,1,2
sderhana,1,2
gangguanuan,1,2
riva,1,2
abang2nye,1,3
wkwkkwk,1,2
kertayasa,1,2
panawangan,1,2
pesing,1,2
mempermudahpelanggan,1,4
0ne,1,2
melsporks,1,4
peremuan,1,2
maumasuk,1,2
predikasi,1,2
nombernya,1,3
ribrt,1,2
dibelain,1,2
tarempa,1,3
energizer,1,2
legends,1,2
piral,1,2
yks,1,2
komlain,1,2
klahang,1,3
naso,1,2
petugasrespon,1,3
chas,1,2
tanggon,1,2
apolisi,1,2
untukn,1,2
fiqri,1,2
mengerjaan,1,2
kolonodale,1,3
bahlan,1,2
kerjaakan,1,2
mobilesemua,1,2
saatchi,1,2
mencatatan,1,2
lsgs,1,2
pqk,1,3
ketipa,1,2
angatembantu,1,4
hanha,1,2
technologinya,1,2
baar,1,2
mobilebisa,1,2
terhubungkan,1,2
bekat,1,2
reliability,1,2
pyk,1,2
punys,1,2
lakawan,1,2
bestisthe,1,3
dkenal,1,2
semakih,1,2
kesamping,1,2
ontak,1,2
keungan,1,2
required,1,2
tangepin,1,3
bahksn,1,3
tibak,1,2
tenciuu,1,3
barg,1,2
bantarujeg,1,4
ngadopsi,1,3
akura,1,2
ketima,1,2
watshap,1,3
kroschek,1,3
50rbuan,1,3
14sep2024,1,4
tenega,1,2
anatarapln,1,3
polonia,1,2
cunn,1,2
payo,1,2
imat,1,2
deby,1,2
cooperation,1,2
tmbaga,1,2
ditancap,1,3
kebumi,1,2
samberan,1,2
petur,1,2
saeful,1,3
buanter,1,2
penyusup,1,2
pembiasaan,1,2
palnggn,1,3
distu,1,2
mgsdunya,1,3
bgaiamana,1,3
rp752,1,3
3x4,1,3
4mm,1,2
ujanmas,1,3
meloading,1,3
apelayanan,1,2
iconext,1,2
kmrin2,1,3
smuah,1,2
tumbanglah,1,2
lainpun,1,2
putsan,1,2
penngadaan,1,3
lainnta,1,3
9bulan12,1,3
sbelumny,1,3
oenyebabnya,1,4
tertop,1,2
pertengah,1,2
permohoman,1,3
menanganiny,1,2
halimah,1,2
impresif,1,2
diapain2,1,3
ditqngqni,1,5
wookey,1,2
dismg,1,2
150kwh,1,3
kajan,1,2
bebener,1,2
pulok,1,2
pembelianbtoken,1,4
serponny,1,3
memuak,1,3
sekitarr,1,2
luuaarr,1,3
kbali,1,2
kemunculannya,1,2
fittur,1,2
mnti,1,2
capedeh,1,3
palk,1,2
kangor,1,2
tunggus,1,2
beats,1,2
dsangat,1,2
sepengetahun,1,3
dishopee,1,3
diindomaret,1,3
sebutnya,1,2
ekspress,1,2
kangsodik,1,3
bearti,1,2
databg,1,2
sotok,1,2
butuj,1,2
tecnologia,1,4
baiktanpa,1,2
plgn2,1,3
sebagan,1,2
cemput,1,2
dikontrakkan,1,3
mela0r,1,4
kesuwon,1,3
dpok,1,2
mambeli,1,2
penyambungnya,1,3
imavrasi,1,3
pengandangan,1,3
seakli,1,3
pakail,1,2
sidorukun,1,3
dikarenkan,1,3
0embayaan,1,3
dipakaii,1,2
menanggulanginya,1,2
cibadung,1,2
dapst,1,2
gelisa,1,2
pkln,1,2
komunikaif,1,3
armadanya,1,2
mnutup,1,3
tulisammya,1,4
mooh,1,2
mengaduanwgangguan,1,6
tersakiti,1,2
mainn,1,2
diblz,1,3
g00blok,1,4
ameejzziingg,1,7
maigoott,1,3
sngaja,1,2
bersisa,1,2
galanya,1,2
meminimalisirkan,1,2
lewatnya,1,2
anj99,1,2
dsalah,1,2
yakh,1,2
lobam,1,2
telok,1,2
sebong,1,2
permohonanan,1,2
memyenangkan,1,3
kndsi,1,3
japri,1,2
shaikh,1,2
quro,1,2
wadas,1,2
cilamaya,1,3
jalur2,1,2
menanu,1,2
jirla,1,3
siapi,1,2
moobell,1,3
dikmbangkan,1,3
latto,1,2
tandun,1,2
buruaan,1,2
mencatet,1,2
hajj,1,2
umbroh,1,2
waropen,1,2
betingkah,1,2
pkrjaan,1,3
mahes,1,2
tahunjamak,1,3
memadaiuntuk,1,2
semudah2nya,1,3
minimarket2,1,2
bangko,1,2
h3s,1,3
15hari,1,2
somaga,1,2
mengakar,1,2
1haripun,1,3
seputus,1,2
ajun,1,2
indoneia,1,3
guguk,1,2
malintang,1,2
tgguin,1,3
dgnti,1,2
aryamukti,1,4
menombol,1,2
bangsaa,1,2
bolen,1,2
lumer,1,2
zenang,1,2
nyale3,1,3
sngat2,1,3
godjoob,1,3
ngukur,1,2
couponnya,1,3
bunibakti,1,4
lakuan,1,2
mobileurusan,1,2
jdii,1,2
lbihh,1,2
satpammny,1,3
btau,1,2
lampuh,1,2
mudahterang,1,3
diprogramin,1,2
dehgan,1,2
jntuk,1,3
langsong,1,2
aadanya,1,3
iklasnya,1,2
buni,1,2
perugasya,1,3
ngerez,1,2
pengejaanya,1,3
fintek,1,2
membiat,1,2
selatang,1,2
papaya,1,2
permohoanan,1,3
broiler,1,2
rekoment,1,2
rfid,1,2
reward2an,1,3
didahulukan,1,3
sabe,1,2
lagenyoe,1,3
dayanlewat,1,4
biasaaah,1,2
masyakakat,1,3
ngeberesin,1,3
tepatnta,1,3
parani,1,2
bermamfat,1,3
adny,1,2
lenak,1,2
peneduh,1,2
tanta,1,2
krjnya,1,3
bangso,1,2
ktk,1,2
ekesekusi,1,3
sakang,1,2
bunturaja,1,3
ngub,1,2
ishh,1,2
molorin,1,3
bisajuga,1,2
buatpetugasnya,1,5
penenangan,1,2
tekan2,1,2
istikomah,1,3
enggunakan,1,3
gelep,1,2
kring,1,2
nyepliin,1,4
noverber,1,3
perbanyaklah,1,2
baluk,1,2
hutangi,1,2
pelayanannyasemoga,1,2
empunya,1,2
hapuz,1,2
aarrgghh,1,4
makaaih,1,2
dena,1,2
nurjaman,1,3
pemasanganny,1,2
klaimnya,1,2
bangeg,1,2
berahlaq,1,3
masalahnyakan,1,2
flashman,1,2
dengap,1,2
dteng2,1,3
ler,1,2
mengintasl,1,3
dkpp,1,2
sukaan,1,2
risna,1,2
asnawi,1,2
pakujaya,1,2
tnggu,1,2
duarr,1,2
waya,1,2
nmbh,1,2
kulu,1,2
meno,1,2
merby,1,2
pemasangana,1,2
mengasikk,1,2
voucher2nya,1,3
digitall,1,2
usapkan,1,3
muah2n,1,4
million,1,2
dapftar,1,3
pengunanaan,1,3
aplikasibsangat,1,3
mengaskses,1,3
anjig,1,2
cepatbterselesaikan,1,5
saya1,1,2
kadang2x,1,3
syiahkuala,1,3
saluuttee,1,4
flazz,1,3
teranglah,1,2
applikas,1,3
digunakeun,1,3
gaulan,1,2
membantalkan,1,2
udaahh,1,2
alliksh,1,3
semgadpat,1,3
rajalopolah,1,3
penyebabny,1,2
dokument,1,2
kalain,1,2
teknolgi,1,3
nasyarakat,1,2
khususya,1,2
pengecassan,1,2
meinformasikan,1,3
baikreseponnya,1,4
keeps,1,2
changing,1,2
brkurang,1,3
stroomtoken,1,4
jm12,1,2
heto,1,2
apakakah,1,3
mampuss,1,2
mnghetgui,1,4
dipoto,1,2
tauny,1,2
memperbaki,1,2
hcs,1,2
ultima,1,2
langsunv,1,3
membanultu,1,3
oasca,1,3
meningkan,1,2
wz,1,2
lainyaa,1,2
leupeut,1,3
gereucep,1,4
menkontrol,1,3
wou,1,2
dibgangani,1,4
tahapan2,1,2
cance,1,2
loa,1,2
janan,1,2
mengelas,1,2
gerinda,1,2
bathine,1,2
wargaa,1,2
satia,1,2
terjerambab,1,3
p3layanannya,1,4
bersetatus,1,3
ngonek,1,3
prisedur,1,3
aharus,1,2
alhamysdh,1,4
sekalisangat,1,2
rjpolh,1,3
alpkisai,1,3
dapai,1,2
elayanan,1,2
lemahlah,1,2
penaman,1,2
koopratif,1,3
gantine,1,2
oalikasihvsangat,1,5
perjuanganmu,1,2
silakah,1,2
pusying,1,3
palaku,1,2
peyelesaian,1,4
ropi,1,2
meperbaiki,1,4
markosip,1,2
yuserprenlih,1,6
assyukru,1,3
sopanan,1,2
hinggal,1,2
pergunakannya,1,2
forlamitas,1,3
manembo,1,3
nembo,1,2
hatii,1,2
menetapkann,1,2
pertanyaanku,1,2
tterima,1,3
ngejelasinnya,1,3
hatipun,1,2
harinkemersekaan,1,5
afrianto,1,2
ptraktis,1,3
fauzan,1,2
makasihbanyak,1,2
186v,1,2
sanbat,1,2
apliaski,1,3
giama,1,2
taiknya,1,3
pengaduandan,1,2
kumpulnya,1,2
electree,1,2
pengandalan,1,3
sesautu,1,3
ratahan,1,2
peyment,1,3
rekomdate,1,3
polyron,1,2
jaug,1,2
inofrmasi,1,5
niau,1,2
memit,1,2
soerjo,1,2
parsian,1,2
penangaannya,1,2
udar,1,2
tersedian,1,2
trnsparan,1,4
kilau,1,2
satas,1,2
heronya,1,2
nyongkel,1,3
dipecet,1,2
baliem,1,2
yospan,1,2
mengkses,1,2
ngelayaninnya,1,3
butung,1,2
merangkup,1,2
komensenternya,1,4
securitya,1,2
josszz,1,3
prosespemasangan,1,4
dinerikan,1,3
himbawan,1,3
mgirim,1,2
prmsalahan,1,3
semangan,1,2
biayalebih,1,2
mlokomanis,1,4
ngerjo,1,2
dilapanga,1,2
hartop,1,2
dantai,1,3
opa,1,2
agihan,1,2
lerlu,1,3
integrasikan,1,2
bosennya,1,2
mengecash,1,2
ditunaikan,1,3
varian2,1,2
yeaay,1,3
kopenten,1,3
berkejasama,1,3
cuuy,1,2
setinggi2nya,1,3
crita,1,2
aktifatas,1,2
pmh,1,2
olly,1,2
bisal,1,2
sukatengah,1,2
compreng,1,2
pemgguna,1,3
pemgisian,1,3
papirus,1,2
memeroses,1,2
kaum2,1,2
xixiixixixi,1,6
dibenarin,1,3
yebu,1,2
beremail,1,2
pemanfaatannya,1,2
andres,1,2
gasi,1,2
sangatluar,1,3
sangatybmembantu,1,5
sibuka,1,2
updeat,1,2
murdah,1,2
are2,1,2
kika,1,2
sarkas,1,2
hitung2,1,2
anta,1,2
matei,1,2
kaput,1,2
thanku,1,2
berpikirnya,1,2
kuliat,1,2
top1,1,2
akhirtahun,1,2
ingsung,1,2
transfat,1,2
maol,1,2
membarikan,1,2
gumakan,1,2
muanteb,1,3
udug2,1,3
laiinnya,1,2
llihat,1,2
tirapay,1,3
yolah,1,2
dabo,1,2
mlporon,1,3
mengunan,1,2
belk,1,2
brhnti,1,3
nyobaiin,1,3
ganguannya,1,2
d3h,1,3
sukron,1,2
tersekat,1,2
50kwh,1,3
5sore,1,3
nulan,1,2
pua,1,2
plaque,1,2
repulik,1,2
pemasan,1,2
supertank,1,3
mempermudahurusan,1,2
biaassaa,1,3
terbaikdengan,1,2
keindomaret,1,4
praktisa,1,2
lancer,1,2
sengatembantu,1,4
barbuat,1,2
komplitt,1,2
pokonye,1,3
kehh,1,2
diselasaikan,1,3
125b,1,2
oyaa,1,2
menebak2,1,2
gengss,1,2
kaliaan,1,2
sandai,1,2
swaa,1,2
parahiyangan,1,3
wush,1,2
spklu125b,1,5
aplikassi,1,2
diinputkan,1,3
discon2,1,3
cipularang,1,3
filtur2nya,1,4
pengalikasiannya,1,3
sukamara,1,2
lumayn,1,3
koyao,1,3
direkomdansi,1,4
ekpres,1,2
pokenyee,1,3
membanta,1,2
lampriet,1,3
infiormasi,1,4
aluss,1,2
jauuhh,1,3
naekdaya,1,2
limpah,1,2
konumen,1,2
muantabz,1,4
melakykan,1,3
sepon,1,2
encing,1,2
mpo,1,2
teteh,1,2
terbaicek,1,3
pelaksaannya,1,3
mengjukan,1,3
dansimpel,1,3
manifesting,1,3
gesakan,1,2
cpett,1,2
dilanjutin,1,3
teopebegete,1,5
sekalinaplikasi,1,4
dhami,1,2
nuga,1,2
sanget2,1,3
s3mangat,1,5
mengert,1,2
apila,1,2
baikitu,1,2
asip,1,2
pemunculan,1,3
dianggo,1,2
apllkasi,1,4
menginfor,1,2
frinsdsly,1,4
mempurdah,1,3
terbesstt,1,3
ftonya,1,2
dsetiap,1,2
hdewhh,1,3
pnjelasan,1,3
pedaftaran,1,2
urusann,1,2
klik2x,1,3
blsa,1,2
bwrhasil,1,3
sekesai,1,3
opens,1,2
sudahmbantu,1,3
bisadihubungkan,1,4
memghubungi,1,3
ketiknomer,1,3
downloa,1,3
melauncing,1,3
gpi,1,2
tyang,1,2
sekakali,1,3
diigunakan,1,2
kayaa,1,2
baee,1,2
danterpercaya,1,3
kehadiranmu,1,2
gkk,1,2
redup2,1,2
champione,1,2
kominikasi,1,3
ciek,1,2
salasai,1,2
gangganguam,1,3
withme,1,2
seacra,1,3
kompir,1,2
gopa,1,2
alhamdulillahirobbil,1,4
tonen,1,2
podcastnya,1,3
lungsi,1,3
kluu,1,2
caggih,1,3
mengantre,1,2
transparansinya,1,2
kendaraa,1,3
terhubungn,1,2
sedetailnya,1,3
putusanya,1,2
adakanya,1,2
fitue,1,2
minimalkan,1,2
ngebntu,1,3
ermohonan,1,3
loket2,1,2
pela,1,2
ketengah,1,2
dtc,1,2
informastif,1,3
permohonanbalik,1,2
pigak,1,2
mbayaran,1,2
rekomendai,1,2
mokole,1,2
mengakukan,1,2
r2nya,1,3
nalik,1,2
mencatatnya,1,2
24jamnya,1,3
hear,1,2
write,1,2
analize,1,2
raise,1,2
9hari,1,2
ikt,1,2
restusi,1,2
kejelsan,1,3
solu,1,2
dario,1,2
apaaja,1,2
mobileatep,1,3
ruruh,1,2
jarakosta,1,3
sukadanau,1,3
apdol,1,3
ntahlah,1,3
uhuii,1,3
payleternya,1,3
manyar,1,2
kenikmatannya,1,2
berka,1,2
vhocer,1,3
ftur,1,2
tetapkanpun,1,2
langfitanganinlewat,1,6
bantuaan,1,2
eroe,1,2
prepare2nya,1,4
diketapang,1,2
lampunye,1,2
temapt,1,2
suskse,1,3
masukm,1,2
muantabs,1,3
tagihantambah,1,4
joka,1,2
kkasih,1,2
denganan,1,2
segan2,1,2
geringging,1,3
variant,1,2
desember2025,1,3
mencopot,1,2
trlah,1,2
jdwl,1,3
tidaklanjuttin,1,3
penantian,1,3
apit,1,2
sedsrhakan,1,4
kantoor,1,2
mengau,1,2
paga,1,2
karenaa,1,2
mengulik,1,2
sosoro,1,2
membelih,1,2
sabgatysangat,1,4
caan,1,2
pembayarkan,1,3
dadak,1,2
retting,1,2
sykur,1,2
syallom,1,3
ngeces,1,2
brhenti,1,3
korim,1,2
sikka,1,2
pemancaran,1,2
berkatmu,1,2
tarifpun,1,2
makaci,1,2
mengajukaan,1,3
odha,1,2
munda,1,2
serge,1,2
ewalett,1,3
kordinatif,1,3
pejagalan,1,3
kamidalam,1,2
pergeseseran,1,4
tongkrongan,1,3
paknya,1,2
elements,1,2
pasuran,1,2
petugasyang,1,2
beum,1,2
tbn,1,2
manteplah,1,2
ramahtamah,1,3
alap,1,2
tegalawpln,1,4
ngeflek,1,2
pangarqin,1,4
mnikmati,1,2
khdupan,1,3
dibatalan,1,3
diteruskanlah,1,2
kammi,1,2
wedomartani,1,4
hararapan,1,3
berusahan,1,2
yayy,1,2
eungg,1,2
msalah2,1,3
kerusajan,1,2
isibtoken,1,4
pekojan,1,2
posel,1,2
memiki,1,2
dibantengg,1,3
kepilih,1,2
mengadirkan,1,2
patungannya,1,2
rapinya,1,2
caring,1,2
timbol,1,2
274k,1,3
huufftt,1,3
menghandel,1,2
di0wecepat,1,4
lgresponnya,1,4
operate,1,2
disekola,1,2
tangin,1,2
resonan,1,2
danpantai,1,2
saudaramu,1,2
jamsibuk,1,3
perpajang,1,2
laporlosstro,1,4
dansemua,1,2
pelanggangnya,1,3
pangestu,1,3
rosidik,1,2
talapin,1,2
pemahamannya,1,2
pasirpangaraian,1,4
peli,1,2
gompang,1,2
pemian,1,2
tokin,1,2
subhanallaah,1,3
mebutuhkan,1,3
melalakukan,1,3
mema,1,2
tentng,1,2
laennya,1,2
disarolangun,1,4
bengkunat,1,3
poncowati,1,3
terbanggi,1,2
citayam,1,2
pasarkemis,1,3
jawabanny,1,2
sudahlebih,1,2
terimakasihsangat,1,2
ahk,1,2
dedukasi,1,2
plnmobioe,1,4
dilebihin,1,3
gsnggsn,1,4
getahui,1,2
syestem,1,2
lenfkapaplikasi,1,4
digantungin,1,2
475rb,1,3
595rb,1,3
beterei,1,3
keakar2,1,3
keluharan,1,2
90mnt,1,3
20kwh,1,3
8kwh,1,3
dhes,1,2
dolot,1,2
berktp,1,2
kompitebel,1,3
setali,1,2
minya,1,2
edisien,1,2
kitaplgn,1,3
cati,1,2
yw,1,2
neptun,1,3
tapikan,1,2
bellmen,1,2
jhos,1,2
jm17,1,2
jm20,1,2
upgrednya,1,4
komperhenship,1,4
mechanic,1,2
oelanggsn,1,4
lengkapsudah,1,2
5500va,1,3
manasih,1,2
ordr,1,2
mmbthkan,1,4
mmuach,1,3
penangulangan,1,2
suap2,1,2
perngguna,1,3
electronick,1,2
s3makin,1,4
pantap,1,2
sajs,1,2
intslasi,1,3
brimtnya,1,4
terbat,1,2
dipersusah,1,2
ujung3nya,1,3
penerngan,1,2
sebainya,1,2
ngelempar,1,2
dukungn,1,2
ply,1,2
templet,1,2
berkeramik,1,2
stingkat,1,3
seblmnya,1,3
segalala,1,2
idupnya,1,3
maksakan,1,2
diinginkannya,1,2
perbaikam,1,3
ganggual,1,2
pribadiku,1,2
mesage,1,2
piter,1,2
janga,1,2
kelupas,1,2
smuay,1,2
dpasangin,1,3
luhak,1,2
ditanya2,1,2
selanjutnyalebih,1,2
lana,1,2
lalukan,1,2
diadalkan,1,2
dstsng,1,3
pemrosesannya,1,2
pussing,1,2
dapakai,1,2
kaufman,1,3
recommmended,1,3
beraharap,1,3
mobileluar,1,3
mengsi,1,2
perating,1,2
improved,1,2
bisadisini,1,3
sejaktadi,1,3
pendaftaraan,1,2
dipascabayar,1,3
lapagan,1,2
ttu,1,2
sno,1,2
dikejar2,1,2
apq,1,2
dipertahnkan,1,4
ojolali,1,3
bebebrapa,1,3
tnyta,1,3
menuhi,1,2
maakkiinn,1,4
nyesekk,1,3
fll,1,2
depat,1,2
redwin,1,2
berjalanan,1,2
petugassama,1,2
antuk,1,2
semuabpelayanan,1,5
laporganguan,1,4
pelayannnya,1,2
wallet2,1,3
fabruari,1,3
stau,1,2
plnuntukindonesia,1,3
cdangan,1,2
mnjdikan,1,3
diuninstall,1,5
terama,1,2
ditempat2,1,2
lainnys,1,3
keluhhan2,1,3
pahamkan,1,2
dipiwarang,1,3
painan,1,2
mentol,1,2
lliat,1,2
baij,1,2
denganaplikasisi,1,3
untukmemperoleh,1,3
terabik,1,2
snii,1,2
diuap,1,2
kadoodan,1,3
terdebessaya,1,3
khwtir,1,3
bosannya,1,2
fuull,1,2
madopep,1,3
mobilb,1,2
tramsaksi,1,3
untuko,1,2
mobilsamgat,1,4
sekalitagihan,1,3
aplikshh,1,3
tekz,1,2
termsk,1,2
semakion,1,2
abanggkuu,1,4
menyampaikannya,1,2
utj,1,2
berbasic,1,3
60kali,1,2
memgurus,1,3
kamilia,1,2
santosa,1,2
mubayell,1,3
kmajuan,1,2
tegalbuleud,1,4
lanju,1,2
masyaramat,1,2
didumai,1,3
dalanm,1,3
pengecheck,1,3
plnggantrimakasih,1,4
sesikit,1,2
senanang,1,3
megunakan,1,3
ccnya,1,2
ditindaklanjutin,1,2
musan,1,2
trakinck,1,3
omben,1,2
nwn,1,3
dekali,1,2
alahan,1,2
lilah,1,2
siff,1,2
bered,1,2
masihdengan,1,2
dpannya,1,2
pengguananya,1,3
seriuz,1,2
meler,1,2
satusnya,1,2
reall,1,2
mengetahaui,1,3
nyogok,1,3
plnobil,1,2
kodong,1,2
selalh,1,2
bohong2an,1,3
detubinga,1,4
suryaka,1,2
montana,1,2
dialnya,1,2
kelihangan,1,3
500rupiah,1,3
penarik,1,2
mngadukan,1,2
diselimuti,1,2
rumputnya,1,2
ngaku2,1,2
kebtulan,1,3
meneladani,1,2
mendownloud,1,4
pernagukan,1,2
dijebak,1,2
kaisan,1,2
perbaikan2,1,2
pintang,1,2
namung,1,2
dikasta,1,3
mempunysi,1,3
ingormsdi,1,4
nyasaget,1,3
perubahab,1,3
tasih,1,2
mboten,1,2
malih,1,2
chage,1,2
juha,1,2
macm,1,2
madhure,1,3
keterbatasa,1,3
vitalisasi,1,2
sompel,1,2
belangkangan,1,3
kmo,1,2
depam,1,2
kilik,1,2
beneer2,1,3
plnladuan,1,3
bilaa,1,2
penenganannya,1,3
kecewain,1,2
penolng,1,3
prefosional,1,3
dhere,1,2
berbgai,1,2
mcam,1,2
mnjawab,1,2
kampleng,1,2
uris,1,2
fulan,1,2
pelayanab,1,2
jelasan,1,2
berterimahkasih,1,3
takojos,1,3
kojoss,1,3
jsuh,1,2
manakal,1,2
a04s,1,3
matlamp,1,2
satsetgak,1,3
dibantulah,1,2
bantau,1,2
bodoh2,1,2
keterdepan,1,3
rekomnded,1,4
teruntukmu,1,3
memerlukanbagi,1,2
kebertung,1,3
menggunakanpun,1,2
pelangganuntuk,1,2
sedesa,1,2
kecover,1,2
pemadaan,1,2
pony,1,2
tarifya,1,2
cukimay,1,3
probing,1,2
diperbaharu,1,3
espektasi,1,3
roses,1,2
subaidi,1,3
tetan,1,2
ctu,1,2
medunia,1,2
rasanyatidak,1,2
pulsa500,1,2
lebe,1,2
tenqiuu,1,3
teroercaya,1,4
berseta,1,2
whaat,1,2
kondusip,1,3
sdanya,1,2
hadirnyaplikasi,1,3
selalalu,1,2
berkatian,1,2
apliksikan,1,2
5rebu,1,3
cck,1,2
sebelunmnya,1,3
sitim,1,2
sayai,1,2
interasi,1,2
underestimate,1,4
ribuu,1,2
gakpapa,1,3
whet,1,2
sangria,1,2
sosialosasi,1,3
nsgsri,1,3
laporngangguan,1,4
mendwonload,1,3
menanginya,1,2
ainocasi,1,3
adnda,1,3
praba,1,2
hrgajauh,1,3
setnya,1,2
tulusnya,1,2
memampat,1,3
laotian,1,3
dayaks,1,2
ngblank,1,3
gangland,1,2
nha,1,2
54mph,1,3
converternya,1,2
klikan,1,2
smau,1,2
akir2,1,3
dijagai,1,2
aplikaksihnya,1,4
tinjunya,1,2
buros,1,2
menyediakanaplikasi,1,2
sekaliber,1,2
hauh,1,2
promomonya,1,3
kesasaran,1,2
barikan,1,2
engisian,1,2
emailkan,1,2
heldesk,1,3
petug,1,2
diskont,1,2
kayaraya,1,2
semongga,1,2
lyani,1,2
trutma,1,3
rendh,1,2
menggungakan,1,3
berbucara,1,3
bha,1,2
57k,1,2
102k,1,2
guba,1,2
askan,1,2
drinpemerintah,1,4
resoonsit,1,3
traik,1,2
bapakknya,1,3
dalammembayar,1,3
securenya,1,2
merskan,1,3
tepatdan,1,2
hadrnya,1,3
lunar,1,2
aplikadmsi,1,4
langgang,1,2
meterkita,1,2
salamat,1,2
diaksesterimakasih,1,2
pelapran,1,2
dampingan,1,3
mobilsangat,1,2
upp,1,2
limaribu,1,2
sanger,1,2
layman,1,2
tariknya,1,2
menggisi,1,2
pencekkan,1,3
dibgunakan,1,2
masebewa,1,3
outs,1,2
berenergi,1,2
kwandang,1,3
mengetshui,1,3
prisma,1,2
woahh,1,2
semuatempat,1,2
menggontrol,1,2
nyedian,1,2
dupdate,1,2
penangnanan,1,3
apaliba,1,3
tindaka,1,2
josgandos,1,3
adiangkat,1,2
ttangga,1,2
sepatah,1,2
propes,1,2
brjaya,1,2
bolehla,1,2
benner,1,2
lenih,1,2
mengaktifan,1,2
paidi,1,2
gendoh,1,2
pngaman,1,2
wastapp,1,3
dipertanggung,1,2
oqe,1,3
kabaran,1,2
paktis,1,2
percale,1,2
turuh,1,2
kesampaian,1,2
menagkses,1,3
kasiah,1,2
paripurnanya,1,2
rrepot2,1,4
diketikkan,1,2
badri,1,2
masukinkode,1,3
wajak,1,2
unika,1,2
wilayak,1,2
bnyaknfitur,1,3
meskpn,1,3
dilayanani,1,3
disatuin,1,3
caloan,1,2
lidyrij,1,3
meriyah,1,2
dilapangannuabjuga,1,4
seputran,1,3
bayarkanlah,1,2
umang,1,2
dijak,1,2
klepnya,1,2
trangkil,1,4
karanglegi,1,3
diaksi,1,2
kerennss,1,3
sigle,1,2
gogogo,1,2
ptong,1,2
dtgu,1,2
lalam,1,2
9udah,1,2
tidsk,1,2
ikadin,1,2
bagusnpelayannya,1,5
pisik,1,2
twmerimakhsi,1,5
menginfirmasih,1,3
belubtiken,1,4
alhmdullah,1,3
rt08,1,2
terbongkar,1,2
belajari,1,2
tringg,1,2
kanaplikatorpunya,1,5
galama,1,2
staysafesemua,1,4
ngirimin,1,3
lkarya,1,3
ketegalistrikan,1,4
gintar,1,2
mananggapi,1,4
kelistrikagoodn,1,6
melaluka,1,2
mobius,1,2
terdepat,1,2
kinerjapun,1,2
gunady,1,2
aplikasimempermudah,1,3
keselurhan,1,3
myiconnetnya,1,4
delicious,1,3
tdh,1,2
mobilpelayan,1,3
pemsangannya,1,3
diterselesaikan,1,3
congratulations,1,4
slalau,1,2
pegalaman,1,2
urusanplg,1,3
91kwh,1,3
63kwh,1,3
terkutuklah,1,3
berbasik,1,2
tekhisi,1,2
jelasinnya,1,2
k3ren,1,3
tekinis,1,2
ternterr,1,3
cekhistori,1,4
misikin,1,2
reknlistrik,1,4
pensmbshsn,1,5
pelangganbisa,1,2
melaporkangangguan,1,4
lalu2,1,2
nubal,1,2
belipylsa,1,4
pjk,1,2
mhicat,1,3
kalkualtor,1,3
rupaih,1,2
zebua,1,3
mardianto,1,3
anawai,1,2
sealakadarnya,1,4
penstabilan,1,3
tanarara,1,3
kutap,1,2
ketap,1,2
sipahutar,1,3
156v,1,2
menyal,1,2
meridhoi,1,2
tinghal,1,2
gangguanh,1,2
100bintang,1,2
franki,1,2
sekakli,1,3
subsidipun,1,2
beruguna,1,3
swceam,1,3
apriansyah,1,3
ulo,1,2
udi,1,2
atmo,1,2
daapt,1,2
penabahan,1,2
terindikisai,1,3
peniouan,1,3
seeta,1,2
teromlsih,1,4
skup,1,2
batery,1,2
anjurin,1,3
paring,1,2
salopa,1,2
maun,1,2
ludtrij,1,3
mengeck,1,2
berpastipasi,1,2
masysrakat,1,3
sigepi,1,2
angan2,1,2
barutinggal,1,3
sekarangsudah,1,2
badantiang,1,3
pelaann,1,3
nggorang,1,2
belipulsa,1,3
werang,1,2
bamboo,1,2
ngorang,1,2
bantuanyaa,1,2
pateen,1,2
penilaianya,1,2
membutukhan,1,3
eppos,1,2
nyasemoga,1,2
bazar,1,2
mercendise,1,3
pemasakan,1,2
riceknya,1,3
trk,1,2
cernak,1,2
pirman,1,2
aplikaaiby,1,4
bwnsjsj,1,4
semuaxa,1,3
membantukita,1,2
176v,1,2
pasanng,1,3
penyurveian,1,4
irgi,1,2
sepertina,1,2
susuli,1,2
darirumah,1,2
adayanya,1,2
gagangan,1,2
immformasih,1,3
mambaik,1,2
sirnasari,1,2
ciptasari,1,2
understood,1,3
hauhau,1,3
diidzinkan,1,4
mengehamat,1,3
memperoritasam,1,3
salso,1,2
additional,1,2
enrekang,1,3
palle,1,2
darisebelumnya,1,2
langsiung,1,3
inormasi,1,2
60kwh,1,3
3dengan,1,2
icash,1,2
pliki,1,2
selemadeg,1,4
gubungan,1,2
jojo,1,2
keluwar,1,3
ajur,1,2
apap,1,2
nyuba,1,2
penhujan,1,3
auh,1,2
enhaduan,1,3
tagihsm,1,3
incik,1,2
tigas,1,2
saya2,1,2
ataudalam,1,2
pembanyarannya,1,3
saata,1,2
terbaikklahh,1,3
kasis,1,2
rp5,1,2
papringan,1,2
lamat,1,2
trimakasaih,1,3
emangantab,1,3
berganti2,1,2
menyebapkan,1,2
goks,1,2
laload,1,2
terkai,1,2
semasih,1,2
mindah,1,2
krlistrikn,1,3
hksn,1,2
kursusnya,1,2
bajing,1,2
lossyrom,1,3
atitud,1,3
mantapmen,1,2
djp,1,2
tersingkron,1,2
percanggih,1,2
limaa,1,2
fitupilihanrnya,1,6
jani,1,2
moby,1,2
mendatkan,1,2
didala,1,2
ingrid,1,2
parr,1,2
lbj,1,2
mall2,1,2
istiqamah,1,2
oebgaduan,1,4
terbaij,1,2
mgatasi,1,2
lobet,1,2
penyesaian,1,3
listriknyanya,1,3
mengengkat,1,3
apresisi,1,2
dkit,1,2
memburukan,1,2
disna,1,2
terdkat,1,2
14km,1,2
danbtrpercya,1,6
ligin,1,2
cineam,1,2
keyped,1,2
tkspln,1,3
menginfkrmssi,1,4
gangan,1,2
hidayatulah,1,2
fitriah,1,2
2200w,1,2
kesebar,1,2
natasha,1,2
komunikatip,1,3
tepan,1,2
transpan,1,2
mugkin,1,2
memesukkan,1,3
pelanggandan,1,2
bnyumas,1,3
perubahanya,1,2
menakses,1,2
gubakan,1,2
ribetlah,1,2
lanjutibpengaduan,1,4
prosesnpengaduan,1,4
kitorang,1,2
mumbul,1,2
shelternya,1,3
pely,1,2
seberuntung,1,2
terimakasaih,1,3
gyus,1,2
mulakukan,1,3
terevaluasi,1,3
prosespelaporan,1,4
pecut,1,2
karyamu,1,2
petugasnyajuga,1,3
aprl,1,2
lebarin,1,2
smangad,1,2
minginformadi,1,4
idhul,1,2
kejujujuran,1,4
gretongan,1,3
memperli,1,2
birkan,1,2
binang,1,2
berbcara,1,2
zikri,1,3
nunggu2x,1,3
laporanpengaduan,1,3
plncakep,1,3
gunungsari,1,2
keruak,1,3
verif8kasi,1,5
swakom,1,3
serly,1,2
sisip,1,2
smengatasi,1,3
karenasudah,1,2
regustrasi,1,3
drumahnya,1,2
kwhnx,1,3
melanjutlan,1,4
penusuran,1,3
45mnt,1,3
kokean,1,2
petunjuk2,1,2
balaghar,1,3
pembaysrbn,1,4
allhamdullah,1,3
sles,1,2
innya,1,2
pofesional,1,3
benoa,1,2
guns,1,2
ditipu2,1,2
rumhku,1,3
petatanz,1,3
sulistiono,1,3
mursid,1,2
aldy,1,2
wafi,1,2
pelsnggsn,1,4
htu,1,2
kubayar,1,2
mabil,1,2
memperhatinkan,1,4
mecah,1,2
m478,1,3
dimasukkn,1,3
ijazahnya,1,2
jasih,1,2
hayolah,1,2
maitenance,1,3
hahhaa,1,2
cebok,1,2
full2,1,2
mengirimnya,1,2
bluetoothnya,1,2
motret,1,2
kamtor,1,2
pengantrian,1,3
mendatanya,1,2
kslamatan,1,3
konsumaen,1,3
ngek,1,2
yante,1,2
dirangkul,1,2
musdah,1,2
semakinnsju,1,3
pemeberi,1,3
tauan,1,2
fadhillah,1,3
9elanggan,1,3
responanyh,1,3
dizolimi,1,4
bdi,1,2
seharai,1,2
menginvestasikan,1,2
mudasemua,1,2
rensponse,1,4
sulutenggo,1,3
marangkayu,1,4
pengaktifan,1,2
9okt23,1,4
lbihnya,1,3
ngbahagiakan,1,3
sekema,1,2
pasport,1,2
penjelsan,1,2
longikis,1,2
pengupdate,1,3
peuting2,1,3
asupkeun,1,4
terpayah,1,2
satsetsot,1,4
warwerwor,1,4
89r,1,2
mlb,1,2
karuni,1,2
pangururan6,1,4
elc,1,2
dalaml,1,2
lapporan,1,3
septembar,1,2
leemmoott,1,4
biayain,1,2
aws,1,2
mwatt,1,2
bekup,1,2
pormula,1,3
loksado,1,3
berperoses,1,2
sesumbar,1,3
ngsi,1,2
gayut,1,2
nguji,1,2
1x24jm,1,5
bermasah,1,2
tekdown,1,2
deploperny,1,4
plnterus,1,2
terangkanlahseluruh,1,4
sehinggan,1,2
ngelock,1,2
mengkur,1,2
solutionnya,1,2
tuarek,1,2
prosesn,1,2
pencatatnya,1,3
diapakan,1,2
apakali,1,2
mengembangkn,1,2
mbat,1,2
instragram,1,2
ditemen,1,2
manipulatif,1,3
permissionnya,1,3
memata,1,2
matai,1,2
biase,1,2
sunarya,1,3
tubi,1,2
ymemberikan,1,3
poke,1,2
maakasih,1,3
sibuhuan,1,3
erkaitan,1,3
eneg,1,2
beluaplikasix,1,4
bagusm,1,2
robbalallamin,1,4
judess,1,2
pelakukan,1,2
perkarangan,1,2
ngamalkan,1,3
bergeming,1,3
depandalam,1,2
teknologinyabuang,1,3
pokaan,1,2
memnamti,1,3
laginya,1,2
byarpun,1,3
lakek,1,2
loginn,1,2
pengaduangangguan,1,4
surveyer,1,2
ponogoro,1,3
tarok,1,2
baruanya,1,2
terfasilitasi,1,2
pengamannya,1,2
footer,1,2
dorprise,1,2
regulasinya,1,2
listrikque,1,2
juge,1,2
coorporate,1,4
mendptkn,1,3
speaking,1,2
khususan,1,2
nyeseknya,1,3
martoko,1,2
perbaikitu,1,2
erhubung,1,3
terkaidgn,1,4
lambangnya,1,2
bertubi,1,2
sanggara,1,2
labusel,1,2
mingan,1,2
allahh,1,2
terbaikterimakasih,1,2
sdhtambah,1,4
biayatagihan,1,3
syahrani,1,2
berpuluhkali,1,3
indonezia,1,4
menyainginya,1,3
sehari2nya,1,3
tmh,1,2
maksdunya,1,3
permhonan,1,3
bedesuut,1,3
remek,1,2
review2,1,2
g0p,1,3
akutat,1,2
ditagihnya,1,4
brmasalah,1,2
sakam,1,2
meberapksn,1,4
maupung,1,2
mnjengekelkan,1,5
humbel,1,2
gacoor,1,3
stess,1,2
budgetnya,1,2
ngelunjak,1,3
bertanggungjwb,1,3
moboil,1,3
negur,1,2
6mnit,1,3
tlv,1,2
jianying,1,3
470ribu,1,3
kern,1,2
terbina,1,2
keesok,1,2
seperpun,1,2
perjlnan,1,3
susyahnya,1,3
nauzubillah,1,5
tetapsemangat,1,3
infirnash,1,4
dsikon,1,3
hebring,1,2
syncron,1,3
milidetik,1,2
chayo,1,2
pitu,1,2
darigangguan,1,4
ngeriset,1,2
controlling,1,2
ditagani,1,3
prusahan,1,2
manggul,1,2
menabg,1,2
meberapkab,1,3
menghiraukan,1,2
bamtuan,1,2
lbhn,1,2
3rb,1,2
kyepetnya,1,3
rekomnya,1,3
mudhn2n,1,4
hadal,1,2
permaalahan,1,3
kandani,1,2
sumo,1,2
rongewuselawe,1,4
instansi2,1,2
tlvonin,1,4
residance,1,2
zuhdi,1,2
blasting,1,3
enhancement,1,4
apabilaa,1,2
tanpaa,1,2
apalagii,1,2
jarakk,1,2
gangguanlah,1,2
cidukan,1,2
mohile,1,2
disosialisakan,1,4
sklgus,1,2
dukun2,1,2
pintarnya,1,2
ulur2,1,3
masyrakata,1,3
deeplink,1,2
dua2,1,2
pembel8an,1,3
gopal,1,2
securyti,1,3
dikerjaka,1,3
berrmanfaat,1,3
pembalasannya,1,2
sorting,1,2
adua,1,2
120v,1,2
tqnpq,1,3
mengoprasikan,1,3
josshht,1,3
brenti2,1,4
ketumpuk,1,2
sendirikan,1,2
tidakbutuhkan,1,2
mengentahui,1,3
areg,1,2
sukabuminya,1,2
penmox,1,3
erangkan,1,3
yasalam,1,2
kamseupay,1,4
pnyelesaian,1,3
maswin,1,2
agm,1,2
kairatu,1,3
mkksi,1,3
sebahai,1,2
beryetina,1,3
gangaguan,1,2
weekday,1,2
appunbtantang,1,4
durjana,1,2
wirobrajan,1,4
yoyakarta,1,2
masyarakatpelanggan,1,4
radda,1,2
cause,1,2
direkomandasikan,1,4
berbaca,1,2
arannya,1,2
ngada2,1,3
komunikasih,1,2
slotnya,1,2
perbai,1,2
rusakin,1,2
ska,1,2
pranggan,1,3
mokrasi,1,2
dkrim,1,2
esteh,1,2
djaya,1,2
tempek,1,2
disaya,1,2
undia,1,2
keuar,1,2
diastol,1,3
tertanggu,1,2
cilodong,1,2
begook,1,2
kuq,1,2
kompabiliti,1,3
selemot,1,3
rafik,1,2
diberita,1,2
kujutan,1,2
proven,1,2
muuaantapp,1,4
remblong,1,2
eabxeg,1,4
kpa,1,2
dierorin,1,3
lagiada,1,2
stidaknya,1,3
hrinya,1,2
pall,1,2
heng2,1,3
aksyik,1,3
menenggu,1,2
noto,1,2
hahahahahah,1,2
bullshit,1,3
bangkan,1,2
brsukur,1,3
lgsm,1,2
diskripsi,1,2
savernya,1,3
uplad,1,2
tingkatkan0,1,2
masyakarakat,1,3
smogaslalu,1,3
tengkiyuu,1,3
tpitrandaksi,1,4
makasiihpln,1,4
8d,1,2
mabukan,1,2
weww,1,2
dantdkjls,1,5
bkrjslgrakyatbyr,1,9
jetisjogopaten,1,5
200va,1,2
ditangkep,1,3
ngaglik,1,3
pendowoharjo,1,3
seterangnya,1,2
mandilah,1,2
shht,1,2
comerce,1,3
ternotifikasi,1,3
kepengguna,1,2
aekkanopan,1,4
kualuh,1,2
dpatmmengecek,1,5
detailkompensasi,1,3
itemnya,1,2
uueeyy,1,3
membantumi,1,2
smartfone,1,2
smriwing,1,4
kelistrikan2,1,2
tengat,1,2
jatirogo,1,3
admisitrasi,1,3
skm,1,2
aegera,1,3
harusvdatang,1,3
peloparan,1,3
sepertikemudahan,1,3
manteppoll,1,3
muda2xan,1,4
eaa,1,2
umur2,1,2
brave,1,2
gongseng,1,3
pokoknyah,1,2
corat,1,2
coret,1,2
missleading,1,4
angis,1,2
hubunginya,1,2
19jam,1,2
315ribu,1,2
manstabs,1,3
uwang,1,2
zedd,1,2
mantop,1,2
layayan,1,2
moblinya,1,2
berlaka,1,2
bagusdalam,1,2
bonafid,1,3
bertranssaksi,1,3
telambat,1,2
duperr,1,3
mdhn,1,2
pernohonan,1,2
datangnyaa,1,2
prial,1,2
difiturnya,1,3
dlmny,1,2
yglain,1,2
mencairkanya,1,2
tolongberikan,1,2
jwabannya,1,3
hampur,1,2
belumbtahubhasil,1,5
ikis,1,2
appss,1,2
dantang,1,2
memperbaikan,1,2
lebutuhan,1,2
emoh,1,2
mengurusan,1,2
kutak,1,2
traspor,1,3
pengoperasionalannya,1,3
hujanpun,1,2
ferfect,1,3
transaksikan,1,2
gsr,1,2
pengurisan,1,2
muachh,1,3
moke,1,2
kelok,1,2
delalu,1,2
mencul,1,2
arial,1,2
mewawancarai,1,2
pngennya,1,2
nopan,1,2
fiktur2nya,1,4
gerakdisini,1,3
vf,1,2
spapun,1,2
rphqd4ng,1,6
bidaajukn,1,4
piningkatan,1,2
helem,1,2
peke,1,2
bahh,1,2
janten,1,2
pisaann,1,3
meong,1,2
percepatannya,1,2
bernar,1,2
keluhat,1,2
aplikxij,1,3
eneng,1,2
sgtembntu,1,4
menujukan,1,2
risky,1,2
hardianto,1,2
walaupunseeing,1,4
scheduling,1,3
pendataran,1,3
rooftoop,1,3
suguhkan,1,2
daluwarsa,1,4
pihalk,1,2
ditahani,1,2
bundlingnya,1,3
pelaga,1,2
pengirimn,1,2
tangerng,1,3
peros,1,2
disuka,1,2
mengecewkan,1,3
kemereka,1,3
skerang,1,2
bintanya,1,2
selalui,1,2
terlupa,1,2
gambah,1,2
mengintimidasi,1,3
carenang,1,3
dijawabantapp,1,3
pralaya,1,3
memudahdahkan,1,4
mengetahun,1,2
perian,1,2
mmenggunakan,1,4
meterx,1,2
cbt,1,2
berword2,1,3
senyumu,1,2
menegecewakan,1,3
syaaloh,1,3
subhanalloh,1,2
marsogud,1,3
weekand,1,2
digunakana,1,2
peningakatan,1,4
merestitusi,1,2
permohonan2,1,2
sasmita,1,3
lantip,1,2
kewer2,1,3
memaku,1,2
unitbalaraja,1,3
senget,1,2
caik,1,2
efiien,1,3
mendapaat,1,3
sholihin,1,2
kemulian,1,2
ampoon,1,2
woodii,1,2
permesalahan,1,3
stvsangt,1,4
korupnya,1,2
daycare,1,2
setruman,1,2
antap,1,2
kandas,1,2
loddtrm,1,4
outsorsing,1,3
semantap,1,3
setransparan,1,4
mengidentifikasi,1,3
berbagaii,1,2
mamboro,1,3
catching,1,2
cukimai,1,4
biden,1,2
yupdaee,1,3
dkirm2,1,4
paing,1,2
alfin,1,2
sali,1,2
toding,1,2
mobilkami,1,2
panggil2,1,2
banyat,1,2
migrenku,1,3
kmh,1,2
critanya,1,2
srvice,1,3
lbeh,1,2
tokenmakin,1,3
berjayalah,1,2
melaayani,1,3
iny,1,2
luur,1,2
gampong,1,2
mendholimi,1,3
disabar,1,2
baklnget,1,3
sigunggung,1,3
dipunggut,1,3
shibu,1,2
rahmati,1,2
araa,1,2
bsb,1,2
ataspertisipasi,1,4
provisi,1,2
kenyamana,1,2
melukan,1,2
mengluarkan,1,3
hahahhaahah,1,3
terimakassih,1,3
boncuu,1,3
sweca,1,2
rakapalek,1,3
dintanya,1,2
dalamnyanegenai,1,3
saal,1,2
cicariang,1,3
ridogalih,1,4
khs,1,2
kengenai,1,3
ngebas,1,2
tegakan,1,2
dimmah,1,2
mengifornasi,1,3
penanggannya,1,2
kepengurasan,1,3
adalh,1,2
mengeliat,1,2
even2,1,2
mkasiih,1,3
terjangkaw,1,3
berakaitan,1,2
uti,1,2
rekeing,1,3
janitor,1,2
terangkatlah,1,2
atasa,1,2
barange,1,2
dukur,1,2
direkomendasiin,1,4
poncol,1,2
yhe,1,2
panjat,1,2
diraguin,1,3
dipaido,1,2
majene,1,2
genshin,1,3
33gb,1,2
lakukann,1,2
ngowo,1,2
mbowulet,1,4
lembat,1,2
persoaln,1,3
pencetpln,1,4
biiasa,1,2
makasig,1,2
brsinar,1,3
menjelaskas,1,3
untukpemasangan,1,4
roko,1,2
obrolannya,1,2
dskon,1,2
bonuslah,1,2
playananxa,1,4
0leh,1,2
plash,1,2
dillakukan,1,2
yanuar,1,2
teganggan,1,2
slamanya,1,2
shoopee,1,3
rujit,1,2
mengencerkan,1,3
denganplnminile,1,5
argumennya,1,2
baroh,1,2
aktipkan,1,3
dk4,1,2
derama,1,2
kekendaraan,1,3
oprasionalnya,1,4
adanha,1,3
ero,1,2
setempatpun,1,2
mekarwangi,1,2
kembangkang,1,2
billmannya,1,3
losser,1,2
sediah,1,2
lanbat,1,2
kebutuhansehari,1,3
nombokin,1,3
untukmengatasi,1,3
geulumpang,1,3
pengatasian,1,3
bualt,1,2
mengensngksn,1,5
mehami,1,2
blutoot,1,3
patinya,1,2
takala,1,2
membentak2,1,3
lsgi,1,2
sputaran,1,2
pengempon,1,2
sekamin,1,2
imperial,1,2
menghaturkan,1,3
mdn,1,2
durung,1,2
terimahjsi,1,4
duperhatikan,1,2
panismen,1,3
terustinkatkan,1,4
hodup,1,3
sarr,1,2
caaranya,1,2
tanggall,1,2
sangatnmembatu,1,4
menyejahterakan,1,3
plu,1,2
demain,1,2
kamernya,1,2
allright,1,2
31januari2025,1,5
naiklah,1,2
semuanyah,1,2
apersiasi,1,3
pogram,1,2
dankegunaan,1,3
lampunh,1,2
teriaki,1,2
pemgembalian,1,4
koda,1,2
pasrespon,1,3
rwsfonsip,1,4
oadahal,1,3
suuaangaat,1,4
wanjeenngg,1,5
laporana,1,2
ulsng2,1,4
prkembangan,1,4
sipnya,1,2
ngerekomendasiin,1,5
dirunah,1,3
purwadadi,1,3
njirr,1,3
listriknggak,1,2
kelusr,1,3
kartor,1,2
eumah,1,2
memnatu,1,3
terbaikdan,1,2
pemnbelian,1,3
rated,1,2
kencangg,1,2
wehehe,1,2
handap,1,2
berdikasi,1,3
kerjax,1,2
mangliawan,1,3
wendit,1,2
dibelikan,1,2
pertengahankan,1,2
combat,1,2
ketidaksesuaian,1,2
kalselku,1,2
hsu,1,2
dijanjian,1,2
agent2,1,2
bangaimana,1,3
masryarakat,1,4
okyy,1,2
nyambungnya,1,2
arsad,1,2
dihadapai,1,2
kembali2,1,2
semoge,1,3
prumahan,1,3
sinembah,1,2
tandukan,1,2
bantaeng,1,3
tergerrcepp,1,5
isobel,1,2
meghemat,1,3
b8sa,1,3
memburltuhksn,1,6
pemhecekan,1,4
sulisinya,1,2
mempertegas,1,2
orang2nya,1,3
kish,1,2
kebca,1,2
pembeian,1,3
bermanfaatlah,1,2
lutfie,1,3
fungsikan,1,2
septiap,1,2
nambain,1,3
juwana,1,2
setisp,1,2
sekaali,1,3
membisa,1,2
sotoy,1,2
keamaman,1,3
tambaga,1,2
sedangnkan,1,3
sekalidengan,1,2
syya,1,2
1st,1,2
kallau,1,2
manfaatdan,1,2
memperlanjar,1,2
voltron,1,2
cinderamata,1,2
pahlawa,1,3
dsj,1,2
teroma,1,2
penggunaannyaa,1,2
mnyl,1,2
basodara,1,3
malai,1,2
memantulkan,1,2
yeam,1,2
termima,1,2
jtan,1,2
unah,1,2
dansa,1,2
dasdess,1,3
ngirimnya,1,3
tuyul,1,2
akurasinya,1,2
mantaabbb,1,4
koonnto,1,3
tambai,1,2
dipinjem,1,3
kengeng,1,3
edid,1,2
tugasin,1,2
prosws,1,3
beranggung,1,2
bokat,1,2
kaka2,1,2
cacatnya,1,2
minoritaskan,1,2
kamyu,1,2
cebat,1,2
ongkirnya,1,2
ketekok,1,2
robb,1,2
gaya2n,1,3
saepi,1,2
bolehh,1,2
kamimpelanggan,1,4
memnfaatkan,1,4
satui,1,2
srbsk,1,3
sangatpermudah,1,3
manakalah,1,2
smuaa,1,2
offical,1,2
amad,1,2
perantauan,1,2
bolin,1,2
servisenya,1,2
aplica,1,2
muito,1,2
atividades,1,3
pagamento,1,3
electricidade,1,3
prion,1,2
bestari,1,2
pembayaranlistrik,1,3
mengadukannya,1,2
nuncul,1,2
paliyan,1,3
selasi,1,2
lewin,1,2
sebaikanya,1,2
jigabgampamg,1,5
gaann,1,2
disituasi,1,2
munif,1,2
incident,1,3
viralin,1,2
kasful,1,2
diacont,1,2
memarik,1,2
invovasi,1,2
wkwkwkwkwkwkwkw,1,4
apakagi,1,3
bayartagihan,1,3
halelapor,1,3
virtualakun,1,2
dipetojo,1,3
pasangin,1,2
amani,1,2
addressnya,1,2
a50s,1,3
chece,1,2
urc04,1,3
teknisivteknisinya,1,5
semart,1,2
download2,1,2
seseru,1,2
mblenger,1,3
kalikidang,1,3
wiradadi,1,3
byrn,1,2
wulanan,1,2
sistenya,1,2
memain,1,2
kerane,1,2
biiaya,1,2
solisinya,1,2
periha,1,2
kapokk,1,3
keingetan,1,2
mpunya,1,2
hdirnya,1,2
malamku,1,2
kyuu,1,2
jossgandoss,1,4
1kli,1,3
ditawar,1,2
bljar,1,2
berahli,1,2
207rb,1,2
alhamdulillan,1,3
semanget,1,3
pawang,1,2
ndonesia,1,2
dibantuk,1,2
khsusus,1,3
ramak,1,2
digelap,1,2
bagut,1,2
interoperabilitas,1,3
regristasi,1,3
tamvan,1,2
umbar,1,2
okya,1,2
listrikdanbisa,1,3
sdiri,1,2
lain2n,1,3
jangkoan,1,2
terdekt,1,2
penangkis,1,2
2fa,1,2
dikurang,1,2
valisidasipengguna,1,5
masyaeakat,1,3
responncepat,1,3
pelayanansecara,1,2
elctronik,1,4
nyalasar,1,2
aplkasixyg,1,4
pwt,1,2
notog,1,2
kelolah,1,2
silvia,1,2
pujianti,1,2
mksiih,1,3
indonesa,1,2
artikel2,1,2
terkit,1,2
prk,1,2
pangkatnya,1,2
tanbahan,1,2
ggu,1,2
alasi,1,2
halx,1,2
abdus,1,2
teleponin,1,2
satanik,1,3
mengekses,1,2
sansi,1,2
keeusakan,1,3
tmb,1,2
memuasakn,1,3
kerika,1,2
manggasses,1,3
afac,1,2
masyara,1,2
plk,1,2
gaslah,1,2
seinformatif,1,4
sebabagai,1,2
linggang,1,2
iyuran,1,2
apabilla,1,3
mkek,1,2
aplikasiksh,1,3
vanga,1,2
aploksj,1,3
kongko,1,2
dinyalahin,1,3
sangadi,1,2
prosesmpengaduan,1,4
nyakut,1,2
dicounter,1,3
sekaliann,1,2
important,1,2
tinggap,1,2
pemainya,1,2
difavorit,1,2
diduplikatkan,1,4
minggir,1,2
mbuka,1,2
seloganya,1,3
gadhet,1,3
mypertamina,1,3
selala,1,2
teruk,1,2
nanyai,1,2
diang,1,2
datangbkekantor,1,4
inpirasi,1,2
jamet,1,2
miskom,1,2
pelalangan,1,2
rekomendasinya,1,2
gaco,1,2
ui7,1,2
up3bogor,1,3
ampyuunn,1,3
suuweenee,1,4
sakannya,1,2
kenala,1,2
synterima,1,2
ocre,1,2
mendapatk,1,2
blackshark,1,3
dansantun,1,4
misna,1,2
bandingin,1,2
13k,1,2
dililiti,1,3
betil,1,2
blkngan,1,3
letus,1,2
tdkk,1,2
tanang,1,2
abal2an,1,3
berjuta2,1,3
nonaktifin,1,4
nyanman,1,3
nasala,1,2
16g,1,2
pasaribu,1,2
mingguu,1,2
yamba,1,2
laporlampu,1,3
harimu,1,2
apdat,1,2
sopa,1,2
pilihh,1,2
era2,1,2
kmai,1,2
bstu,1,2
mudahd,1,2
kamibisa,1,2
stdkv,1,3
mbatalkan,1,3
olean,1,2
ramahlingkungan,1,4
menatik,1,2
duabelas,1,3
penangannaya,1,3
disamsung,1,3
adanyafitur,1,2
bintauna,1,3
kwmateran,1,3
denu,1,2
rurun,1,2
bertidak,1,2
y20,1,2
bagusbisa,1,2
rasanyaa,1,2
kordinasinya,1,3
penyam,1,2
bungan,1,2
puaskan,1,2
kllostrik,1,3
kusekarang,1,2
skaran,1,2
merissa,1,3
kipass,1,2
mukai,1,2
huhui,1,2
qmi,1,2
busat,1,2
lembaysrsn,1,4
jatisarono,1,3
nanggulan,1,3
kedesa2,1,3
hamdulillaah,1,4
kompete,1,2
bepengalaman,1,3
mattirotasi2,1,4
sangtmembtu,1,4
hhubungi,1,2
payana,1,2
5mb,1,2
skan,1,2
cepa5,1,3
crdas,1,2
hot9,1,2
betkat,1,2
ngka,1,2
mencatatangka,1,2
mihin,1,2
memppermudah,1,3
menyesaikan,1,2
mifi,1,2
pilinggin,1,3
ying,1,2
tirhirmit,1,3
rumahya,1,2
lakeside,1,2
nadhif,1,3
direstok,1,2
pengngaduannya,1,4
serifikat,1,3
elektronikku,1,2
penyecekan,1,3
kasrah,1,2
ivent,1,2
verigikadi,1,4
otewe,1,2
jdo,1,2
70rbu,1,3
140rbu,1,3
merupaka,1,2
dieksukusi,1,3
nyq,1,2
ssma,1,2
dangguan,1,3
sangatberinofas,1,5
kookk,1,3
hadduuhh,1,3
pngaturan,1,2
suruhngirim,1,3
easton,1,2
eyy,1,2
argamakmur,1,3
gangguuan,1,2
effesien,1,3
intix,1,2
pelyahanny,1,4
betu2,1,3
thangs,1,2
permasalhanya,1,3
pabriknya,1,2
panting,1,2
hyperon,1,2
losttiknya,1,3
iniencurigakan,1,4
inimemudahkan,1,3
biayapun,1,2
poncel,1,2
ketandan,1,2
ssi,1,2
halbkelistrikan,1,5
debuging,1,2
sayaselalu,1,3
mobaule,1,3
nyaselalu,1,3
saagat,1,2
kasihkan,1,2
yahc,1,2
woosh,1,2
pakainapk,1,3
maskkan,1,2
gamang,1,2
despan,1,2
tegallumbu,1,3
kadaang,1,3
ttrus,1,2
endonesia,1,2
effective,1,2
ingetnya,1,2
profesionalis,1,2
rott,1,2
badebest,1,3
search2,1,2
pusreg,1,2
toif,1,2
pemyaran,1,2
masyaralat,1,2
amoga,1,2
sbntar2,1,4
menyediahkan,1,3
pembeyaran,1,3
pengda,1,2
perangkatbkatanya,1,3
dinrootnjadi,1,5
mencangkup,1,3
semaanggaatt,1,3
dripda,1,3
galah,1,2
bersila,1,2
jura,1,2
mengatasingangguan,1,4
rekomdasikan,1,4
aphasia,1,3
those,1,2
atauide,1,2
ddapat,1,2
leubu,1,3
jajad,1,2
iqro,1,2
z9x,1,3
tanti,1,2
tertgl,1,2
diselelesaikan,1,3
bergagang,1,3
pnajang,1,2
ngegelantung,1,3
rkita,1,2
selesia,1,2
endah,1,2
digunanakn,1,3
beih,1,2
bisabuat,1,2
membelibroken,1,3
gangguandan,1,2
frimware,1,3
hris,1,2
bemamfaat,1,3
jehan,1,2
melayaninkami,1,3
kamaruddin,1,2
menjadu,1,2
untukpenggaduan,1,4
selaraskan,1,2
mengclose,1,3
adangan,1,2
ancak,1,2
bayia,1,2
enggaa,1,2
transaksinpembeli,1,4
segama,1,2
hpe,1,2
prasaran,1,2
dilorot,1,2
semakinjayah,1,3
tentunyaa,1,2
gaterlalu,1,3
3hal,1,2
konsuen,1,3
terdetek,1,2
pantex,1,2
kdl,1,2
berlisensi,1,2
satseett,1,3
tuling,1,2
hariterbaik,1,3
goverment,1,3
saldonyanya,1,3
didipakai,1,3
saluranya,1,2
gumala,1,2
wkkwkwk,1,3
several,1,2
masyarakatbagi,1,2
pelangqqn,1,4
menagatasi,1,2
200jt,1,2
drow,1,2
kekening,1,2
cukup2in,1,3
mudur,1,2
mengamen,1,2
comanda,1,2
jops,1,2
jammi,1,2
pnuh,1,2
paino,1,2
badiah,1,2
ngadalin,1,3
berpanggilan,1,2
bermanfatt,1,3
pandua,1,2
slogan2,1,2
mcon,1,2
mutahir,1,2
patang,1,2
sidowaras,1,3
sumbermulyo,1,3
jogoroto,1,3
menmbantu,1,3
yarobal,1,3
kejangkauan,1,3
membereskannya,1,3
berhuhubungan,1,4
oerubahan,1,3
nanati,1,2
11x,1,2
sumbangin,1,3
mengetahuai,1,3
lbg,1,2
y30,1,2
terdekteksi,1,3
sopi,1,2
dannon,1,2
maksudnyaa,1,2
persip,1,2
bribery,1,3
kickback,1,2
luxurious,1,3
mengamanahkan,1,3
tagi,1,2
yerpercaya,1,2
normat,1,2
cusrom,1,2
sejek,1,2
surukan,1,2
uwaah,1,3
maiin,1,2
tumbler,1,3
akuntabelitas,1,2
instimewa,1,3
pole,1,2
yaw,1,2
begituu,1,2
matap2,1,3
terteram,1,2
p55,1,2
rrumah,1,2
delaynya,1,2
dicekal,1,2
cadass,1,2
terbukan,1,2
dipantang,1,2
mmcb,1,3
dmnpun,1,3
mewadahi,1,2
kleen,1,2
prosistq,1,3
dgg,1,2
ubl,1,2
alon,1,2
mebambatu,1,3
penyelesian,1,2
kebagusan,1,3
sisini,1,2
phb,1,2
sirkit,1,2
pokoq,1,3
lamang,1,2
prosses,1,2
gundah,1,2
focussed,1,2
menganyomi,1,3
minasa,1,2
godev,1,2
ayanx,1,3
ribe,1,2
segeran,1,2
kooperarif,1,3
diatasin,1,2
fungsiin,1,2
kemasalahan,1,2
baro,1,2
parkirnya,1,2
dtmpt,1,3
serves,1,2
proter,1,2
ngabret,1,2
x80,1,2
sekallii,1,3
piihan,1,2
veifikasi,1,2
tranining,1,2
dikonsultan,1,2
peromo2ya,1,4
vuat,1,2
terimkaaiha,1,4
rivet,1,2
kontritibel,1,3
berikakan,1,2
peraya,1,2
trdeteksi,1,4
kn0,1,2
memishkan,1,3
mengedapenakn,1,3
kirimm,1,2
feskul,1,2
krywn,1,4
upmk,1,2
sehigga,1,3
keterngannya,1,3
mendpatkan,1,3
admisnistrasi,1,3
temaan2,1,3
penjelasamdnya,1,4
dongkap,1,2
untukpengguna,1,3
recomemended,1,4
bnyakin,1,2
tangnga,1,3
tamalatea,1,3
frequent,1,3
few,1,2
inconvenient,1,5
elderly,1,3
steleah,1,3
tengan,1,2
kalianda,1,2
enabled,1,3
temperglass,1,2
qra,1,2
ryma,1,2
barakallohu,1,3
crosscheck,1,2
itk,1,2
implemantasikan,1,4
debugger,1,3
bangkalaloe,1,4
sediahkan,1,3
mutah,1,2
oflen,1,2
recomeded,1,3
farage,1,2
zula,1,2
hogo,1,2
cepatplayanan,1,3
hadirkn,1,2
sicpln,1,3
dbukak,1,3
atsa,1,2
dpahami,1,2
kedalama,1,2
platformnya,1,2
minku,1,2
pdr,1,2
plnmobilein,1,3
transmart,1,2
ilau,1,2
storing,1,2
kmbangkan,1,3
bardan,1,2
tokeneboh,1,3
terdetect,1,3
myrah,1,2
gunakana,1,2
sabngat,1,3
361kwh,1,4
684kwh,1,4
ean,1,2
wuahh,1,2
spayletter,1,4
diapain,1,2
peranngkat,1,3
funtouch,1,3
perlunkek,1,3
biking,1,2
jaul,1,2
mkk,1,2
yranspatan,1,4
ditreking,1,3
amalam,1,2
lebbih,1,2
ketanggungan,1,2
berebes,1,2
ssstt,1,3
1k,1,2
loadingan,1,2
plara,1,2
permasalahan2,1,2
bny,1,2
mengaplod,1,3
bekasih,1,2
soalan,1,2
memi,1,2
disangkakan,1,2
5stars,1,3
bulakelor,1,3
kca,1,2
1980an,1,2
terindakasi,1,3
dihpku,1,3
lamasekarang,1,2
mobbil,1,2
kiara,1,2
pinag,1,2
pengaplutan,1,3
reimkasih,1,4
selsai2,1,3
longgarkan,1,2
mengrjakan,1,3
perolehdtks,1,4
ujungbatu,1,2
tangi,1,2
ucpkn,1,3
mledug,1,2
dankota,1,2
uuntuk,1,3
gangguangguan,1,3
birat,1,2
blibet,1,2
klp,1,2
kyo,1,2
4kwh,1,3
mdr,1,2
dayli,1,2
auu,1,2
damani,1,2
mudahanbiasa,1,2
mejdi,1,2
aqoe,1,2
hmgangguqn,1,6
biza,1,2
memmudahkan,1,3
wancimekar,1,4
tembelek,1,2
ok2,1,2
dilaksanakn,1,3
tebgah,1,3
chrging,1,2
barudak,1,2
mengangsesnya,1,4
tanpo,1,2
mengedepankn,1,3
gedenya,1,2
marketflas,1,3
disesama,1,2
kepads,1,2
nggahi,1,2
plnpaylater,1,4
mbagi,1,2
rancabuaya,1,3
pelee,1,2
squezyy,1,3
terobosan2x,1,3
rt029,1,3
pamengpek,1,3
mbak2,1,2
mbaran,1,2
nj1ng,1,3
raying,1,2
samp4h,1,3
internetku,1,2
lays,1,2
anada,1,2
aslidan,1,2
tempekelen,1,3
eli,1,2
kutacane,1,3
dirobah,1,3
renget,1,2
pangkemiri,1,3
tergerus,1,2
maling2,1,2
maksudx,1,2
sbs,1,2
meen,1,2
pipit,1,2
sangatalah,1,2
handpon,1,2
agarlebih,1,2
drancang,1,3
konsumenn,1,2
marsya,1,2
preparing,1,2
nyuntik,1,2
kanopinya,1,2
harganyaa,1,2
jawaran,1,2
daoam,1,2
songon,1,2
hian,1,2
gabe,1,2
sude,1,2
apalahh,1,2
teganganya,1,2
greatt,1,2
memberikann,1,2
acaraa,1,2
rancabana,1,3
bahwadi,1,2
bozzkque,1,4
lebii,1,2
ndah,1,2
keluhanmaupun,1,3
menerimah,1,2
0akaibpln,1,4
muy,1,2
hacer,1,2
cualquier,1,4
cosa,1,2
timmanbil10,1,4
devis,1,2
ilasan,1,2
bagii,1,2
timus,1,2
teknologia,1,2
senangi,1,2
pembaritahuan,1,3
wajibb,1,2
m3nggunakan,1,4
akhad,1,2
dtaang,1,3
biayajasa,1,2
alikasihbpln,1,5
orangtu,1,2
engap,1,2
setangkai,1,4
saptam,1,3
mananta,1,3
atasxpelayanan,1,4
nyeredd,1,3
diberitaukan,1,3
dllsangat,1,2
seikat,1,2
wibu,1,2
melalukkan,1,3
handing,1,2
brayy,1,2
rekomedasikan,1,4
pengurusn,1,2
x6,1,2
brstatus,1,3
yamamah,1,2
chasgig,1,3
dihadiran,1,2
nyabagus,1,2
mersa,1,2
biasannya,1,2
ysng,1,3
introvert,1,2
keamanaan,1,3
wajih,1,2
oda,1,2
pengguan,1,2
komentarr,1,2
amaa,1,2
fotoo,1,2
p3cimahi,1,5
aplikasinyabagus,1,2
rahbini,1,3
nitif,1,2
poinplus,1,2
bagus6,1,2
mainannya,1,2
banar2,1,3
ngeakses,1,2
yangsering,1,2
tbpa,1,2
soan,1,2
punonline,1,2
petalangan,1,3
listrikspkk,1,3
jagong,1,2
palaka,1,2
dihatiku,1,3
okesekli,1,3
sousinya,1,2
berfunngsi,1,4
lipatkain,1,3
terrain,1,2
nungkar,1,3
cobtohnya,1,4
dikonoha,1,3
benderangnya,1,3
melap0r,1,3
membuktikanya,1,2
uell,1,2
plt5,1,2
busak,1,2
menchek,1,3
pmahaman,1,2
teratasai,1,2
seklain,1,2
amplikasilebih,1,3
seau,1,2
complit,1,2
kebimbangan,1,2
melakukaan,1,2
menyelesaikann,1,2
donc,1,2
beralihlah,1,2
dpakai,1,2
kosekwensi,1,2
kebelakangan,1,2
emanknya,1,3
tidakdi,1,2
malukan,1,2
terlampaui,1,2
gpin,1,2
untukbsaag,1,4
maintence,1,2
allaahummabaarik,1,6
listrikya,1,2
dirmah,1,2
kabal,1,2
stabilitasnya,1,2
kesingan,1,2
pokokmen,1,2
ngapply,1,3
warawiri,1,3
uneg,1,2
googlenya,1,2
hdh,1,2
nyalah2in,1,4
aplikasinybagusuntuk,1,4
bertranskasi,1,3
haduahblangsung,1,4
maubditukerin,1,5
piyama,1,2
bontoa,1,3
terkredit,1,2
ongkong,1,2
cekstatus,1,3
mobobile,1,3
samsia,1,2
santung,1,2
terbaiku,1,2
krimakadih,1,4
hmhmm,1,3
memints,1,2
gaskeunn,1,3
mengaksek,1,2
mattin,1,2
skipp,1,2
estimate,1,3
beribet,1,2
trerimakasih,1,3
laninnya,1,2
aturanya,1,2
esifien,1,3
biadap,1,3
sietem,1,3
menejeman,1,3
atiran,1,2
sktar,1,2
apki,1,2
instalas,1,2
tertulisa,1,2
yer7,1,2
bafi,1,2
kompten,1,2
450rb,1,2
dipikirlah,1,2
njelehi,1,3
manut,1,2
gunakanblaporan,1,4
lamarespon,1,3
kebutuahn,1,4
lam2,1,2
mgetahui,1,2
plnobole,1,3
waktuini,1,2
mantappll,1,3
bertansformasi,1,3
gangvterbaik,1,4
pamakai,1,2
fitur2barus,1,4
staff2,1,2
rumag,1,2
beatiful,1,3
afungsi,1,2
bentarbentar,1,3
bentaran,1,2
ngadingadi,1,3
kukomplain,1,3
tingkatkannterus,1,3
mamake,1,2
letrik,1,2
ditect,1,2
kcw,1,2
menyelesaaikan,1,3
riw,1,2
terang2,1,2
yuhhuu,1,3
nobil,1,2
ditelusur,1,2
tenagaa,1,2
dumah,1,2
wakk,1,2
depo,1,2
abbiss,1,2
ditolongin,1,3
pengajua,1,3
terkedali,1,3
tarigan,1,2
kelua,1,2
payaran,1,2
bagusramah,1,3
roda2,1,2
mobilo,1,2
latas,1,2
donng,1,2
meproses,1,2
diserpis,1,2
ngejeten,1,3
membolak,1,2
2nya,1,2
saree,1,2
rekomenkan,1,3
bobel,1,2
pitutur,1,3
gunakkan,1,3
kelapkelip,1,3
mashala,1,2
lash,1,2
metul,1,2
tembah,1,2
kompen,1,2
sourcing,1,2
homepay,1,2
kepedean,1,2
niaganya,1,2
ygramah,1,3
ditinggalin,1,2
kelhan,1,2
channelnya,1,2
foti,1,2
kostkostan,1,3
penambaahan,1,4
qolbu,1,3
cumaharus,1,2
secen,1,2
lila,1,2
hayoh,1,2
punten,1,2
x60,1,2
lagij,1,2
depaan,1,2
kayakmana,1,2
urusanlistrik,1,3
chatgpt,1,3
perbank,1,2
uob,1,2
trimalakasi,1,3
oprasionalkan,1,4
beutt,1,3
pencerminan,1,3
iraha,1,2
iiihh,1,2
kutilang,1,2
membahaya,1,2
antas,1,2
melaului,1,3
sakapeung,1,3
pabeulit,1,3
mengrluarkan,1,4
birunya,1,2
inyah,1,2
sempe,1,2
ke4,1,2
aceng,1,2
dnq,1,2
kunjuangan,1,3
manfsst,1,3
ceket,1,2
tindaklanjutkan,1,3
ehe,1,2
gasih,1,2
bertabrakan,1,2
healty,1,3
wiwiwiw,1,4
acur,1,2
danmurah,1,2
brrt,1,2
begitukan,1,2
menyangjut,1,4
memnbtuu,1,4
pelanggar,1,2
aplikasisemoga,1,2
subdit,1,2
paat,1,2
maslaahnya,1,3
mengatui,1,3
psangan,1,2
wabil,1,2
punduh,1,2
70tapi,1,2
tipuu,1,2
poseng,1,2
menggait,1,2
progammer2,1,4
kanak2,1,3
wibawaku,1,2
terse,1,2
5a,1,2
rumanya,1,2
satukali,1,2
diringkaskan,1,4
kitak,1,2
mereke,1,2
persh,1,2
bukanmudah,1,2
showing,1,2
laravel,1,2
pulangan,1,2
datap,1,2
diayani,1,2
pemamfaatannya,1,4
sptu,1,2
mingu,1,2
klir,1,2
23mei,1,2
ciaoo,1,2
dilengka,1,2
pasirbaru,1,2
sepnuh,1,3
180volt,1,3
widiana,1,2
wirabawa,1,2
bergandeng,1,3
teerbaru,1,3
diction,1,2
unavailable,1,4
prosesan,1,2
versi5,1,2
rilisnya,1,2
diguakan,1,3
ramban,1,2
lainlainya,1,2
keteranggannya,1,3
petugasjg,1,3
shere,1,2
pasture,1,2
developmen,1,2
ktf,1,2
asudah,1,2
fersinya,1,2
mmanjakan,1,2
ssrta,1,3
paystore,1,3
stagnan,1,2
tahapnya,1,2
mengapdate,1,2
prumnas,1,3
hinda,1,2
1blok,1,3
rdk,1,2
mamak2,1,3
easyui,1,2
homeworking,1,3
posif,1,2
kordisadi,1,3
rawamerta,1,2
tembus2,1,2
sepertiny,1,2
buttonnya,1,2
pekek,1,2
bebasis,1,2
melau,1,2
beritaukan,1,2
sgeala,1,3
bdh,1,2
unfo,1,2
updata,1,2
nyusah,1,2
chorm,1,3
mobile2an,1,3
sempolan,1,2
updatenyajuga,1,3
thap,1,2
dona,1,2
misuh,1,2
plbmobile,1,4
sertifat,1,3
pegadang,1,2
berkomunukasi,1,3
t3tap,1,4
viaa,1,2
eew,1,2
kamibplggn,1,5
rhu,1,2
lentils,1,2
selection,1,2
keleluasaan,1,2
fityr2nya,1,4
dbalas,1,2
kdpn,1,2
masyarkt,1,2
25jam,1,2
mlyani,1,2
geleng2,1,3
gbd,1,2
atika,1,2
mangadu,1,2
hemm,1,2
sengai,1,2
terniat,1,2
lumayaan,1,2
60k,1,2
selama2,1,2
authorized,1,3
cmd,1,2
mime,1,2
supported,1,2
nearest,1,3
morot,1,2
hatikuu,1,2
layananbisa,1,2
pentir,1,2
mewadai,1,2
segeraa,1,2
cing,1,2
dayan6a,1,4
bna,1,2
pegaden,1,2
kuita,1,2
alhamdullih,1,3
laporanx,1,2
aturanx,1,2
telemarketing,1,4
lapaangan,1,3
kepinggir,1,3
yuana,1,2
poul,1,2
melakan,1,2
dipinjam,1,2
sweetie,1,2
bayard,1,2
menhaden,1,3
nyamp,1,2
keberadaanmu,1,2
beti,1,2
nadh,1,2
seacen,1,3
terus2,1,2
ranh,1,2
melingkup,1,2
pedulii,1,2
20jam,1,2
bobroknya,1,3
wkkwkw,1,2
10watt,1,3
khwatir,1,3
mudahramah,1,3
kbi,1,2
gozaimas,1,3
dirumaha,1,2
berres,1,2
sampler,1,2
disinj,1,2
gampag,1,2
rbaik,1,3
terken,1,2
danpelaporan,1,4
mtp,1,2
bagain,1,2
diapahami,1,2
tonggal,1,2
mytelkomsel,1,4
myindibiz,1,4
penanagan,1,3
mesih,1,2
keuntunganya,1,2
smartphon,1,3
banja,1,2
naser,1,2
bertamba,1,2
aryo,1,2
prayoga,1,2
selly,1,2
kobfernasi,1,3
instruktif,1,2
terbntuk,1,3
kumade,1,2
jolo,1,2
respoundshipt,1,4
ksst,1,2
tagihqm,1,4
sefrizzer,1,4
efekif,1,2
jamie,1,2
binging,1,2
maui,1,2
metaphor,1,3
krana,1,2
ketrbtasa,1,3
lenihan,1,2
bagetz,1,3
daimah,1,2
besar2an,1,3
marketnya,1,2
pembayarannlistrik,1,4
keereen,1,3
doonngg,1,3
dopan,1,2
sympathy,1,4
imdonesia,1,3
seara,1,2
nline,1,2
connector,1,2
kitaembuat,1,2
teriam,1,2
yampe,1,2
orba,1,2
intraksinya,1,3
brambang,1,2
konformasi,1,2
seakrang,1,3
instalsi,1,2
kesiapsiagaannya,1,4
wanaraja,1,2
subsid,1,2
ambisinya,1,2
tertindas,1,2
nempati,1,2
membrkn,1,3
sipan,1,2
maanntaapp,1,4
angka2,1,2
maanntuul,1,4
polman,1,2
rensfone,1,3
ovobjx,1,4
zuper,1,2
ikbal,1,2
nyelesainnya,1,4
jawi,1,2
ayani,1,2
mnapun,1,2
kapnpun,1,3
ngeheng,1,2
bayak2,1,3
ratingannya,1,2
manafaat,1,2
prayabar,1,2
crim,1,2
damlam,1,2
mobiletelah,1,2
sejkali,1,2
mantapoo,1,2
koyak,1,2
jumlh,1,2
biasakanngasi,1,3
tabggagi,1,3
sejagad,1,3
sanang,1,2
donlotin,1,3
batasannya,1,2
pera,1,2
infomrmasi,1,4
sodong,1,2
sidogemah,1,3
mengatasai,1,2
sayung,1,2
siborongborong,1,4
ketok2,1,3
rumitnya,1,2
gengganab,1,3
terdepannya,1,2
kamerannya,1,2
sangatbutu,1,3
600kb,1,2
asah,1,2
mantapsangat,1,2
syip,1,2
ekkeekekw,1,4
lontarkan,1,2
transakisi,1,3
marulloh,1,2
diampot,1,2
ranji,1,2
sosialiasasi,1,3
ataupn,1,2
tindk,1,2
pemgananya,1,3
meresfon,1,2
tahulah,1,2
berkomukasi,1,2
bayara,1,2
indipt,1,2
knlantor,1,3
recommends,1,2
catatannya,1,2
jepada,1,2
manans,1,2
telsh,1,2
aplijadih,1,4
ludtfik,1,3
ditangi,1,3
dgital,1,2
terdebess,1,3
ajiir,1,2
plnnmn,1,3
kekke,1,2
kasihe,1,2
terbest,1,2
taba,1,2
sqngqt,1,4
pelayananb,1,2
sejahteraa,1,2
brunya,1,2
ditimur,1,2
porvinsi,1,3
dibaguskan,1,3
mlpjur,1,3
rerbaru,1,2
disinites,1,2
dagan,1,2
pakeplikasih,1,4
diupgred,1,3
diaduin,1,2
kaoan,1,2
badabesstt,1,4
asdep,1,2
senidir,1,2
brati,1,2
mendukukung,1,4
updaten,1,2
wookiee,1,3
atasvpelayananya,1,5
tapidi,1,2
dataa,1,2
gaagal,1,2
kampak,1,2
diekspos,1,2
hede,1,2
customerservice,1,4
memang2,1,2
membayu,1,2
massalah,1,2
nyarankan,1,2
ranti,1,2
tingkat2,1,2
bawahh,1,2
alikan,1,2
fiturnyablengkap,1,5
fahrudin,1,3
berapat,1,2
probowo,1,2
4rb,1,2
c575,1,3
vx3,1,3
antajaya,1,2
giring,1,2
voilaa,1,3
transki,1,2
kelustrijan,1,4
malsah,1,2
spaning2,1,3
hbg,1,2
juus,1,2
lapod,1,2
jlsin,1,2
masakanku,1,2
aduanku,1,2
dijarak,1,2
bulanlalu,1,2
penugas,1,2
semenarik,1,2
acungan,1,2
bimomartani,1,4
dsr,1,2
biken,1,2
50bpersen,1,4
probem,1,2
sekaliqlq,1,3
gunakanpun,1,2
mobilecukup,1,2
tinya,1,2
engecakn,1,3
mmuuaack,1,4
olek,1,2
menper,1,2
ribert,1,2
peresponan,1,4
slnya,1,2
ngagunakeun,1,4
cepot,1,2
lepada,1,2
ditnafan,1,3
ookk,1,2
menur,1,2
memginformasih,1,4
tlp2,1,2
socha,1,2
romannya,1,2
mlayu,1,2
gatakut,1,3
4harian,1,3
makacih,1,3
aplikace,1,2
gsung,1,2
doorprizenya,1,4
pengaju,1,2
dipaketin,1,2
moko,1,2
magin,1,2
masin,1,2
pengadunketija,1,5
sangatmbntu,1,4
hess,1,2
ywrimakasih,1,3
terikamish,1,3
manjalita,1,3
riken,1,2
iniciativa,1,3
mnrt,1,2
rodok,1,2
informasiterkait,1,3
pr0ses,1,3
asakan,1,2
semuabisa,1,2
600km,1,2
kecantikannya,1,2
gincu,1,2
rayat,1,2
raham,1,2
kebaharan,1,2
sabisa,1,2
danlapor,1,3
data2nya,1,3
akunvterus,1,3
aeki,1,2
baeq,1,2
lalainya,1,2
silahturami,1,3
starting,1,2
s3ring,1,3
nsudah,1,2
sewaan,1,2
gunnakan,1,3
pemberdaya,1,2
taukah,1,2
muddah,1,2
bisabliat,1,3
sblm2,1,3
adaganguan,1,4
150voltase,1,4
disore,1,2
ampyuiinn,1,4
mulaidari,1,2
responlah,1,2
terthebest,1,4
supiori,1,3
ajat,1,2
sudrajat,1,3
segepok,1,3
hari2ku,1,3
simulasikan,1,2
mrmberikan,1,4
baikdalam,1,2
hadehbcapek,1,5
mantabe,1,2
bundaran,1,2
bercayaha,1,3
muaantaapp,1,4
kebawahan,1,2
stakat,1,2
hpx,1,2
murahbtransaksi,1,4
dimenegerti,1,4
banyuajuh,1,3
tendai,1,2
bermasarakat,1,3
dentogen,1,3
keluatrikan,1,3
kesengajaan,1,3
pilit,1,2
terbant,1,2
makis,1,2
memhfahkan,1,4
prlsnggan,1,4
istebes,1,2
dilaksana,1,3
sepponsif,1,3
ribeut,1,2
imfirmasih,1,3
mantapsekali,1,3
ditanganinnya,1,2
bebenahnya,1,3
gila2an,1,3
membuata,1,2
lasannya,1,2
dengg,1,2
inputannya,1,2
suruhnya,1,2
homecharging,1,3
besangkutan,1,2
carinlewat,1,4
sekarangan,1,2
aneh2in,1,3
sempatt,1,2
kamitidak,1,2
sinegri,1,3
mingrasi,1,2
mempeributkan,1,4
hujan2an,1,3
kahh,1,2
kykdlu,1,3
randi,1,2
nyimpen2,1,4
melengkapu,1,2
ditggu,1,3
kmarin2,1,3
tulong,1,2
kekmana,1,2
apalaginada,1,3
up3bintaro,1,5
adanta,1,3
rngan,1,2
idas,1,2
fituryang,1,2
tepati,1,2
pemabayran,1,4
mendeketi,1,2
khn,1,2
kirai,1,2
terimakasis,1,3
redirectnya,1,4
nbtanggap,1,3
pemroses,1,2
memaang,1,3
ngejo,1,2
invoce,1,3
menfaatnya,1,3
amsangat,1,2
carik,1,2
eeuuy,1,3
zalsapiabangg,1,5
higenis,1,2
dull,1,2
6rmh,1,3
tanjak,1,2
alahh,1,2
inix,1,2
tinggat,1,2
sekdr,1,2
pemilikny,1,2
veripaksi,1,4
kryawn,1,3
berkendaraan,1,2
merespin,1,2
agennya,1,2
hahahahhaha,1,2
mobily,1,2
sefleksibel,1,4
sefrendly,1,4
gerak2,1,2
sarankalau,1,2
impression,1,3
terluapkan,1,3
solusindo,1,3
reduplah,1,2
depanku,1,2
logging,1,2
laporansemakin,1,3
recomded,1,3
ur2nya,1,3
tengkyuuu,1,3
kii,1,2
thn2025,1,3
menakjub,1,2
oline,1,2
halilintar,1,3
penuruna,1,2
mandatnya,1,2
praktekin,1,2
mobilebsemua,1,3
muncie,1,2
proritaskan,1,3
plugs,1,2
terbaikbuat,1,2
dimobile,1,3
kubutuhan,1,2
pemasaranya,1,2
zalsapiabang,1,4
gerakanya,1,2
eeuuii,1,3
mendetect,1,3
17th,1,2
disconnya,1,3
397rb,1,3
sawarna,1,2
melaluinpln,1,3
kartomo,1,2
madure,1,2
reziki,1,2
genggamandi,1,2
menfapat,1,3
dibwah,1,2
m3mbayar,1,4
bunku,1,2
antaran,1,2
sertaempermuda,1,4
majore,1,2
terimakasihpelayanan,1,3
seacamp,1,3
pocerlistrik,1,4
aplikasiakan,1,2
buatlapor,1,3
kamiharus,1,2
enjoi,1,2
koskosan,1,3
mencret,1,2
kantoe,1,2
hibike,1,2
menginfiormasih,1,3
realisaasi,1,3
nenjalankan,1,3
setafnya,1,3
ramahpetugasnya,1,5
apt,1,2
onlinr,1,2
kulitasnya,1,2
lansug,1,2
simuasi,1,2
ppkk,1,2
bandwitch,1,3
ctc,1,2
menyusahakan,1,3
singgungan,1,2
kesit,1,2
epektip,1,3
melapr,1,2
gpernah,1,3
ginih,1,2
mengandu,1,2
performaya,1,2
dampingi,1,3
leeat,1,2
tanggai,1,2
pembayarang,1,2
menggalakan,1,3
perusahannya,1,2
pengaruhan,1,2
penyerobotan,1,3
pasanf,1,3
kebi,1,2
swkali,1,2
pungga,1,2
siaganya,1,2
report2,1,2
tlrrspon,1,4
annti,1,2
niy,1,2
charter,1,2
terinfokan,1,3
cifest,1,3
menghetasusa,1,3
untiuk,1,3
dadam,1,2
kamidapat,1,2
retingnya,1,2
semualayanan,1,2
fredly,1,2
sekalidalam,1,2
suwangaarr,1,3
baiak,1,2
ebel,1,2
yapss,1,2
memviralkan,1,3
iwak,1,2
haruan,1,2
preventive,1,3
memepersulit,1,3
kaleh,1,2
prosespun,1,2
disitu2,1,2
masuyarakat,1,4
pastibisa,1,2
apali,1,2
ulcspatan2,1,5
bebelian,1,2
11juni,1,3
ngempon,1,2
uangny,1,2
ioh,1,2
baeru,1,2
someah,1,2
mangecek,1,3
knee,1,2
solutions,1,2
maisun,1,2
mendounlode,1,4
gapaham2,1,3
hibdari,1,2
saut,1,2
outdoornya,1,2
uenakk,1,3
d8gunakan,1,3
thp,1,2
ooke,1,2
secinta,1,2
sallary,1,3
randusanga,1,3
baguskah,1,2
besokannya,1,2
pelumpuran,1,3
sejuh,1,2
gacoan,1,3
keyika,1,2
menggunskan,1,3
menguakan,1,2
dihunakan,1,3
sentuhlah,1,2
turing,1,2
memastika,1,2
tmi,1,2
allobank,1,3
gratisss,1,2
kofe,1,2
lhoong,1,2
barususahnya,1,3
dipematang,1,3
pudu,1,2
usahan,1,2
berkembng,1,3
berkomonikasi,1,3
tolongi,1,2
kuarng,1,2
perlayanannya,1,3
mengertii,1,2
hpa,1,2
ehbdia,1,3
sokusinya,1,2
listrk,1,3
letang,1,2
supat,1,2
5subuh,1,3
brkat,1,2
sanyak,1,2
dwlont,1,3
pelangangang,1,4
alhasilnya,1,2
segercepp,1,3
dilakukn,1,3
berkemban,1,2
hunbungi,1,3
dibelakangnya,1,2
altif,1,2
sekadi,1,2
ngenee,1,3
aprikasi,1,2
untuknpembayaran,1,5
terferivikasi,1,3
mengertinya,1,2
ataskerjassma,1,4
eenakk,1,3
kompirmasinya,1,4
terverfikasi,1,3
antra,1,2
bagiannpembayaran,1,5
turuni,1,2
obatan,1,2
terwujudkan,1,2
bemar,1,2
ditinggiin,1,3
maxis,1,2
extramax,1,2
mta,1,2
sawotratap,1,4
ukp,1,2
penyisiran,1,2
pianis,1,2
memasifkan,1,3
chakra,1,2
sarjiya,1,3
kinetik,1,2
rosiade,1,3
pltn,1,2
ketenaganukliran,1,5
manas2in,1,4
gardu2,1,3
dalamperubahan,1,2
meresponpun,1,2
standaran,1,2
kevlar,1,3
benakku,1,2
berkuda,1,2
aria,1,2
permantap,1,3
clasic,1,3
arem,1,2
shok,1,2
dunlop,1,2
dgx,1,2
motot,1,2
shockbreaker,1,3
binong,1,2
tetanggaan,1,2
charis,1,2
gid,1,2
160cc,1,2
ditekuni,1,2
rachmat,1,2
nesu,1,2
journalist,1,2
piara,1,2
urutin,1,2
sitaan,1,2
injektor,1,2
gigitin,1,2
parc,1,2
kebelinya,1,3
accnya,1,2
lisman,1,2
diinisiasi,1,3
wkkww,1,3
cuttingan,1,2
nyucinya,1,3
yawloh,1,3
juju,1,2
penangkapannya,1,2
gumilar,1,2
terner,1,2
ms1,1,2
gendis,1,2
swe,1,2
ps5,1,2
peusangan,1,3
atena,1,2
termiskin,1,2
rw012,1,2
lenci,1,2
sangatkita,1,2
sertab,1,2
tertanganinya,1,3
moaabile,1,4
yangterbayarkan,1,4
julinya,1,2
beelum,1,2
mns,1,2
resfect,1,3
perubabahan,1,3
laininya,1,2
stoker,1,2
mempimpin,1,2
dwiyana,1,2
riyadi,1,2
terjauh,1,2
rentannya,1,2
serimg,1,2
dibatalkandengan,1,2
menujulokasi,1,2
smap,1,2
klokasi,1,3
kuwat,1,2
berukurang,1,2
mobilq,1,2
dudu,1,2
bayari,1,2
multitasking,1,3
handyman,1,3
erok,1,2
yagessya,1,3
kondangan,1,2
brtmbh,1,3
ngambis,1,3
barengg,1,2
specialist,1,2
infeksimu,1,2
menggemparkan,1,2
menggelegarkan,1,3
membudaya,1,2
offgrid,1,3
cmpur,1,2
yahehe,1,2
ngotong,1,2
sucofindo,1,4
idsurvey,1,2
hartarto,1,3
3kg,1,2
suliki,1,2
enita,1,2
kelebon,1,2
karbunr,1,3
ganakan,1,2
pomeneh,1,3
disticker,1,3
decall,1,2
info085694520578,1,7
stealth,1,2
nyungsep,1,3
ditowing,1,3
hyy,1,2
merembet,1,2
stator,1,2
gowon,1,2
klangenan,1,3
mukhamad,1,3
jamari,1,2
matiinnya,1,2
mbien,1,2
udu,1,2
semesteran,1,2
peminatan,1,2
perkodingan,1,3
makesure,1,3
beside,1,2
asat,1,2
lewerissa,1,4
terbangunnya,1,2
keeping,1,2
swim,1,2
wafe,1,2
manurung,1,2
dilist,1,2
hereditas,1,3
worthy,1,3
collector,1,2
uwee,1,3
handpone,1,3
aviv,1,2
bnei,1,2
brak,1,2
petah,1,2
atulah,1,2
penjinak,1,3
backfeeding,1,4
pedah,1,2
kabaseuhan,1,3
boring,1,2
sakalian,1,2
odin,1,2
150cc,1,2
ayaan,1,2
naha,1,2
kimi,1,2
nyapuguh,1,4
wwkwkwkwkwk,1,4
ceurik,1,3
bodor,1,2
esuk2,1,3
karupbasan,1,4
lilik,1,2
sujandi,1,2
sajogyo,1,3
menggalakkan,1,3
pemeliharannya,1,2
meminang,1,2
pecatatan,1,2
mentala,1,2
20rebu,1,3
isabella,1,3
tinggiin,1,2
dirdist,1,3
kristanto,1,2
dowo,1,2
altenator,1,3
lucu2an,1,3
merembes,1,2
melonggarkan,1,3
sikilan,1,2
macak,1,2
richter,1,2
perdapuran,1,3
syaifulah,1,2
jarinngan,1,3
haifa,1,2
yishai,1,3
benakno,1,2
naomi,1,2
nickname,1,2
ferri,1,2
tikva,1,2
keestetikan,1,3
qowwam,1,4
dsh,1,2
pekerja2,1,2
pekerjaan2,1,2
gludak,1,2
alpina,1,2
pnyelesaiannya,1,3
brthan,1,3
2hri,1,3
oelayamam,1,4
sukat,1,2
costom,1,2
memhemat,1,3
bermobilisasi,1,3
diiming2,1,3
1jtan,1,3
profesionalah,1,2
debbess,1,3
stoopp,1,3
swipp,1,3
akhamdulillah,1,4
farida,1,2
meliandro,1,3
sejalur,1,2
pelaksanannya,1,2
crashing,1,2
culas,1,2
mallumpa,1,2
nuri,1,2
duany,1,2
rexco,1,3
tita,1,2
8fm,1,2
grooming,1,3
kenalin,1,2
mumun,1,2
coolent,1,2
walafiat,1,3
technician,1,3
polution,1,2
ekonomika,1,2
toplivaekonomiya,1,5
mengoptimalka,1,4
diketawain,1,3
kanibalan,1,3
25juta,1,2
nicky,1,2
meylisa,1,3
padasuka,1,3
ramalkan,1,3
seismik,1,3
nglotok,1,2
buluh,1,2
lez,1,2
waktuny,1,2
marsha,1,2
penjabat,1,2
audensi,1,2
pangaribuan,1,3
fadjar,1,2
wulandari,1,2
bpkku,1,2
nogol,1,2
riwayaat,1,3
kerjagaji,1,2
terdaapt,1,3
ikm,1,2
simenteknindo,1,4
catu,1,2
gandus,1,2
otocare,1,2
naked,1,2
cruiser,1,2
skuter,1,2
sulistiyowati,1,4
renggo,1,2
ndaj,1,2
jajah,1,2
sendernya,1,2
dikongkek,1,3
pemberihuan,1,3
perbandingannya,1,2
mengkalkulasi,1,3
twist,1,2
ketebak,1,2
plushigh,1,3
misuhmisuh,1,4
perkelompok,1,4
priorityopen,1,4
recruitmentteknisirumah,1,6
pji,1,2
riaukualifikasi,1,3
sarden,1,2
matok,1,2
carnival,1,3
tensioner,1,3
dito,1,2
sikil,1,2
akine,1,2
rahmi,1,2
irwansah,1,2
kontenmu,1,2
vea,1,2
luhut,1,2
kalbagtim,1,3
reta,1,2
sengoku,1,2
mbededeg,1,4
uisin,1,2
normalan,1,2
vincent,1,2
betahap,1,2
wako,1,2
engku,1,2
dimomen,1,2
disetel,1,2
g5422122328284,1,7
kmbl,1,2
trigger,1,2
bootingnya,1,2
disambungin,1,2
optical,1,2
ledeng,1,2
dikuliahin,1,3
ketidaksepakatan,1,2
disubsidipun,1,3
pandean,1,2
rengas,1,2
medokan,1,2
oakai,1,2
perlengakapan,1,3
supratamaaneka,1,4
yulia,1,2
ssd,1,2
ngantos,1,3
segalo,1,2
terbataskan,1,2
atv,1,2
ppb,1,2
sebelem,1,2
ktimbang,1,3
80jt,1,2
makas8h,1,4
praktise,1,2
terjadap,1,2
membantusaat,1,2
kecewalah,1,2
sep24,1,2
gabos,1,2
kantun,1,2
rongsokan,1,3
processnya,1,2
untukpelaporan,1,4
wauw,1,2
bestik,1,2
autodetailing,1,4
terkin,1,2
aaa,1,2
keselamat,1,2
buntarto,1,2
dipikir2,1,2
fossil,1,2
struggle,1,3
apiknya,1,2
ndaa,1,2
kalianlah,1,2
didandani,1,3
ndandani,1,3
onderstel,1,3
tanjungkarang,1,3
kadaluasa,1,2
scaming,1,2
suhardani,1,3
karasa,1,2
exhaust,1,3
putul,1,2
monofasik,1,3
bifasik,1,3
ngeluarinnya,1,3
algoritme,1,2
takiaritmia,1,4
mbongkar,1,2
acls,1,2
gelombang2,1,2
lapi,1,2
ndilalah,1,3
mino,1,2
kerok,1,2
faris,1,2
sudin,1,2
subsidi2,1,2
nakertransgi,1,4
aic,1,2
dibangunnya,1,2
aldhi,1,2
meruapak,1,2
nmn,1,2
hjb,1,2
fakih,1,2
gablek,1,2
mesnin,1,3
snj,1,2
mercedez,1,3
w115,1,2
djuaanncokk,1,5
terbaikkk,1,2
menyulut,1,2
sportage,1,2
mencapi,1,2
senbud,1,2
lyg,1,2
ngelibatin,1,3
tarinya,1,2
nyanyii,1,2
lapaoran,1,3
tranper,1,2
saintek,1,2
forsir,1,2
geodesi,1,3
ujug2,1,3
eksternalnya,1,2
stb,1,2
untungna,1,2
tanggapn,1,2
netop,1,2
recall,1,2
nikahan,1,2
kaesang,1,3
ketindihan,1,3
dinotice,1,2
antarpulau,1,2
darhim,1,3
testers,1,2
vennya,1,2
ecg,1,2
cardiograph,1,2
perekam,1,2
perumda,1,2
punden,1,2
overseas,1,3
inspect,1,2
engeri,1,2
melestarikn,1,4
ricki,1,2
jetp,1,2
fisikawan,1,2
endemi,1,2
spedamotor,1,3
topspeed,1,3
purnakarya,1,3
tenant,1,2
disayap,1,2
dibadan,1,2
mbtech,1,2
ola,1,2
orca,1,2
nyolder,1,2
oalahh,1,3
conductive,1,3
prakaryanya,1,3
asjkhfjkl,1,6
ambulance,1,2
terbaru2023,1,3
soppi,1,2
dutangani,1,3
kalikajar,1,3
terjuntai,1,3
judionline,1,2
ditwitter,1,3
kesanya,1,2
tinggla,1,2
bekeng,1,2
hahahahha,1,2
hayuukk,1,3
coda,1,2
tabarakallahu,1,3
pengajianpun,1,2
rp170,1,2
menyadarkanku,1,2
keahlianku,1,2
keslomot,1,3
menyenangka,1,4
verval,1,2
sangatebantu,1,4
penijauan,1,2
10lewat,1,3
diguncang,1,2
clerk,1,3
maxwell,1,2
magnetisme,1,2
jabodebek,1,3
dikonversikan,1,2
workflow,1,3
resesi,1,2
elektrikal,1,2
keserahan,1,2
rnd,1,2
ngobrolin,1,2
merhatiin,1,3
mekanikal,1,2
tersentrum,1,3
jiwoo,1,2
velk,1,2
penyerapannya,1,2
erix,1,2
asociation,1,3
ica,1,2
rt100,1,2
1500cc,1,2
kualifikasinya,1,2
brusia,1,2
ltshe,1,3
ciwaringin,1,4
35jr,1,2
1500km,1,2
300km,1,2
olinya,1,2
teja,1,2
msayrakat,1,4
melenial,1,2
wheels,1,2
relnya,1,2
mimus,1,2
pelek,1,2
peang,1,2
krisetya,1,3
distock,1,2
shockable,1,2
cpr,1,2
vanbelt,1,3
tie,1,2
tierod,1,3
kopel,1,2
20jtan,1,3
partnership,1,2
sasis,1,2
klender,1,2
pandom,1,2
seli,1,2
kebahagiaanku,1,2
soal2,1,2
mecahin,1,3
ncen,1,2
eike,1,2
esmka,1,3
lihai,1,2
dron,1,2
ugd,1,2
gabecus,1,3
skinker,1,2
daesang,1,2
numfor,1,2
mansnembra,1,4
masti,1,2
alamai,1,2
backstage,1,3
legong,1,2
kenopo,1,2
situation,1,2
meperdata,1,3
mentransaksi,1,2
informasiny,1,2
gtau,1,2
kelud,1,2
gajahmungkur,1,4
artificial,1,2
kaksih,1,2
bolide,1,2
bongkok,1,2
500an,1,2
daganganya,1,2
genyem,1,3
skem,1,2
apllication,1,3
gknjelas,1,3
darso,1,2
lillahirobbil,1,4
perbaris,1,2
drumah2,1,3
hansome,1,2
jugabanyak,1,2
yanan,1,2
items,1,2
bidang2,1,2
ramen,1,2
defibrillator,1,4
aed,1,2
ngescan,1,2
blong,1,2
mantaaptaptaptap,1,6
paradoks,1,2
altair,1,2
sikandi,1,2
yjuga,1,2
awareness,1,3
membudayakan,1,2
sodar2,1,3
fatumnasi,1,3
antennanya,1,3
steerable,1,3
alvidianti,1,4
pecahin,1,2
enginering,1,2
memorandum,1,3
anindita,1,3
climate,1,3
nurina,1,2
montir,1,2
armina,1,2
alirah,1,2
riham,1,2
pltmikrohidro,1,5
eki,1,2
turbine,1,2
ngobos,1,2
menggigil,1,2
nino,1,2
kulkasku,1,2
pengumuan,1,3
numeric,1,2
nuryanto,1,2
novita,1,2
diurusnya,1,2
23ribu,1,2
mandor,1,2
antosias,1,3
bermanffaat,1,3
tertingi,1,2
ngablak,1,2
tipeng2,1,3
justifikasi,1,2
abgus,1,2
1300ke,1,2
tentanng,1,3
wusshh,1,3
k0ntol,1,4
qhontholl,1,4
tilep,1,2
dipikirnya,1,2
rsau,1,2
supadio,1,2
elektromedik,1,3
troubleshoting,1,4
dilarani,1,2
jdikan,1,2
tungal,1,2
kaliwadas,1,3
fisdas,1,2
stunting,1,3
wellisman,1,3
pedane,1,2
injec,1,2
freshgraduate,1,3
cederawasih,1,3
rutinin,1,2
banyax,1,2
pembisnis,1,2
cikini,1,2
fifah,1,2
ngebakar,1,2
icikiwir,1,3
bestandar,1,2
panpel,1,2
soket2,1,3
ngegigitin,1,3
maljum,1,3
kiapa,1,2
pertalite,1,3
11km,1,2
basril,1,2
sunlight,1,2
kilap,1,2
inefisien,1,2
monopoly,1,3
dd3,1,2
mangilu,1,2
nyolok2in,1,4
pemugaran,1,3
dtrima,1,3
naaik,1,3
bngtz,1,2
e46,1,2
318i,1,2
n42,1,2
triptonic,1,3
silicon,1,2
natalmu,1,2
menghujat,1,2
kesadaranya,1,2
titin,1,2
pinoke,1,2
xplor,1,2
perot,1,2
win100,1,2
lewotobi,1,3
arei,1,2
siboro,1,2
hamutuk,1,3
selalubterdepan,1,4
suban,1,2
hilirnya,1,2
avtur,1,2
petrol,1,2
dicangkok,1,3
membumbung,1,3
konstuksi,1,2
ukb,1,2
huntara,1,2
konga,1,2
titehena,1,3
keputrian,1,3
ngehukum,1,2
kesiangan,1,2
v2,1,2
ngebull,1,2
kokas,1,2
atmoko,1,2
penimbaan,1,2
tahajjud,1,2
istikhoroh,1,4
ukl,1,2
pajeg,1,2
bandrol,1,2
aires,1,2
omoda,1,2
immanuel,1,3
sijuki,1,3
yangmaha,1,3
ngondah,1,3
penceng,1,2
liburanmu,1,2
terjunkan,1,2
kepin,1,2
ipem,1,2
subbidang,1,2
widan,1,2
fadha,1,2
nyontek,1,2
dhimas,1,2
iyas,1,2
32b,1,2
pwi,1,2
avianty,1,2
facelift,1,3
metik,1,2
goreng2,1,2
filternya,1,2
freon,1,2
p3rs,1,3
heights,1,3
domestic,1,2
dpo,1,2
perayap,1,2
biomassa,1,3
prodiku,1,2
lulusannya,1,2
jualin,1,2
langsam,1,2
tempatmu,1,2
2k,1,2
norang,1,2
nosin,1,2
tinplate,1,3
dof,1,2
fabby,1,2
tumiwa,1,2
14jt,1,2
ddadd,1,2
ndakpapa,1,3
hisapan,1,2
dobo,1,2
nguplek,1,3
upayanya,1,2
bafu,1,2
apresiasinya,1,2
crankcase,1,3
melepuh,1,2
ardhika,1,3
atho,1,2
afifa,1,2
12volt,1,3
puanjang,1,2
gogo,1,2
mmbrikn,1,4
oliaksinya,1,2
leyeh,1,3
kooperatip,1,4
proes,1,2
penyelesaiian,1,3
almec,1,2
riben,1,2
terburuknya,1,2
mengelukan,1,2
lowbatt,1,3
djpln,1,3
wushh,1,3
parag,1,2
menantimu,1,2
qpkilqsinyq,1,6
dma,1,2
disable,1,2
nyoh,1,2
karekan,1,2
adadengan,1,2
subsisdi,1,3
eut,1,2
spakboard,1,3
paksu,1,2
smk3,1,2
mazu,1,2
jancuk,1,3
solvingnya,1,3
didown,1,2
mntal,1,2
ndasmu,1,3
julit,1,2
ketrima,1,2
disono,1,2
propotion,1,3
memproduksinya,1,2
theodorus,1,3
pma,1,2
motorku,1,2
soerjonoto,1,3
sepanas,1,2
palagi,1,2
reformed,1,2
injili,1,2
grii,1,2
opoe,1,2
maklumlah,1,2
pijarnya,1,2
synchronization,1,5
forsale,1,3
primavera,1,3
3v,1,2
floormat,1,2
tanki,1,2
smkjurusan,1,3
geruduk,1,2
menyambangi,1,2
bersilaturahmi,1,2
dekddegan,1,3
kodey,1,2
1pln,1,3
utl,1,2
jarno,1,2
ditha,1,2
humbahas,1,3
nopal,1,2
besmen,1,2
diginiin,1,3
radiatornya,1,2
diformalin,1,3
rawatan,1,2
jakapurnama,1,3
menggela,1,2
audiensi,1,2
dialognya,1,2
isral,1,2
proaktifnya,1,2
blinking,1,2
lcgc,1,3
jcc,1,2
neoron,1,2
dcs,1,2
shutdown,1,2
ngerintis,1,3
mjg,1,2
warrior,1,3
venue,1,2
kesetanan,1,2
terts,1,2
aplikasiyang,1,2
timaaci,1,3
diganteni,1,3
jb5,1,2
diapalne,1,3
suket,1,2
ngisin,1,2
ngisini,1,3
rasani,1,2
diramaikan,1,2
damri,1,2
kebentuk,1,2
gauss,1,2
bpkad,1,2
trimo,1,2
kotor2an,1,3
polah,1,2
toeic,1,3
nihongo,1,2
guduk,1,2
jaran,1,2
pendebetan,1,3
transparans,1,2
githu,1,3
intermitensi,1,3
strategisnya,1,2
aryani,1,2
dhuafa,1,3
sterotip,1,3
flasher,1,2
astari,1,2
diprogam,1,3
h11,1,2
fiesta,1,2
mwp,1,2
dianjak,1,2
tumble,1,2
zkteco,1,3
adchaminoerdin,1,6
fakt,1,2
dirumahmu,1,2
pelacak,1,2
pembagunan,1,3
fingerprint,1,2
siwi,1,2
tsay,1,2
pabx,1,2
hikvision,1,3
hilook,1,2
dahua,1,2
uniview,1,2
ezviz,1,3
imou,1,2
palugada,1,3
cctvbatamtop,1,4
yaghsya,1,3
salehudin,1,2
xd,1,2
grp,1,2
distarter,1,3
maintenaince,1,3
37rb,1,2
keliatannya,1,2
starternya,1,2
engkol,1,2
hary,1,2
etap,1,2
dikhawatirin,1,3
driving,1,2
yowes,1,3
besarta,1,2
meanwhile,1,3
keha,1,2
volks,1,2
nashirul,1,3
kejawan,1,2
taqa,1,2
pemerintahnya,1,2
terlangkap,1,2
memperkejakan,1,3
dipemilihan,1,4
ituloh,1,2
tertelan,1,2
menggunak,1,2
olt,1,2
memnggunakan,1,3
aktuf,1,2
pelaanan,1,3
panyampaian,1,4
mustaqim,1,3
ditampilin,1,3
kripik,1,3
ngetracking,1,3
fara,1,2
maemang,1,2
4all,1,2
terebut,1,2
commen,1,2
lanjutti,1,2
ikii,1,2
baikal,1,2
kirchoff,1,3
lisna,1,2
andini,1,2
alessandro,1,4
prescott,1,3
fadly,1,2
hanif,1,2
arifa,1,2
dimotor,1,2
meteorit,1,2
scj,1,2
hubngannya,1,3
msknya,1,3
mnghsiljan,1,4
kejut,1,2
kiproknya,1,3
gedang,1,2
tariq,1,2
slruh,1,2
diamater,1,2
derasnya,1,2
ngewangi,1,2
juliet,1,2
betul2in,1,3
jajaki,1,2
sadel,1,2
kandangsapi,1,3
sindangasih,1,3
karangtengah,1,2
enabling,1,3
managed,1,2
freelance,1,2
accord,1,2
pjek,1,2
pakdhe,1,3
dongkrak,1,3
terdongkrak,1,2
debby,1,2
rinrin,1,2
istianti,1,2
sambirejo,1,3
dilerai,1,2
pekarja,1,2
mendaoatkan,1,5
mendekatnya,1,2
adita,1,2
incomer,1,2
hanny,1,2
josua,1,2
nainggolan,1,4
utkk,1,2
yuskar,1,2
radianto,1,2
dipacpatching,1,4
begituan,1,2
hirupteh,1,4
araso,1,2
mengebut,1,2
arwin,1,2
melaunching,1,3
maxxis,1,3
gsscooter,1,4
bordes,1,2
dewiharyanto,1,3
idza,1,2
tangkal,1,2
posthink,1,3
assesmen,1,2
isolated,1,3
panjangrejo,1,2
pundong,1,2
sianturi,1,2
commercial,1,3
indola,1,2
initapi,1,2
menungguu,1,2
resinya,1,2
menai,1,2
delangxx,1,3
wonoxx,1,3
energizenya,1,3
alfredo,1,2
khusyuk,1,2
dilatarbelakangi,1,2
yenny,1,2
minihidro,1,3
guci,1,2
bungin,1,2
destry,1,2
pertir,1,2
sblm2nya,1,4
pemiliharaan,1,2
arvin,1,2
meka,1,2
enembe,1,3
pii,1,2
mantebs,1,3
reaktifasi,1,2
bawak,1,2
bliz,1,2
pencahayan,1,2
joop,1,2
konfirmasi2,1,2
6gb,1,2
kaacau,1,3
ajs,1,2
bgusnya,1,2
k20,1,2
kolektiv,1,3
warbiasa,1,2
dibangga,1,3
cugenang,1,3
burst,1,2
diboongin,1,3
multitalen,1,3
bimoku,1,2
begimane,1,3
informasina,1,2
seemua,1,3
plyannyanperlu,1,6
ibun,1,2
vlive,1,3
hix,1,2
mengaspal,1,2
monarki,1,2
forkopimda,1,4
sutarmidji,1,3
duluxe,1,3
parentingnya,1,2
huru,1,2
mmbunuh,1,3
metallic,1,2
isepan,1,2
bladus,1,3
obengku,1,2
dyas,1,2
mendidiknya,1,2
absence,1,2
seizure,1,3
ruksamin,1,3
benu,1,2
agoes,1,2
dck,1,2
pecicilan,1,3
epick,1,2
doityourself,1,4
lauras,1,2
sirodjuddin,1,4
gagara,1,2
bade,1,2
otomatisasinya,1,2
reputable,1,2
1600cc,1,2
switc,1,3
goals,1,2
maticnya,1,2
subsidiary,1,2
baruterbarukan,1,4
pecus,1,2
evidance,1,3
sids,1,2
kotaku,1,2
highlight,1,2
leorio,1,2
hisoka,1,2
illumi,1,2
selebgram,1,2
milluki,1,2
kepak,1,2
hvac,1,3
syntax,1,3
waduhhsyang,1,3
rp14,1,2
oxigen,1,2
sooko,1,2
kompenen,1,3
ngebor,1,2
keran2,1,3
beralihnya,1,2
grk,1,2
nathutabarat,1,4
yuanitaratna,1,4
targetan,1,2
rmhnya,1,2
ketidakhatihatian,1,4
gantu,1,2
bantai,1,2
triumph,1,3
karon,1,2
faried,1,2
dbalik,1,2
gmb,1,2
risda,1,2
synthiasaliwir,1,5
andriekadier,1,4
saddan,1,2
jeringan,1,2
desra,1,2
webinar,1,2
scrambler,1,3
tempong,1,2
dempulan,1,3
rezha,1,2
hooli,1,2
sksk,1,2
joanne,1,3
tutupoli,1,2
spuyer,1,3
kurapika,1,3
kriminologi,1,2
ghazaly,1,3
rayes,1,2
sipapun,1,2
mawastiti,1,3
sakno,1,2
trubus,1,3
kalluto,1,3
jurusanmu,1,2
wedok,1,2
berliana,1,2
bdf,1,2
kubeli,1,2
killua,1,2
ngekor,1,2
dadit,1,2
risma,1,2
ngebedain,1,3
gitudeh,1,3
tini,1,2
8jt,1,2
control2,1,2
focused,1,2
eletrifikasi,1,3
hllo,1,3
cermee,1,2
afirmasinya,1,3
disblh,1,3
lengang,1,2
vianney,1,3
elisa,1,2
aseh,1,2
terminator,1,2
otomotifnya,1,2
sino,1,2
60jtan,1,3
berujar,1,2
orngny,1,2
hasbi,1,2
juliusjonathan,1,5
trnsmisi,1,4
orngnya,1,2
goalmu,1,2
sedasar2,1,3
kaan,1,2
lubi,1,2
pemeliaraan,1,3
jlqpos,1,3
suamiq,1,2
17mbps,1,3
nasrul,1,2
aldasko,1,3
disesali,1,2
parisiwata,1,3
miband,1,2
understand,1,2
sinyl,1,2
bgusbdan,1,4
ditempelin,1,2
meupakan,1,2
palpasi,1,2
djack,1,2
ampiun,1,3
returns,1,2
indomesia,1,2
dimutasi,1,2
ngarahinnya,1,3
ngajuan,1,2
lolasi,1,2
cekk,1,2
a73,1,2
traction,1,3
dikembangin,1,3
kiyap,1,3
andrie,1,2
dapid,1,2
nitroriyadi,1,3
anjiing,1,3
sandat,1,2
membahayak,1,2
ditsribusi,1,3
amril,1,2
balki,1,2
donna,1,2
dania,1,2
exxon,1,2
murag,1,2
talkshow,1,2
nursuci,1,3
perwendha,1,3
yusup,1,2
belaga,1,2
satriya,1,2
gaby,1,2
dikwatirkan,1,4
elfira,1,2
teknopren,1,3
teknoin,1,2
technopark,1,4
antek2nya,1,4
c70,1,2
taris,1,2
semeton,1,2
4jutaan,1,3
malahayati,1,2
techno,1,2
ndan,1,2
zuardi,1,3
indru,1,2
pafecta,1,4
ajie,1,2
accelera,1,3
ketidaknyamanannyaya,1,3
sanggrahan,1,2
maghriza,1,3
franklin,1,2
oksa,1,2
c92,1,2
benly,1,2
haneul,1,3
yara,1,2
brothers,1,2
bnbr,1,2
mencuil,1,3
adel,1,2
shilvia,1,3
yosua,1,2
fahrur,1,3
sandhy,1,2
boby,1,2
screening,1,2
potential,1,2
husband,1,2
screeningnya,1,2
eksisting,1,2
gering,1,2
daek,1,2
kreditanstalt,1,4
wiederaufbau,1,5
muhtamar,1,3
hidrolika,1,2
wakakakak,1,3
nafisah,1,2
hdl,1,2
kontroll,1,2
jelaz,1,2
ngelama2in,1,4
dicht,1,2
ug4,1,2
blarr,1,2
empukk,1,2
abud,1,2
cikedokan,1,3
dhika,1,2
cellini,1,2
amelia,1,2
ahmada,1,2
hydrated,1,2
aerodinamika,1,3
wolff,1,2
erbe,1,2
viandra,1,3
naufal,1,3
hudha,1,2
subbituminous,1,4
mensuplai,1,2
jenie,1,2
septya,1,2
andry,1,2
minie,1,2
rngga,1,3
fiat,1,2
1800cc,1,2
200cc,1,2
extrafan,1,2
pengukuhannya,1,2
ekeltroniknya,1,4
cmiiw,1,3
suradita,1,3
wsbk,1,2
mva,1,2
inceran,1,2
otospector,1,3
bonjour,1,3
ambis,1,2
adri,1,2
simplenya,1,2
pakarnya,1,2
kepakaran,1,2
medco,1,2
budiyanto,1,2
zhafira,1,3
penelitan,1,2
sewatama,1,3
tahun1959,1,3
emblem,1,2
nanges2,1,3
serep,1,2
mido,1,2
dimi,1,2
2x25,1,3
dwiwarna,1,2
mushalla,1,2
teplokin,1,3
koentji,1,3
kamoh,1,2
jairngan,1,3
yoko,1,2
ilin,1,2
lung,1,2
mesen,1,2
ndek,1,2
kejer,1,2
fasade,1,2
concourse,1,3
captiva,1,2
headnya,1,2
pemanen,1,2
fariz,1,2
niken,1,2
duyu,1,2
ngadongeng,1,3
nonsetop,1,3
febi,1,2
anoa,1,2
tutupi,1,2
susah2x,1,3
motir,1,2
1jeti,1,3
canvas,1,2
2jeti,1,3
strokeup,1,2
bagian2,1,2
kuda2,1,2
masculine,1,3
urge,1,2
tronton,1,3
m22tzcb,1,5
tindka,1,2
ditiban,1,2
yola,1,2
lelel,1,2
matoangin,1,3
disektor,1,2
ap2t,1,3
polepel,1,3
nyam,1,2
seoerti,1,3
miih,1,2
memanf,1,2
mediasosial,1,3
nhtsa,1,3
bgha,1,2
sudahpun,1,2
blenk,1,2
rabiul,1,2
ahklak,1,3
ditangguh,1,2
consumers,1,2
kajang,1,2
betiri,1,2
gng,1,2
kenappa,1,3
hloo,1,3
kuatis,1,2
konjungsi,1,2
temporal,1,2
visiting,1,2
visited,1,2
outage,1,2
umj,1,2
mbau2,1,3
taufan,1,2
jondra,1,3
shafira,1,2
jbrfess,1,4
mereferensikan,1,2
plud,1,2
2x87,1,3
siag,1,2
shgga,1,3
candisari,1,2
nyilem,1,2
during,1,2
dibali,1,2
knocking,1,3
pematik,1,2
digaet,1,3
mlati,1,2
diservice,1,3
wta,1,2
tercebur,1,2
rayakan,1,2
hyatt,1,2
dami,1,2
terdeteks,1,3
majuli,1,2
insyalloh,1,3
cb150r,1,3
bostel,1,2
magnetnya,1,2
195rb,1,2
diddle,1,3
vice,1,2
sunatullah,1,2
kauniyah,1,3
istem,1,2
doble,1,2
jring,1,2
injectornya,1,3
injector,1,2
polrestabes,1,2
mulnomin,1,3
dmnya,1,2
nahdia,1,2
adhani,1,2
amanpun,1,2
mensukseskan,1,2
firasatku,1,3
bosowa,1,3
bosnya,1,2
tabuantanggamus,1,4
klausul,1,2
kecewwa,1,3
tabuan,1,2
penggadaan,1,2
sinung,1,2
mecapai,1,2
aplikadihnya,1,4
gopaylater,1,4
persolaan,1,3
rida,1,2
skirt,1,2
pasarsenen,1,3
sabangko,1,2
ramha,1,2
palas,1,2
expertalk,1,2
ayoberbagi,1,2
peringkatku,1,2
afandi,1,2
sjamsuddin,1,3
sktt,1,2
sinergitas,1,2
ndash,1,2
siujptl,1,4
kumudasmoro,1,4
gedebage,1,3
3jta,1,3
plastiknya,1,2
asistant,1,3
mojoanyar,1,3
gamma,1,2
khansa,1,2
tbi,1,2
utbk,1,2
brebet,1,2
kendalah2,1,3
gubsu,1,2
throttle,1,3
dibersihin,1,3
mediana,1,2
meramu,1,2
mengkomunikasikan,1,2
heula,1,2
1300cc,1,2
30juta,1,2
surpresnya,1,3
wiken,1,2
yel2,1,3
sumarna,1,2
fakhri,1,3
radit,1,2
penggiringan,1,3
opininya,1,2
wtp,1,2
akdanfkdjasfkasfka,1,10
relevankah,1,2
casis,1,2
mengefisiensikan,1,3
poskota,1,2
dispet,1,2
pikachu,1,3
bergesekan,1,3
923i6nl,1,6
ipdm,1,2
rapot,1,2
ratnasari,1,2
perahaan,1,2
negarayaitu,1,2
intensifikasi,1,2
kutisari,1,2
drl,1,2
nggatheli,1,3
ngganti,1,3
recycle,1,2
taan,1,2
pnybabnya,1,3
2besi,1,3
aaah,1,2
tanggumg,1,3
tahlilan,1,2
stepbystep,1,4
lebatnya,1,2
diterangin,1,2
yudhis,1,2
karoseri,1,3
alat2nya,1,3
marketplacetambahkan,1,4
kampretnya,1,3
deskripsikan,1,2
adatang,1,2
dipapua,1,3
nbx,1,2
nanggulanginya,1,4
silid,1,2
dipatahkan,1,2
kejelasaan,1,3
ress,1,2
2kwh,1,3
kekeruhan,1,2
nebus,1,2
masalahnyaa,1,2
mangkubumi,1,3
seribut,1,2
conveyor,1,3
singguh,1,2
tetapii,1,2
ahlan,1,2
wattnya,1,2
cangihnya,1,4
buronan,1,2
sahran,1,2
minatnya,1,2
kontroller,1,2
hemoglobinnya,1,2
pembangungan,1,2
glodakan,1,3
kesediannya,1,2
yulinda,1,3
buron,1,2
greenfield,1,2
promotor,1,2
akhlaknya,1,2
pkwu,1,2
async,1,2
aeronautika,1,4
danain,1,2
nunik,1,2
dahla,1,2
dasar2nya,1,3
hambatan2,1,2
suitable,1,3
diasosiasikan,1,2
tolongnya,1,2
mlg,1,2
dilakoni,1,2
opomaneh,1,3
bayarane,1,2
pgas,1,2
pabrikannya,1,2
arsi,1,2
ngrus,1,2
drajat,1,2
smh,1,2
didikitin,1,2
ndodok,1,2
carmuk,1,3
cabin,1,2
i7,1,2
bedalah,1,2
scania,1,2
genuine,1,3
excelso,1,2
ulujami,1,3
balecatur,1,3
syahrian,1,2
woyla,1,3
tarung,1,2
damage,1,2
ghina,1,2
mranggen,1,3
amperawati,1,2
prisa,1,2
metha,1,2
karman,1,2
extraordinary,1,4
didoakan,1,3
ingg,1,2
beginner,1,2
yzm,1,3
gakmau,1,2
mengaliri,1,2
kinematika,1,2
flux2an,1,4
curler,1,2
catokan,1,2
hl,1,2
bb531,1,3
hedsetan,1,3
walfaidzin,1,4
semaunyamaafin,1,4
concept,1,2
kymco,1,3
lumens2an,1,4
ryskyvebriyan,1,6
pemerinth,1,2
temen2ku,1,3
glintir,1,2
mnghidupi,1,3
soshum,1,2
thoriqul,1,3
inlet,1,2
mariki,1,2
pikap,1,2
aryadana,1,3
tunggulsari,1,3
biroadpim,1,4
voltmeter,1,2
nyindir,1,3
promoin,1,2
kozi,1,2
ototnya,1,2
nvidia,1,2
glx,1,2
merapika,1,2
wonodri,1,3
dipompa,1,2
gridless,1,2
diliat2,1,2
kulkasnya,1,2
panase,1,2
sedekat,1,2
bulungcangkring,1,5
parking,1,2
horex,1,2
bakpao,1,3
lailahailallah,1,4
nasinya,1,2
tetes2,1,2
merhatikan,1,2
eid,1,2
bediam,1,2
profitnya,1,2
45jt,1,2
awkaowlak,1,4
enginenya,1,2
animator,1,2
terkencang,1,3
gerbongnya,1,2
rodanya,1,2
effects,1,2
chery,1,2
trafficking,1,2
hayylife,1,3
catok,1,2
pelurus,1,2
straightener,1,2
fmcg,1,2
dimaafin,1,3
sewanya,1,2
berseteru,1,3
seanjing,1,4
kagetin,1,2
fansign,1,2
gensetnya,1,2
wrwrwr,1,3
ngebedakan,1,2
diangsur,1,3
kzl,1,3
lbp,1,2
technik,1,2
ngalirin,1,3
dilogika,1,3
membahayakn,1,3
fasum,1,2
pmerintah,1,3
benalu,1,2
menafikan,1,2
xavier,1,3
terjelek,1,2
10cm,1,2
rp66,1,2
tentatif,1,2
sudimara,1,3
goyah,1,2
kediktatoran,1,4
digadoin,1,3
gasalah,1,2
amrik,1,2
jelema,1,2
mandalay,1,2
haiyyah,1,2
cekikikan,1,3
panggilnya,1,2
ikonik,1,2
shitty,1,3
kupegang,1,2
kuhalangi,1,3
dijadin,1,2
innalillahi,1,4
banh,1,2
alogami,1,3
kosongan,1,2
ronda,1,2
kosnya,1,2
selca,1,2
msinfo,1,3
prsediaan,1,3
mnemukan,1,2
thuttag,1,3
nurfa,1,2
diinfromasikan,1,4
keperuntukan,1,2
menaksir,1,2
roommate,1,3
unhas,1,2
naksirr,1,3
hahahahahahah,1,2
oalaahh,1,3
majuin,1,2
leletan,1,2
moderasi,1,2
haechan,1,3
arrghh,1,3
keyu,1,2
plesiran,1,3
plesir,1,2
adus,1,2
barter,1,2
kubetot,1,3
pertamini,1,2
cushion,1,3
nggrundel,1,3
buru2in,1,3
diburu2in,1,3
sendiri2,1,2
basinger,1,3
ratenya,1,2
tikusnya,1,2
digigitin,1,2
seharidua,1,2
geletakan,1,2
toggle,1,2
ateez,1,3
gerudukan,1,2
syp,1,2
kulihatnya,1,2
yemen,1,2
2an,1,2
nonon,1,2
dicolok,1,2
piramid,1,2
ueee,1,2
dinginnya,1,2
anjaz,1,2
kedepananya,1,2
globalosasi,1,3
potentially,1,3
setos,1,2
lajunya,1,2
eyeliner,1,2
tengah2,1,2
selurer,1,3
icocect,1,3
kontl,1,2
instalkan,1,2
terhapa,1,2
tehnikogi,1,2
zamanya,1,2
dapag,1,2
tekejut,1,3
antian,1,2
deactive,1,3
ottp,1,2
fikom,1,2
keken,1,2
sawahan,1,2
terpaksaa,1,2
tetangga2nya,1,3
dankata,1,2
mentoknya,1,2
tokcerr,1,3
gedean,1,2
bbp,1,2
kegirangan,1,3
subdistrict,1,4
zambia,1,2
zambezi,1,3
ngumpulne,1,2
kuwi,1,2
masalahe,1,2
genine,1,2
terusno,1,2
keuntungam,1,4
nyebloki,1,4
utowo,1,2
ndrawasi,1,3
mahayani,1,2
liyan,1,2
sungkeman,1,2
cocoa,1,2
walton,1,2
aftersales,1,3
xioami,1,3
o2,1,2
75mbps,1,3
203rb,1,2
rumtang,1,2
selenoid,1,3
dryernya,1,2
makeupan,1,2
bhn,1,2
inima,1,2
suhat,1,2
jemuran,1,2
vidcall,1,3
temenny,1,2
hareudang,1,3
zepetto,1,3
manusya,1,2
kecengklak,1,4
linglung,1,2
diworo2,1,3
difugsikan,1,3
spele,1,2
panas2nya,1,3
menggelontorkan,1,4
ngegolin,1,3
ngematiin,1,3
dicas,1,2
hudang,1,2
sare,1,2
kendeng,1,2
sumuk,1,2
8kg,1,2
yangon,1,2
orgil,1,2
ngebel,1,2
kedungumpul,1,2
pendaptan,1,3
bisabisanya,1,2
petasan,1,2
gegayaan,1,2
engsel,1,2
berlaci,1,2
softclose,1,3
plywood,1,3
antirayap,1,3
spatula,1,3
ewt8078k6wa,1,7
380kg,1,2
walking,1,2
rp950,1,3
yotoagrodita,1,5
taqoballahu,1,3
minna,1,2
minkum,1,2
bcs,1,2
maafan,1,2
mabokan,1,2
fayakun,1,3
ngejaga,1,2
nglarang2,1,3
postinganmu,1,2
bfr,1,2
starship,1,2
ditmabah,1,3
jiawei,1,2
astronot,1,2
minatmu,1,2
pmj,1,2
dipanasin,1,2
kepiye,1,3
jorgen,1,3
opal,1,2
jatuhin,1,2
ngancam2,1,3
esleystor,1,4
soklat,1,2
atausalah,1,2
tangkring,1,2
pecangaan,1,3
somawinata,1,3
tanimulya,1,3
dikonci,1,3
selipin,1,3
370watt,1,4
gree,1,2
daikin,1,2
iptv,1,2
bersyukurr,1,2
sayy,1,2
segimana,1,2
dijunjung,1,2
strada,1,2
solutrindo,1,4
consulting,1,2
pakusarakan,1,3
horror,1,2
pinjeman,1,2
galuu,1,2
badmood,1,2
emosian,1,2
piranha,1,2
stabill,1,2
ibukmu,1,2
muntilan,1,2
ngebatin,1,2
milyader,1,3
rariweuh,1,4
baksos,1,2
adekku,1,2
dingin2nya,1,3
tidur2,1,2
gaist,1,2
hps,1,2
safsolv,1,3
novec,1,2
dielektrik,1,3
midea,1,2
meo,1,2
10bdw,1,3
grabak,1,2
grubuk,1,3
gangster,1,2
ngucapin,1,3
bentong,1,2
smwnya,1,3
mkst,1,2
lesbi,1,2
selop,1,2
terompe,1,3
belur,1,2
berabe,1,2
shiamana,1,2
shiamakum,1,3
batreku,1,3
pegi,1,2
carika,1,2
mauka,1,2
starlink,1,2
diharapin,1,2
aidin,1,2
undergorund,1,3
pere,1,2
pincang,1,2
mnagbantu,1,4
biayax,1,2
sagus,1,2
mkaasih,1,3
ristik,1,2
fedback,1,2
qty,1,2
revenue,1,2
258gb,1,2
cutomer,1,2
bosk,1,2
janjiin,1,2
barujuga,1,2
2023ada,1,3
gaknyambung,1,3
bangau,1,2
su7,1,2
solvent,1,3
dorang,1,2
prr,1,2
blokiran,1,2
beuud,1,3
memasukn,1,3
aakses,1,3
rp233,1,2
cushionnya,1,4
bejirr,1,3
tenggelem,1,3
cuu,1,2
tengkas,1,2
piting,1,2
marnos,1,3
syukuri,1,2
brjam2,1,3
anabul,1,2
palinh,1,3
erdogan,1,3
lalieur,1,3
ngareluh,1,3
kilang,1,2
pemahamanmu,1,2
jotun,1,3
alderon,1,3
hargana,1,2
diluhur,1,2
pasaleman,1,2
royan,1,2
difisit,1,2
masaknya,1,2
dimodalin,1,3
gentle,1,2
zea,1,2
mays,1,2
aladdin,1,3
cowokku,1,2
sumpil,1,2
kotornya,1,2
presidennya,1,2
diusik,1,2
awowkwok,1,4
sanitari,1,2
paloma,1,2
kloset,1,2
wantutri,1,2
keairan,1,2
infogatrik,1,3
bhimasena,1,3
tlakson,1,2
sakir,1,2
peruamahan,1,3
parmasalahan,1,2
penjelasany,1,2
uus,1,2
namenya,1,2
joox,1,2
fatigue,1,3
kontraksinya,1,2
nanem,1,2
camry,1,2
maspion,1,3
gagahnya,1,2
telat2nya,1,3
ppsdm,1,2
commit,1,2
walkthrough,1,3
mwt,1,2
ambulans,1,2
fariasi,1,2
ngelurusin,1,3
undersize,1,3
awake,1,2
fesbuk,1,2
mengko,1,2
gbk,1,2
yeda,1,2
dipromosiinnya,1,3
diplomatnya,1,2
yudhatama,1,3
avega,1,2
tcu,1,2
torch,1,2
8ampere,1,3
aes,1,2
ngelamun,1,2
pasundan,1,2
selector,1,2
rambutku,1,2
dingsanak,1,3
uip3b,1,4
dependable,1,2
powerplant,1,3
pristine,1,3
pathway,1,2
elaahh,1,3
modyar,1,2
dinegri,1,3
masykur,1,2
petamburan,1,3
isnan,1,2
didiet,1,2
katalo,1,2
ngefollow,1,2
winner,1,2
summit,1,2
gebeo,1,2
parunya,1,2
metastase,1,3
aritmia,1,2
udian,1,2
kalij,1,2
libura,1,2
sumbit,1,2
tarikannya,1,2
bullet,1,2
18rb,1,2
towing,1,2
kemangkon,1,2
dekom,1,2
harlah,1,2
sanghyang,1,3
pembangkitnya,1,2
masifnya,1,2
unlocking,1,2
wowo,1,2
nyemen,1,2
ngeracik,1,3
nembok,1,2
rawatnya,1,2
ngebongkar,1,2
bliau,1,2
senon,1,2
pringgading,1,4
ngahuleng,1,3
ironman,1,2
epi,1,2
vandalisme,1,3
auditorium,1,2
dipalsu,1,3
smea,1,2
akutansi,1,2
disusur,1,2
ngejepit,1,2
simocoyo,1,3
simogirang,1,3
prambon,1,2
electrum,1,2
250cc,1,2
rcb,1,2
distbtr,1,3
krida,1,2
re3,1,2
menyetir,1,2
wakss,1,2
44wib,1,3
sblum2nya,1,4
semuaanya,1,2
legislator,1,2
shroud,1,3
demon,1,2
rgb,1,2
begel,1,2
galfer,1,2
260mm,1,2
scheider,1,3
privilege,1,3
mitigasinya,1,3
dexicon,1,3
magnetic,1,2
contactor,1,2
peugeot,1,3
jaecoo,1,3
beekaitan,1,3
developed,1,2
nayamul,1,3
fiter,1,2
whaatt,1,3
pining,1,2
sebelahku,1,2
bobber,1,2
haryadi,1,2
mlewati,1,3
disekitaran,1,2
tamatnya,1,2
tange4anh,1,5
manfaatkn,1,2
keunutngan,1,3
diketuk,1,2
bajing2,1,3
bisanambah,1,3
disjaya,1,2
infuse,1,2
andalankan,1,2
midnight,1,3
rerided,1,3
dipadang,1,2
bersampingan,1,3
tromol,1,2
resha,1,2
rd4,1,2
30juli,1,3
smalaman,1,3
uler,1,2
intinyakak,1,2
menting,1,2
diamanin,1,2
weselnya,1,2
alirkan,1,3
wl,1,2
inakuuma,1,3
sabiki,1,2
pamba,1,2
cumuk,1,2
pengeng,1,2
termos,1,2
adoro,1,2
oplos,1,2
angin2in,1,3
belanjain,1,2
bulek,1,2
cycle,1,2
100x30,1,3
100x2,1,3
200x4,1,3
arnita,1,2
manifest,1,2
virgi,1,2
kapasiatas,1,3
menggetarkan,1,3
nipa,1,2
defense,1,2
scheme,1,2
betarti,1,3
trliun,1,3
36x2,1,3
72x30,1,3
50x2,1,3
jada,1,2
jarna,1,2
ditiktok,1,3
abeg,1,2
japa,1,2
ronit,1,2
dikusi,1,2
narasinya,1,2
radaisi,1,2
beuuhh,1,3
banjirnya,1,2
kedalah,1,2
alamak,1,2
mnb,1,2
bdsk,1,2
lecture,1,2
urgently,1,3
longsoran,1,2
strukturnya,1,2
seremoni,1,2
cuaakkss,1,4
kalifikasi,1,2
robusta,1,2
jass,1,2
aglomerasi,1,3
gerkertosusilo,1,5
supaspro,1,3
dampingin,1,3
hein,1,2
yahooid,1,2
hain,1,2
hanjawar,1,3
penggabtisn,1,4
pekok,1,2
dipermudahkannya,1,3
mendat,1,2
sebodoh,1,2
assiikk,1,3
sungsang,1,2
tngl,1,2
smki,1,2
2400va,1,2
logut,1,2
ualng,1,3
oktks,1,2
b10,1,2
bero,1,2
memferifikasi,1,3
donorojo,1,2
duank,1,2
dahulun,1,2
rendy,1,2
trucuk,1,2
tidaklanjut,1,2
drof,1,2
totalitasnya,1,2
yunjin,1,2
yuqi,1,2
someone,1,2
eusebio,1,4
apy,1,2
pelo,1,2
menos,1,2
wilayahsukodono,1,4
patha,1,2
nalla,1,2
sollunga,1,3
ungalukk,1,3
sonraen,1,3
foldable,1,3
ayega,1,2
wkwwkk,1,3
lena,1,2
batangtoru,1,3
cantik2,1,2
merindu,1,3
raining,1,2
ngebayarin,1,3
jawarlalji,1,5
berlimpah2,1,2
bumbung,1,2
yard,1,2
odeng,1,2
indhiraji,1,3
otsus,1,2
keduaku,1,2
buyi,1,2
advertisement,1,2
minha,1,2
garantia,1,3
pothuni,1,3
refugu,1,2
kudha,1,2
modaletara,1,3
meaning,1,2
kecurian,1,2
germany,1,2
limbu,1,2
karega,1,2
kalyan,1,2
chesar,1,2
wanaume,1,3
miyeyusho,1,5
mtu,1,2
terrorist,1,3
meetup,1,2
cecil,1,2
spurs,1,2
wilasa,1,2
kmudahn,1,3
dijamiin,1,2
takde,1,2
tiffany,1,2
dobrak,1,2
fena,1,2
jb2,1,2
nyorakin,1,3
redacted,1,3
kamene,1,2
bhai,1,2
animu,1,2
kdrama,1,2
campur2,1,2
sempro,1,2
semhas,1,2
nyamper,1,2
sarange,1,2
thea,1,2
moka,1,2
samaan,1,2
bitch,1,2
jakarte,1,2
uniga,1,2
seiyyanum,1,4
padra,1,2
rie,1,2
jagajjagakjaa,1,6
lpm,1,2
elsie,1,2
harya,1,2
nawe,1,2
watangije,1,3
revolution,1,3
wirurwa,1,3
cepin,1,2
sheng,1,2
kuri,1,2
uvigira,1,3
aho,1,2
wicyaye,1,4
nkumusuzi,1,4
treadnya,1,3
analea,1,2
hajafika,1,3
adopt,1,3
nganggap,1,2
penebusan,1,2
berkelana,1,2
muani,1,2
lowker,1,2
expected,1,2
dominican,1,2
sokor,1,2
fhat,1,2
ngehh,1,2
bingungtrs,1,3
jokenya,1,2
saudariku,1,2
lagan,1,2
miaka,1,2
metatu,1,2
anahangaiaka,1,4
wanawake,1,3
mungo,1,2
jamani,1,2
khee,1,2
ikeja,1,2
heman,1,2
hoolldd,1,3
fkme18umq2tlxhes3ufdqzvuprc9bsolpmdid3ihpump,1,28
tuhkan,1,2
chutiya,1,3
tumlong,1,2
breat,1,2
nafaa,1,2
wale,1,2
suraksha,1,3
krte,1,2
hota,1,2
hatane,1,2
ditt,1,2
earlnya,1,3
uje,1,2
misquotes,1,3
naua,1,2
miyuko,1,3
mechi,1,2
adat2nya,1,3
shuga,1,2
asali,1,2
erbaru,1,2
kakadane,1,3
twt,1,2
capeekk,1,3
dodoma,1,2
kenye,1,2
kwangu,1,3
usikum,1,2
opay,1,2
sukaanku,1,3
sorosoke,1,3
yudikatif,1,3
balo,1,2
bondingnya,1,2
unawakumbuka,1,4
mamacita,1,3
seiman,1,2
dengerinnya,1,2
indosub,1,2
gzwht4klrekd35gtkn1c6dtazatwkluh3xkgsviwzuqt,1,30
anjenkkll,1,4
mencar,1,2
nenanginnya,1,3
bobbo,1,2
ijjath,1,3
tikaku,1,2
vadiley,1,3
whatsaap,1,3
ngerasanya,1,2
ajayjaiswal50,1,6
tajem,1,2
niazi,1,2
cwo,1,2
gantengku,1,2
prada,1,2
kidz,1,2
rambutmu,1,2
puka,1,2
compare,1,2
chesi,1,2
sempre,1,2
merda,1,2
ossxl,1,3
dureza65,1,4
noo,1,2
setanah,1,2
mubarak,1,2
beneren,1,2
roho,1,2
udaipur,1,3
mimi,1,2
nayo,1,2
ukiskia,1,3
masofi,1,2
matter,1,2
donorati,1,2
wonpil,1,2
mmf,1,2
batagor,1,2
bunting,1,2
elus,1,2
jossgawin,1,3
guinzly,1,4
cacah,1,2
wereng,1,2
prestiani,1,2
hermano,1,2
homophobic,1,4
fede,1,2
vini,1,2
mbappe,1,3
kedlmn,1,3
bhi,1,2
cewek2,1,2
sukunya,1,2
whoop,1,2
buna,1,2
cinema,1,2
hotma,1,2
menduku,1,2
memorable,1,2
manyonyois,1,3
malcom,1,2
orey,1,2
agata,1,2
jata,1,2
smjhti,1,4
bilkul,1,2
ganyangka,1,3
manchild,1,2
sementok,1,2
dhan,1,2
dinemate,1,3
mampuz,1,2
tombe,1,2
mutualan,1,2
diomongin,1,3
dates,1,2
muscle4muscle,1,5
twink4twink,1,5
generalization,1,3
mangi,1,2
wife,1,2
yuy,1,2
disawer,1,3
pakistanijeet,1,3
laring,1,2
iranian,1,2
takpe,1,2
rectifier,1,3
hue,1,2
uri,1,2
jinten,1,2
ramean,1,2
ngjk,1,2
ngedukung,1,2
kampungan,1,2
baratdaya,1,2
pasamanbarat,1,3
americano,1,2
aow,1,2
cpl,1,2
amnjaayy,1,3
bekel,1,2
nganterin,1,3
nyampul,1,3
djalo,1,2
veririz,1,3
bahterah,1,2
saeguk,1,3
liaa,1,2
hga,1,2
kengnamping,1,3
mms,1,2
dni,1,2
sanking,1,2
nahannya,1,2
diusahain,1,3
sange,1,2
badboy,1,2
centil,1,2
pral,1,2
nuntun,1,3
bzjbcj48ydhwk4d52awchb4evmgwhrsu3zrlsgfhn7nx,1,32
mungu,1,2
lipata,1,2
akibanya,1,2
ndio,1,2
akaamua,1,3
kumpeh,1,2
gorkrgj6k4k449qa4ef1nawc5cnlqtmsveikhpgn7fc,1,30
10ribuan,1,3
utaradi,1,2
hivi,1,2
karibuni,1,3
postingna,1,2
elen,1,2
lelanguan,1,2
bmx,1,2
ekek,1,2
paddle,1,3
jake,1,2
dilupain,1,3
diplomacy,1,2
modi,1,2
krta,1,2
kws,1,2
mututho,1,3
clearly,1,2
makacii,1,3
croot,1,2
yupi,1,2
softlens,1,3
maskeran,1,2
baketri,1,2
rahi,1,2
paraya,1,2
yaela,1,2
bwahahahahaha,1,3
celetuknya,1,3
bucket,1,3
sikumaanisha,1,3
watakupika,1,3
wanampikaga,1,4
urusana,1,2
petrified,1,3
singkup,1,2
burke,1,2
lahore,1,2
kuwait,1,2
dikangenin,1,3
dipelukan,1,2
ingt,1,2
inisiatf,1,3
klanjutannya,1,3
m3mang,1,4
jps,1,2
ajarnya,1,2
bangut,1,2
eua,1,2
trb,1,2
kmungkinan,1,4
inginkn,1,2
celular,1,2
didunakan,1,3
berjualannya,1,2
peecaya,1,3
abe11,1,2
janab,1,2
endia,1,2
kangluland,1,3
bermesraan,1,2
jihadan,1,2
para2,1,2
dekengan,1,2
muahh,1,2
jerusalem,1,3
ditindas,1,3
selelu,1,3
gantengnya,1,2
brewok,1,2
taroh,1,2
sadd,1,2
khh,1,2
maapin,1,2
shap,1,2
tandain,1,2
ngecetak,1,2
momongan,1,2
ngerangkap,1,2
infografis,1,3
netanyahu,1,3
pasminah,1,3
cosmos,1,2
poyoyoi,1,4
jju,1,2
banty,1,2
usko,1,2
captain,1,2
tired,1,2
nanay,1,2
raisha,1,2
chup,1,2
naam,1,2
mahe,1,2
kusiapin,1,3
beramgkat,1,4
taraweh,1,2
brahma,1,2
yoongi,1,2
jejeli,1,2
jedai,1,2
30k,1,2
galih,1,2
bocahnya,1,2
pandam,1,2
goku,1,2
tuff,1,2
dips,1,2
biraseke,1,3
cyane,1,2
birakwereka,1,5
khatam,1,2
dante,1,2
byoroshe,1,4
confess,1,2
vitu,1,2
runa,1,2
gembrot,1,2
karepe,1,3
regenerative,1,3
anxiety,1,3
hahh,1,2
mossok,1,3
khaann,1,2
pewahyu,1,3
raumur,1,2
bodo2,1,3
kwiruka,1,3
bintu,1,2
announce,1,4
komplekku,1,2
soobjun,1,3
kutayasa,1,3
sumpa,1,2
alone,1,2
fireflies,1,2
shine,1,2
rasah,1,2
tamune,1,2
menjadwalkan,1,2
parbet,1,2
gosokan,1,2
limbangan,1,2
mmh,1,2
sitter,1,2
namidras,1,3
elah,1,2
sempet2,1,2
mbantul,1,3
dipilah,1,2
pilah,1,2
wkwkwkk,1,2
oplosan,1,2
ciracap,1,2
kuching,1,2
blimbingrejo,1,4
wargamu,1,2
yuji,1,2
ngekost,1,3
exclude,1,3
jorr,1,2
derri,1,2
ctm,1,2
kasa,1,2
islah,1,2
problematic,1,2
romance,1,2
ubuse,1,2
abantu,1,3
sijine,1,3
nyenengno,1,4
deflasi,1,2
gdp,1,2
kosannya,1,2
pasimasunggu,1,3
rengga,1,2
denza,1,2
d9,1,2
lmpv,1,3
salfok,1,3
grillnya,1,2
seefisien,1,4
ditabok,1,2
gepuk,1,2
gembus,1,2
velocity,1,2
tauk,1,2
rungsing,1,3
nendang,1,2
dimaafkan,1,2
mobelejen,1,3
hehh,1,2
adol,1,2
ngehighlight,1,3
fansnya,1,2
rencengan,1,3
lifetime,1,2
midday,1,2
ngebom,1,2
tya,1,2
cuhh,1,2
prettily,1,3
kosku,1,2
makosa,1,2
kukubali,1,2
mwanamke,1,3
akuke,1,2
nyumbat,1,2
yake,1,2
yako,1,2
iyi,1,2
makino,1,2
twahoraga,1,4
tuyikina,1,4
tukri,1,2
abana,1,2
nikienda,1,3
kufollow,1,4
alafu,1,2
nine,1,2
following,1,2
kidogo,1,2
sa3dat,1,3
3a,1,2
ilt,1,2
ketatnya,1,2
soch,1,2
rha,1,2
dekha,1,2
lakin,1,2
waha,1,2
downfall,1,3
jusssaying,1,4
imwe,1,2
yifirimbi,1,4
nkagahinja,1,3
banacumbagira,1,5
bananiwe,1,3
yukina,1,2
nuko,1,2
boxer,1,2
tamon,1,2
idolm,1,2
muse,1,2
lisensinya,1,2
unpacked,1,3
ilfeel,1,3
hoek,1,2
bakubise,1,3
berempatan,1,2
llet,1,2
tamam,1,2
izinn,1,2
dintenpel,1,3
qwer,1,2
s25,1,2
bashonje,1,3
prakirawan,1,3
wacha,1,2
officially,1,2
71mfkdepwywxtif1mqu2aacdmknkun664z2vem2xpump,1,29
allahuakbar,1,3
solara,1,2
anil,1,2
nalanda,1,2
apni,1,2
bhj,1,2
fikr,1,2
rae,1,2
amina,1,2
strech,1,2
185k,1,2
okeii,1,2
khammam,1,3
kiryu,1,2
yongyea,1,3
parcok,1,2
lokalan,1,2
ooga,1,2
penuhh,1,2
kaak,1,2
xr,1,2
niitaka,1,3
nimwambie,1,4
hiyo,1,2
elimu,1,2
inahitajika,1,4
kila,1,2
vacha,1,2
wahhab,1,2
fattah,1,2
razzaq,1,3
maqbul2,1,3
dikabulkannya,1,2
diibaca,1,2
dlmn,1,2
ngendara,1,3
bebeb,1,2
bininy,1,2
memories,1,2
sonathula,1,3
kerumbok,1,2
havent,1,2
minute,1,2
difficulties,1,4
masathula,1,3
poi,1,2
adunava,1,3
thane,1,2
hojyga,1,4
varu,1,2
disakiti,1,2
vamoos,1,3
mahadeva,1,3
pengambilannya,1,2
maksudnye,1,2
mermaid,1,3
unma,1,2
iruka,1,2
illa,1,2
rendu,1,2
melampui,1,3
gebiar,1,2
pulau2,1,2
traugraed,1,4
hpsaya,1,2
wht,1,2
370rb,1,3
haven,1,2
pendekatannya,1,2
persuasif,1,2
diindahkan,1,2
dikoment,1,2
dipsang,1,2
trpksa,1,3
teriakasih,1,2
pesan2,1,2
aie,1,2
kupret,1,2
125k,1,2
sodakoh,1,3
perush,1,2
streamline,1,2
narahubung,1,3
pusas,1,2
daatkan,1,2
vibenya,1,2
berantem,1,2
berhentinya,1,2
urusku,1,2
jodohku,1,2
siapalagi,1,2
mnah,1,2
akunanda,1,2
kunjakuno,1,3
burqa,1,2
hona,1,2
chahiye,1,3
makaa,1,2
monorel,1,2
berurat,1,2
ovt,1,2
menggulingkan,1,2
berkobar,1,2
carplay,1,2
zamn,1,2
proceed,1,2
skun,1,2
makana,1,2
melaporgangguan,1,4
welp,1,2
mundhakir,1,3
uik,1,2
perjalananmu,1,2
diru,1,2
tpln,1,2
ingatannya,1,2
figured,1,2
kuro,1,2
oran,1,2
makame,1,2
partha,1,2
carwash,1,3
amarta,1,2
semisalkan,1,2
beremanfaat,1,3
dangn,1,2
ngakakk,1,2
nenangin,1,2
epicentrum,1,4
ketangguhannya,1,3
70ribuan,1,3
semono,1,2
vigi,1,2
stei,1,2
unakan,1,2
surbakti,1,3
brandgang,1,3
temenan,1,2
paton,1,2
disajikann,1,2
jeroan,1,2
lucuk,1,2
kegiat,1,2
mrp,1,2
robotic,1,2
neww,1,2
venom,1,2
diinformsikan,1,3
dablek,1,2
ahas,1,2
70rebu,1,3
pec3nongan,1,4
paramotor,1,2
berhad,1,2
tnb,1,2
digerakin,1,2
ngantri2,1,3
berulah,1,2
okei,1,2
swangat,1,2
trganggu,1,4
manuvernya,1,2
azul,1,2
theresia,1,2
mgl,1,2
kaligesing,1,3
smtr,1,2
whatspp,1,2
dalihnya,1,2
duluin,1,2
pknya,1,2
abaykan,1,3
magus,1,2
ndiri,1,2
supraba,1,2
dangin,1,2
kaje,1,2
melakukana,1,2
trouble2,1,3
sukamandi,1,2
hyginus,1,3
pratowo,1,2
lanjutmelaui,1,3
masanger,1,3
clearchache,1,3
mengahdirkan,1,2
dilihatkan,1,2
thya,1,2
40m,1,2
1250rb,1,3
makotoopp,1,3
holec,1,2
mogokan,1,2
ts2,1,2
redline,1,2
ngapaen,1,3
sludge,1,3
makaanan,1,2
plastikin,1,2
kasurnya,1,2
miringin,1,2
tututp,1,3
carport,1,2
furnish,1,2
glowing,1,3
airflow,1,3
28m,1,2
kayana,1,2
rafinsyira,1,4
royek,1,2
lues,1,2
re1,1,2
fendy,1,2
ener,1,2
mileage,1,3
ratas,1,2
hydrogen,1,2
pumped,1,2
hydro,1,2
sutandar,1,2
metrik,1,2
elektriknya,1,2
jejepangan,1,3
erni,1,2
sehoror,1,3
kejepit,1,2
takutkan,1,2
kendarai,1,2
basement,1,2
ers,1,2
bludru,1,3
terdesentralisasi,1,5
daleman,1,2
seenggak2nya,1,5
igniting,1,2
porensi,1,2
diangakt,1,3
maal,1,2
asbun,1,2
keceriaan,1,2
jungleland,1,3
kepercayaannya,1,2
epaper,1,2
erakini,1,3
syuradikara,1,3
smgt,1,3
fani,1,2
babinsa,1,3
salamrejo,1,2
koramil,1,2
sertu,1,2
bustami,1,3
instrumennya,1,2
yearly,1,2
costnya,1,2
tahunannya,1,2
ngeletek,1,2
gondol,1,2
orikintil,1,3
lexy,1,2
bengkelnya,1,2
pcx,1,2
afif,1,2
reena,1,2
tidursekeluarga,1,4
dicampervan,1,4
mbek,1,2
ngamatin,1,3
dimobil,1,2
campervan,1,3
darikijang,1,3
gimbot,1,3
gamewatch,1,2
defence,1,2
munitions,1,3
leptop,1,2
tropica,1,2
loose,1,2
untested,1,3
berkerut,1,2
125rb,1,2
400gr,1,2
claudia,1,3
bluertti,1,3
exited,1,2
bernada,1,2
bayangke,1,2
numpak,1,2
refuel,1,2
bengsin,1,2
jerigen,1,2
50l,1,2
kerendem,1,2
itit,1,2
ngojol,1,3
hancur2an,1,3
maranatha,1,3
handrawan,1,3
penjuang,1,2
tws,1,2
freego,1,2
135cc,1,2
porting,1,2
polish,1,2
tubles,1,2
gaet,1,2
nuryanti,1,2
pride,1,2
abrak2,1,3
kecekik,1,3
hastono,1,3
aerox,1,2
sepul,1,2
bruh,1,2
italiano,1,2
engineers,1,2
rafika,1,2
natul,1,2
ipan,1,2
c800,1,2
supercup,1,3
plati,1,2
messy,1,2
ninda,1,2
bener2innya,1,3
semepet,1,2
nanda,1,2
pojokan,1,2
reti,1,2
malas2an,1,3
mendapatkam,1,2
sebagay,1,2
lanjutvia,1,2
spooring,1,3
harting,1,2
sebastian,1,3
membatik,1,2
cangkul,1,2
kejatisu,1,2
43jt,1,2
derr,1,2
ulin,1,2
syauki,1,2
gpib,1,2
kepengen,1,2
haye,1,2
rover,1,2
sipit,1,2
tlogoadi,1,3
setauku,1,3
kemasukan,1,2
mirrorles,1,2
lexi,1,2
lmao,1,3
dadahup,1,3
terhomat,1,3
rangkai,1,2
bersimpati,1,3
kerabatku,1,2
diserbu,1,2
herex,1,2
sarpras,1,3
survival,1,2
mayra,1,2
icha,1,2
simomulyo,1,3
sukomanunggal,1,3
dirgahayu,1,3
nelusuri,1,2
lx,1,2
ruptl,1,2
yogas,1,2
yuta,1,2
rosyid,1,2
dapit,1,2
businya,1,2
nindya,1,3
isine,1,2
monting2,1,3
angele,1,2
penciptanya,1,2
disangaka,1,3
jaringanny,1,2
fault,1,2
bekakasnya,1,3
vanue,1,2
tunjuk2in,1,3
tugus,1,2
sehing,1,2
isi100rb,1,3
spreinya,1,2
dialektik,1,2
selu,1,2
humanisnya,1,2
risi,1,2
menggunakana,1,2
pasahal,1,2
170an,1,2
mampoes,1,3
teroes,1,3
lampoe,1,2
laboehan,1,3
batoe,1,2
ngenthoed,1,4
nirawak,1,2
menggempur,1,2
fida,1,2
agota,1,2
subordinates,1,4
slowly,1,2
pelajan,1,2
mendapatkankan,1,2
sarano,1,2
timbangane,1,2
ewu,1,2
mengevakuasi,1,2
spjp,1,3
gws,1,2
pergantungan,1,3
piprim,1,2
hayate,1,2
gabusan,1,2
shaffa,1,2
tornado,1,3
100km,1,2
serbuan,1,2
appliances,1,3
ac220,1,2
jelek2,1,2
penyearah,1,2
chidori,1,3
pamer2in,1,3
bebalik,1,2
aukey,1,2
ravpower,1,2
pehami,1,3
tolofuo,1,4
kosala,1,2
jezzy,1,3
cipaku,1,2
gubug,1,2
taneman,1,2
mijet,1,2
diadu,1,2
jurnalpatrolinews,1,4
katain,1,2
russell,1,3
wologito,1,3
kembangarum,1,2
plosoklaten,1,4
anjret2,1,3
nyalakn,1,2
dugi,1,2
socket2,1,3
coupe,1,2
kartuku,1,2
diiket,1,2
ditilpun,1,3
tumbenan,1,3
sebotol,1,2
waterpump,1,3
rapiin,1,2
rsjpd,1,3
ardian,1,2
47jt,1,2
gentos,1,2
crankshaft,1,4
pulley,1,2
sobih,1,2
glugur,1,3
dilaut,1,2
anh,1,2
lancur,1,2
cooling,1,2
selang2,1,2
ect,1,2
qualifications,1,3
stefanus,1,2
jebolnya,1,2
tinanding,1,3
construction,1,2
esktra,1,3
pcku,1,2
diterangi,1,2
kamari,1,2
setabilan,1,3
ketransparan,1,4
diamna,1,2
ngupil,1,3
membobok,1,3
haryana,1,2
sisitifi,1,3
bagoyang,1,2
riplainya,1,3
mesam,1,2
mesem,1,2
rayanhananta,1,4
aanjing,1,3
segedung,1,2
puki,1,2
opo2,1,3
ngagugulung,1,4
pusingnya,1,2
favoritmu,1,2
solihun,1,3
nafkahin,1,2
ngebengkel,1,3
jagain,1,2
krs,1,2
commissioning,1,3
mengharumkan,1,2
anjeer,1,2
balapannya,1,2
kudangan,1,2
sutm,1,2
rpkd,1,3
groundbreaking,1,3
kms,1,2
ngelipetin,1,3
crafting,1,3
masakannya,1,2
learner,1,3
ngeline,1,2
jepangnya,1,2
bongsor,1,2
v8,1,2
porsinya,1,2
mensubsidi,1,2
cynthia,1,4
berbahayanya,1,2
elvira,1,3
geothermal,1,3
pendar,1,2
andra,1,2
alir,1,2
widuri,1,2
indomandiri,1,2
zulva,1,2
groundingnya,1,2
kesamber,1,3
garibaldi,1,3
emals,1,2
electromagnetic,1,4
kontraktual,1,2
sf6,1,2
pmt,1,2
gandul,1,2
milestone,1,3
sportivitas,1,3
berkeselamatan,1,3
benahinnya,1,3
magneto,1,2
dynamo,1,2
60an,1,2
energikan,1,2
aprilia,1,2
ngiler,1,2
pesanggrahan,1,3
allahuu,1,2
amanin,1,2
minatku,1,2
enjoynya,1,2
silahkankan,1,2
inez,1,2
picanto,1,2
tuker2an,1,4
volumenya,1,2
niaa,1,2
kecampur,1,2
selip,1,2
fastra,1,2
keyless,1,2
delighting,1,3
kitu,1,2
suroso,1,2
isnandar,1,3
2500w,1,2
rp89,1,2
sbt,1,2
headway,1,2
tabligh,1,2
hst,1,2
latif,1,2
obvitnas,1,4
patijaya,1,2
pohonbatu,1,2
mautapaga,1,3
dipensiunkan,1,3
pompanya,1,2
romi,1,2
penyintas,1,3
ahy,1,2
salama,1,2
helmi,1,2
kecelak4an,1,4
terseng4t,1,4
terstandar,1,3
noiderafi,1,3
geotermal,1,3
130j,1,2
diterbangkan,1,2
malikussaleh,1,4
glagah,1,2
jatirunggo,1,3
symptom,1,3
novan,1,2
yordan,1,3
baleno,1,2
terbendung,1,2
dikebut,1,2
terpilihnya,1,2
lompa,1,2
dinarasikan,1,2
diterapin,1,3
devan,1,2
tonase,1,2
kerendam,1,2
priceless,1,2
jepun,1,2
pemulihannya,1,2
barusari,1,2
binmas,1,2
bunyii,1,2
sirene,1,2
battre,1,2
heroik,1,2
ody,1,2
menghubungkannya,1,2
batukowix,1,3
mawaddah,1,3
hmu,1,2
perdanakusuma,1,3
fatihah,1,2
dimobilisasi,1,3
helicopter,1,4
sandar,1,2
